Workbook
Name _dbKpName: OFFSET(ダッシュボード!$W$3,0,0,MAX(1,COUNT(ダッシュボード!$X$3:$X$62)),1)
Name _dbKpVal: OFFSET(ダッシュボード!$X$3,0,0,MAX(1,COUNT(ダッシュボード!$X$3:$X$62)),1)
Name _dbMixLbl: OFFSET(ダッシュボード!$AZ$3,0,0,MAX(1,COUNT(ダッシュボード!$AX$3:$AX$5)),1)
Name _dbMixVal: OFFSET(ダッシュボード!$AX$3,0,0,MAX(1,COUNT(ダッシュボード!$AX$3:$AX$5)),1)
Name _dbPkName: OFFSET(ダッシュボード!$U$3,0,0,MAX(1,COUNT(ダッシュボード!$V$3:$V$62)),1)
Name _dbPkVal: OFFSET(ダッシュボード!$V$3,0,0,MAX(1,COUNT(ダッシュボード!$V$3:$V$62)),1)
Name _dbS1x: OFFSET(ダッシュボード!$AF$3,0,0,MAX(1,COUNT(ダッシュボード!$AF$3:$AF$62)),1)
Name _dbS1y: OFFSET(ダッシュボード!$AG$3,0,0,MAX(1,COUNT(ダッシュボード!$AF$3:$AF$62)),1)
Name _dbS2x: OFFSET(ダッシュボード!$AK$3,0,0,MAX(1,COUNT(ダッシュボード!$AK$3:$AK$62)),1)
Name _dbS2y: OFFSET(ダッシュボード!$AL$3,0,0,MAX(1,COUNT(ダッシュボード!$AK$3:$AK$62)),1)
Name _dbTopName: OFFSET(ダッシュボード!$AS$3,0,0,MAX(1,COUNT(ダッシュボード!$AU$3:$AU$14)),1)
Name _dbTopPure: OFFSET(ダッシュボード!$AU$3,0,0,MAX(1,COUNT(ダッシュボード!$AU$3:$AU$14)),1)
Name _dbTopRaw: OFFSET(ダッシュボード!$AT$3,0,0,MAX(1,COUNT(ダッシュボード!$AU$3:$AU$14)),1)
Name _dyLabel: OFFSET(日次!$C$8,0,0,MAX(1,COUNT(日次!$P$8:$P$28)),1)
Name _dyPackEff: OFFSET(日次!$K$8,0,0,MAX(1,COUNT(日次!$P$8:$P$28)),1)
Name _dyPickEff: OFFSET(日次!$G$8,0,0,MAX(1,COUNT(日次!$P$8:$P$28)),1)
Name _s1x: OFFSET(散布図!$AE$8,0,0,MAX(1,COUNT(散布図!$AE$8:$AE$67)),1)
Name _s1y: OFFSET(散布図!$AF$8,0,0,MAX(1,COUNT(散布図!$AE$8:$AE$67)),1)
Name _s2x: OFFSET(散布図!$AI$8,0,0,MAX(1,COUNT(散布図!$AI$8:$AI$67)),1)
Name _s2y: OFFSET(散布図!$AJ$8,0,0,MAX(1,COUNT(散布図!$AI$8:$AI$67)),1)
Name _s3x: OFFSET(散布図!$AM$8,0,0,MAX(1,COUNT(散布図!$AM$8:$AM$67)),1)
Name _s3y: OFFSET(散布図!$AN$8,0,0,MAX(1,COUNT(散布図!$AM$8:$AM$67)),1)
Name _s4x: OFFSET(散布図!$AQ$8,0,0,MAX(1,COUNT(散布図!$AQ$8:$AQ$67)),1)
Name _s4y: OFFSET(散布図!$AR$8,0,0,MAX(1,COUNT(散布図!$AQ$8:$AQ$67)),1)
Name _s5x: OFFSET(散布図!$BE$8,0,0,MAX(1,COUNT(散布図!$BE$8:$BE$67)),1)
Name _s5y: OFFSET(散布図!$BF$8,0,0,MAX(1,COUNT(散布図!$BE$8:$BE$67)),1)
Name _s6x: OFFSET(散布図!$BJ$8,0,0,MAX(1,COUNT(散布図!$BJ$8:$BJ$67)),1)
Name _s6y: OFFSET(散布図!$BK$8,0,0,MAX(1,COUNT(散布図!$BJ$8:$BJ$67)),1)
Name _s6z: OFFSET(散布図!$BL$8,0,0,MAX(1,COUNT(散布図!$BJ$8:$BJ$67)),1)

Sheet ダッシュボード
T1: ▼ グラフ用データ 消したり非表示にしたりしないでください
B2: 2026年4月 庫内作業レビュー | G2: 2026/04/01 – 2026/04/30 21日 | T2: 順位 | U2: PK 氏名 | V2: PK 効率 | W2: 梱包 氏名 | X2: 梱包 効率 | Z2: PK 社/件 | AA2: PK 素の秒/件 | AB2: PK 純速度 | AD2: 対フラグ | AE2: 対番号 | AF2: ① x | AG2: ① y | AI2: 対フラグ | AJ2: 対番号 | AK2: ② x | AL2: ② y | AN2: 件数キー | AO2: 上位12 氏名 | AP2: 上位12 素の秒/件 | AQ2: 上位12 純速度 | AR2: 純速度キー | AS2: 表示 氏名 | AT2: 表示 素の秒/件 | AU2: 表示 純速度 | AW2: 内訳 ラベル | AX2: 時間 | AY2: 割合 | AZ2: 凡例テキスト
B3: オペレーション概要 ピッキングと梱包を、段取り時間を切り分けて評価しています。 | G3: 対象 29名・45,716件・完全記録 21日分 | T3: 1 | U3: =IFERROR(INDEX(ピッキング!$B$7:$B$66,MATCH($T3,ピッキング!$A$7:$A$66,0)),"") -> 本吉有美子 | V3: =IFERROR(INDEX(ピッキング!$L$7:$L$66,MATCH($T3,ピッキング!$A$7:$A$66,0)),"") -> 127.28975 | W3: =IFERROR(INDEX(梱包!$B$7:$B$66,MATCH($T3,梱包!$A$7:$A$66,0)),"") -> 佐々木千恵 | X3: =IFERROR(INDEX(梱包!$L$7:$L$66,MATCH($T3,梱包!$A$7:$A$66,0)),"") -> 160.1084 | Z3: =IF(OR(ピッキング!$E$7="",ピッキング!$C$7=""),"",ピッキング!$E$7/ピッキング!$C$7) -> 0.42022008 | AA3: =IF(ピッキング!$G$7="","",ピッキング!$G$7) -> 83.686382 | AB3: =IF(ピッキング!$P$7="","",ピッキング!$P$7) -> 44.984113 | AD3: =IF(AND(ISNUMBER(Z3),ISNUMBER(AA3)),1,0) -> 1 | AE3: =IF(AD3=1,SUM($AD$3:AD3),"") -> 1 | AF3: =IFERROR(INDEX($Z$3:$Z$62,MATCH(T3,$AE$3:$AE$62,0)),"") -> 0.42022008 | AG3: =IFERROR(INDEX($AA$3:$AA$62,MATCH(T3,$AE$3:$AE$62,0)),"") -> 83.686382 | AI3: =IF(AND(ISNUMBER(Z3),ISNUMBER(AB3)),1,0) -> 1 | AJ3: =IF(AI3=1,SUM($AI$3:AI3),"") -> 1 | AK3: =IFERROR(INDEX($Z$3:$Z$62,MATCH(T3,$AJ$3:$AJ$62,0)),"") -> 0.42022008 | AL3: =IFERROR(INDEX($AB$3:$AB$62,MATCH(T3,$AJ$3:$AJ$62,0)),"") -> 44.984113 | AN3: =IF(ピッキング!$C$7="","",ピッキング!$C$7+ROW()/100000) -> 1454 | AO3: =IFERROR(INDEX(ピッキング!$B$7:$B$66,MATCH(LARGE($AN$3:$AN$62,ROW()-2),$AN$3:$AN$62,0)),"") -> 山本祥吉 | AP3: =IFERROR(INDEX(ピッキング!$G$7:$G$66,MATCH(LARGE($AN$3:$AN$62,ROW()-2),$AN$3:$AN$62,0)),"") -> 101.14608 | AQ3: =IFERROR(INDEX(ピッキング!$P$7:$P$66,MATCH(LARGE($AN$3:$AN$62,ROW()-2),$AN$3:$AN$62,0)),"") -> 69.306905 | AR3: =IF(AQ3="","",AQ3+ROW()/100000) -> 69.306935 | AS3: =IFERROR(INDEX($AO$3:$AO$14,MATCH(LARGE($AR$3:$AR$14,ROW()-2),$AR$3:$AR$14,0)),"") -> 上村和恵 | AT3: =IFERROR(INDEX($AP$3:$AP$14,MATCH(LARGE($AR$3:$AR$14,ROW()-2),$AR$3:$AR$14,0)),"") -> 143.79496 | AU3: =IFERROR(INDEX($AQ$3:$AQ$14,MATCH(LARGE($AR$3:$AR$14,ROW()-2),$AR$3:$AR$14,0)),"") -> 105.28192 | AW3: 段取り | AX3: 233.2 | AY3: =IFERROR(AX3/SUM($AX$3:$AX$5),"") -> 0.34324404 | AZ3: =AW3&" "&ROUND(AX3,1)&"h・"&ROUND(AY3*100,1)&"%" -> 段取り 233.2h・34.3%
B4: 件数だけで並べると、1社1個のリストを多く引いた人ほど不利に出ます。 | T4: 2 | U4: =IFERROR(INDEX(ピッキング!$B$7:$B$66,MATCH($T4,ピッキング!$A$7:$A$66,0)),"") -> 澤田凌 | V4: =IFERROR(INDEX(ピッキング!$L$7:$L$66,MATCH($T4,ピッキング!$A$7:$A$66,0)),"") -> 124.86053 | W4: =IFERROR(INDEX(梱包!$B$7:$B$66,MATCH($T4,梱包!$A$7:$A$66,0)),"") -> 本吉有美子 | X4: =IFERROR(INDEX(梱包!$L$7:$L$66,MATCH($T4,梱包!$A$7:$A$66,0)),"") -> 146.61995 | Z4: =IF(OR(ピッキング!$E$8="",ピッキング!$C$8=""),"",ピッキング!$E$8/ピッキング!$C$8) -> 0.60126582 | AA4: =IF(ピッキング!$G$8="","",ピッキング!$G$8) -> 94.556962 | AB4: =IF(ピッキング!$P$8="","",ピッキング!$P$8) -> 39.18038 | AD4: =IF(AND(ISNUMBER(Z4),ISNUMBER(AA4)),1,0) -> 1 | AE4: =IF(AD4=1,SUM($AD$3:AD4),"") -> 2 | AF4: =IFERROR(INDEX($Z$3:$Z$62,MATCH(T4,$AE$3:$AE$62,0)),"") -> 0.60126582 | AG4: =IFERROR(INDEX($AA$3:$AA$62,MATCH(T4,$AE$3:$AE$62,0)),"") -> 94.556962 | AI4: =IF(AND(ISNUMBER(Z4),ISNUMBER(AB4)),1,0) -> 1 | AJ4: =IF(AI4=1,SUM($AI$3:AI4),"") -> 2 | AK4: =IFERROR(INDEX($Z$3:$Z$62,MATCH(T4,$AJ$3:$AJ$62,0)),"") -> 0.60126582 | AL4: =IFERROR(INDEX($AB$3:$AB$62,MATCH(T4,$AJ$3:$AJ$62,0)),"") -> 39.18038 | AN4: =IF(ピッキング!$C$8="","",ピッキング!$C$8+ROW()/100000) -> 790.00004 | AO4: =IFERROR(INDEX(ピッキング!$B$7:$B$66,MATCH(LARGE($AN$3:$AN$62,ROW()-2),$AN$3:$AN$62,0)),"") -> 後藤克行 | AP4: =IFERROR(INDEX(ピッキング!$G$7:$G$66,MATCH(LARGE($AN$3:$AN$62,ROW()-2),$AN$3:$AN$62,0)),"") -> 107.17489 | AQ4: =IFERROR(INDEX(ピッキング!$P$7:$P$66,MATCH(LARGE($AN$3:$AN$62,ROW()-2),$AN$3:$AN$62,0)),"") -> 63.166966 | AR4: =IF(AQ4="","",AQ4+ROW()/100000) -> 63.167006 | AS4: =IFERROR(INDEX($AO$3:$AO$14,MATCH(LARGE($AR$3:$AR$14,ROW()-2),$AR$3:$AR$14,0)),"") -> 秋草文恵 | AT4: =IFERROR(INDEX($AP$3:$AP$14,MATCH(LARGE($AR$3:$AR$14,ROW()-2),$AR$3:$AR$14,0)),"") -> 146.43357 | AU4: =IFERROR(INDEX($AQ$3:$AQ$14,MATCH(LARGE($AR$3:$AR$14,ROW()-2),$AR$3:$AR$14,0)),"") -> 104.46259 | AW4: 移動 | AX4: 223.1 | AY4: =IFERROR(AX4/SUM($AX$3:$AX$5),"") -> 0.32837798 | AZ4: =AW4&" "&ROUND(AX4,1)&"h・"&ROUND(AY4*100,1)&"%" -> 移動 223.1h・32.8%
T5: 3 | U5: =IFERROR(INDEX(ピッキング!$B$7:$B$66,MATCH($T5,ピッキング!$A$7:$A$66,0)),"") -> 大江美記子 | V5: =IFERROR(INDEX(ピッキング!$L$7:$L$66,MATCH($T5,ピッキング!$A$7:$A$66,0)),"") -> 120.9542 | W5: =IFERROR(INDEX(梱包!$B$7:$B$66,MATCH($T5,梱包!$A$7:$A$66,0)),"") -> 北田倫子 | X5: =IFERROR(INDEX(梱包!$L$7:$L$66,MATCH($T5,梱包!$A$7:$A$66,0)),"") -> 133.19601 | Z5: =IF(OR(ピッキング!$E$9="",ピッキング!$C$9=""),"",ピッキング!$E$9/ピッキング!$C$9) -> 0.490316 | AA5: =IF(ピッキング!$G$9="","",ピッキング!$G$9) -> 93.883792 | AB5: =IF(ピッキング!$P$9="","",ピッキング!$P$9) -> 48.725688 | AD5: =IF(AND(ISNUMBER(Z5),ISNUMBER(AA5)),1,0) -> 1 | AE5: =IF(AD5=1,SUM($AD$3:AD5),"") -> 3 | AF5: =IFERROR(INDEX($Z$3:$Z$62,MATCH(T5,$AE$3:$AE$62,0)),"") -> 0.490316 | AG5: =IFERROR(INDEX($AA$3:$AA$62,MATCH(T5,$AE$3:$AE$62,0)),"") -> 93.883792 | AI5: =IF(AND(ISNUMBER(Z5),ISNUMBER(AB5)),1,0) -> 1 | AJ5: =IF(AI5=1,SUM($AI$3:AI5),"") -> 3 | AK5: =IFERROR(INDEX($Z$3:$Z$62,MATCH(T5,$AJ$3:$AJ$62,0)),"") -> 0.490316 | AL5: =IFERROR(INDEX($AB$3:$AB$62,MATCH(T5,$AJ$3:$AJ$62,0)),"") -> 48.725688 | AN5: =IF(ピッキング!$C$9="","",ピッキング!$C$9+ROW()/100000) -> 981.00005 | AO5: =IFERROR(INDEX(ピッキング!$B$7:$B$66,MATCH(LARGE($AN$3:$AN$62,ROW()-2),$AN$3:$AN$62,0)),"") -> 本吉有美子 | AP5: =IFERROR(INDEX(ピッキング!$G$7:$G$66,MATCH(LARGE($AN$3:$AN$62,ROW()-2),$AN$3:$AN$62,0)),"") -> 83.686382 | AQ5: =IFERROR(INDEX(ピッキング!$P$7:$P$66,MATCH(LARGE($AN$3:$AN$62,ROW()-2),$AN$3:$AN$62,0)),"") -> 44.984113 | AR5: =IF(AQ5="","",AQ5+ROW()/100000) -> 44.984163 | AS5: =IFERROR(INDEX($AO$3:$AO$14,MATCH(LARGE($AR$3:$AR$14,ROW()-2),$AR$3:$AR$14,0)),"") -> 高橋正美 | AT5: =IFERROR(INDEX($AP$3:$AP$14,MATCH(LARGE($AR$3:$AR$14,ROW()-2),$AR$3:$AR$14,0)),"") -> 138.16514 | AU5: =IFERROR(INDEX($AQ$3:$AQ$14,MATCH(LARGE($AR$3:$AR$14,ROW()-2),$AR$3:$AR$14,0)),"") -> 102.0011 | AW5: ピック | AX5: 223.1 | AY5: =IFERROR(AX5/SUM($AX$3:$AX$5),"") -> 0.32837798 | AZ5: =AW5&" "&ROUND(AX5,1)&"h・"&ROUND(AY5*100,1)&"%" -> ピック 223.1h・32.8%
B6: ① 実績を入力 | C6: ② ピッキング評価 | D6: ③ 梱包評価 | E6: ④ 日次データ | F6: ⑤ 散布図 | G6: ⑥ 配置マップ | H6: ⑦ 要員予測 | I6: ⚙ 係数の設定 | J6: ？ 使い方 | K6: ⑧ 印刷用（A4・1枚） | T6: 4 | U6: =IFERROR(INDEX(ピッキング!$B$7:$B$66,MATCH($T6,ピッキング!$A$7:$A$66,0)),"") -> 佐藤辰成 | V6: =IFERROR(INDEX(ピッキング!$L$7:$L$66,MATCH($T6,ピッキング!$A$7:$A$66,0)),"") -> 120.11755 | W6: =IFERROR(INDEX(梱包!$B$7:$B$66,MATCH($T6,梱包!$A$7:$A$66,0)),"") -> 大江美記子 | X6: =IFERROR(INDEX(梱包!$L$7:$L$66,MATCH($T6,梱包!$A$7:$A$66,0)),"") -> 131.00105 | Z6: =IF(OR(ピッキング!$E$10="",ピッキング!$C$10=""),"",ピッキング!$E$10/ピッキング!$C$10) -> 0.22188906 | AA6: =IF(ピッキング!$G$10="","",ピッキング!$G$10) -> 72.863568 | AB6: =IF(ピッキング!$P$10="","",ピッキング!$P$10) -> 52.427586 | AD6: =IF(AND(ISNUMBER(Z6),ISNUMBER(AA6)),1,0) -> 1 | AE6: =IF(AD6=1,SUM($AD$3:AD6),"") -> 4 | AF6: =IFERROR(INDEX($Z$3:$Z$62,MATCH(T6,$AE$3:$AE$62,0)),"") -> 0.22188906 | AG6: =IFERROR(INDEX($AA$3:$AA$62,MATCH(T6,$AE$3:$AE$62,0)),"") -> 72.863568 | AI6: =IF(AND(ISNUMBER(Z6),ISNUMBER(AB6)),1,0) -> 1 | AJ6: =IF(AI6=1,SUM($AI$3:AI6),"") -> 4 | AK6: =IFERROR(INDEX($Z$3:$Z$62,MATCH(T6,$AJ$3:$AJ$62,0)),"") -> 0.22188906 | AL6: =IFERROR(INDEX($AB$3:$AB$62,MATCH(T6,$AJ$3:$AJ$62,0)),"") -> 52.427586 | AN6: =IF(ピッキング!$C$10="","",ピッキング!$C$10+ROW()/100000) -> 667.00006 | AO6: =IFERROR(INDEX(ピッキング!$B$7:$B$66,MATCH(LARGE($AN$3:$AN$62,ROW()-2),$AN$3:$AN$62,0)),"") -> 中納沙織 | AP6: =IFERROR(INDEX(ピッキング!$G$7:$G$66,MATCH(LARGE($AN$3:$AN$62,ROW()-2),$AN$3:$AN$62,0)),"") -> 118.3727 | AQ6: =IFERROR(INDEX(ピッキング!$P$7:$P$66,MATCH(LARGE($AN$3:$AN$62,ROW()-2),$AN$3:$AN$62,0)),"") -> 73.571654 | AR6: =IF(AQ6="","",AQ6+ROW()/100000) -> 73.571714 | AS6: =IFERROR(INDEX($AO$3:$AO$14,MATCH(LARGE($AR$3:$AR$14,ROW()-2),$AR$3:$AR$14,0)),"") -> 向井ひかり | AT6: =IFERROR(INDEX($AP$3:$AP$14,MATCH(LARGE($AR$3:$AR$14,ROW()-2),$AR$3:$AR$14,0)),"") -> 129.97691 | AU6: =IFERROR(INDEX($AQ$3:$AQ$14,MATCH(LARGE($AR$3:$AR$14,ROW()-2),$AR$3:$AR$14,0)),"") -> 88.606351
T7: 5 | U7: =IFERROR(INDEX(ピッキング!$B$7:$B$66,MATCH($T7,ピッキング!$A$7:$A$66,0)),"") -> 春谷智子 | V7: =IFERROR(INDEX(ピッキング!$L$7:$L$66,MATCH($T7,ピッキング!$A$7:$A$66,0)),"") -> 111.86291 | W7: =IFERROR(INDEX(梱包!$B$7:$B$66,MATCH($T7,梱包!$A$7:$A$66,0)),"") -> 佐藤辰成 | X7: =IFERROR(INDEX(梱包!$L$7:$L$66,MATCH($T7,梱包!$A$7:$A$66,0)),"") -> 128.07757 | Z7: =IF(OR(ピッキング!$E$11="",ピッキング!$C$11=""),"",ピッキング!$E$11/ピッキング!$C$11) -> 0.59836066 | AA7: =IF(ピッキング!$G$11="","",ピッキング!$G$11) -> 103.27869 | AB7: =IF(ピッキング!$P$11="","",ピッキング!$P$11) -> 48.169672 | AD7: =IF(AND(ISNUMBER(Z7),ISNUMBER(AA7)),1,0) -> 1 | AE7: =IF(AD7=1,SUM($AD$3:AD7),"") -> 5 | AF7: =IFERROR(INDEX($Z$3:$Z$62,MATCH(T7,$AE$3:$AE$62,0)),"") -> 0.59836066 | AG7: =IFERROR(INDEX($AA$3:$AA$62,MATCH(T7,$AE$3:$AE$62,0)),"") -> 103.27869 | AI7: =IF(AND(ISNUMBER(Z7),ISNUMBER(AB7)),1,0) -> 1 | AJ7: =IF(AI7=1,SUM($AI$3:AI7),"") -> 5 | AK7: =IFERROR(INDEX($Z$3:$Z$62,MATCH(T7,$AJ$3:$AJ$62,0)),"") -> 0.59836066 | AL7: =IFERROR(INDEX($AB$3:$AB$62,MATCH(T7,$AJ$3:$AJ$62,0)),"") -> 48.169672 | AN7: =IF(ピッキング!$C$11="","",ピッキング!$C$11+ROW()/100000) -> 122.00007 | AO7: =IFERROR(INDEX(ピッキング!$B$7:$B$66,MATCH(LARGE($AN$3:$AN$62,ROW()-2),$AN$3:$AN$62,0)),"") -> 上村和恵 | AP7: =IFERROR(INDEX(ピッキング!$G$7:$G$66,MATCH(LARGE($AN$3:$AN$62,ROW()-2),$AN$3:$AN$62,0)),"") -> 143.79496 | AQ7: =IFERROR(INDEX(ピッキング!$P$7:$P$66,MATCH(LARGE($AN$3:$AN$62,ROW()-2),$AN$3:$AN$62,0)),"") -> 105.28192 | AR7: =IF(AQ7="","",AQ7+ROW()/100000) -> 105.28199 | AS7: =IFERROR(INDEX($AO$3:$AO$14,MATCH(LARGE($AR$3:$AR$14,ROW()-2),$AR$3:$AR$14,0)),"") -> 石戸谷亜子 | AT7: =IFERROR(INDEX($AP$3:$AP$14,MATCH(LARGE($AR$3:$AR$14,ROW()-2),$AR$3:$AR$14,0)),"") -> 105.67376 | AU7: =IFERROR(INDEX($AQ$3:$AQ$14,MATCH(LARGE($AR$3:$AR$14,ROW()-2),$AR$3:$AR$14,0)),"") -> 74.973759
B8: ● 1社ごとの段取りが 233.2 時間。ピッキング総時間の 34.3% を占めています。 | T8: 6 | U8: =IFERROR(INDEX(ピッキング!$B$7:$B$66,MATCH($T8,ピッキング!$A$7:$A$66,0)),"") -> 後藤克行 | V8: =IFERROR(INDEX(ピッキング!$L$7:$L$66,MATCH($T8,ピッキング!$A$7:$A$66,0)),"") -> 109.49438 | W8: =IFERROR(INDEX(梱包!$B$7:$B$66,MATCH($T8,梱包!$A$7:$A$66,0)),"") -> 飯田由加里 | X8: =IFERROR(INDEX(梱包!$L$7:$L$66,MATCH($T8,梱包!$A$7:$A$66,0)),"") -> 126.75846 | Z8: =IF(OR(ピッキング!$E$12="",ピッキング!$C$12=""),"",ピッキング!$E$12/ピッキング!$C$12) -> 0.4778276 | AA8: =IF(ピッキング!$G$12="","",ピッキング!$G$12) -> 107.17489 | AB8: =IF(ピッキング!$P$12="","",ピッキング!$P$12) -> 63.166966 | AD8: =IF(AND(ISNUMBER(Z8),ISNUMBER(AA8)),1,0) -> 1 | AE8: =IF(AD8=1,SUM($AD$3:AD8),"") -> 6 | AF8: =IFERROR(INDEX($Z$3:$Z$62,MATCH(T8,$AE$3:$AE$62,0)),"") -> 0.4778276 | AG8: =IFERROR(INDEX($AA$3:$AA$62,MATCH(T8,$AE$3:$AE$62,0)),"") -> 107.17489 | AI8: =IF(AND(ISNUMBER(Z8),ISNUMBER(AB8)),1,0) -> 1 | AJ8: =IF(AI8=1,SUM($AI$3:AI8),"") -> 6 | AK8: =IFERROR(INDEX($Z$3:$Z$62,MATCH(T8,$AJ$3:$AJ$62,0)),"") -> 0.4778276 | AL8: =IFERROR(INDEX($AB$3:$AB$62,MATCH(T8,$AJ$3:$AJ$62,0)),"") -> 63.166966 | AN8: =IF(ピッキング!$C$12="","",ピッキング!$C$12+ROW()/100000) -> 2007.0001 | AO8: =IFERROR(INDEX(ピッキング!$B$7:$B$66,MATCH(LARGE($AN$3:$AN$62,ROW()-2),$AN$3:$AN$62,0)),"") -> 高橋正美 | AP8: =IFERROR(INDEX(ピッキング!$G$7:$G$66,MATCH(LARGE($AN$3:$AN$62,ROW()-2),$AN$3:$AN$62,0)),"") -> 138.16514 | AQ8: =IFERROR(INDEX(ピッキング!$P$7:$P$66,MATCH(LARGE($AN$3:$AN$62,ROW()-2),$AN$3:$AN$62,0)),"") -> 102.0011 | AR8: =IF(AQ8="","",AQ8+ROW()/100000) -> 102.00118 | AS8: =IFERROR(INDEX($AO$3:$AO$14,MATCH(LARGE($AR$3:$AR$14,ROW()-2),$AR$3:$AR$14,0)),"") -> 中納沙織 | AT8: =IFERROR(INDEX($AP$3:$AP$14,MATCH(LARGE($AR$3:$AR$14,ROW()-2),$AR$3:$AR$14,0)),"") -> 118.3727 | AU8: =IFERROR(INDEX($AQ$3:$AQ$14,MATCH(LARGE($AR$3:$AR$14,ROW()-2),$AR$3:$AR$14,0)),"") -> 73.571654
T9: 7 | U9: =IFERROR(INDEX(ピッキング!$B$7:$B$66,MATCH($T9,ピッキング!$A$7:$A$66,0)),"") -> 中村美佳 | V9: =IFERROR(INDEX(ピッキング!$L$7:$L$66,MATCH($T9,ピッキング!$A$7:$A$66,0)),"") -> 108.83317 | W9: =IFERROR(INDEX(梱包!$B$7:$B$66,MATCH($T9,梱包!$A$7:$A$66,0)),"") -> 晩田恵美 | X9: =IFERROR(INDEX(梱包!$L$7:$L$66,MATCH($T9,梱包!$A$7:$A$66,0)),"") -> 120.1695 | Z9: =IF(OR(ピッキング!$E$13="",ピッキング!$C$13=""),"",ピッキング!$E$13/ピッキング!$C$13) -> 0.37974684 | AA9: =IF(ピッキング!$G$13="","",ピッキング!$G$13) -> 91.139241 | AB9: =IF(ピッキング!$P$13="","",ピッキング!$P$13) -> 56.164557 | AD9: =IF(AND(ISNUMBER(Z9),ISNUMBER(AA9)),1,0) -> 1 | AE9: =IF(AD9=1,SUM($AD$3:AD9),"") -> 7 | AF9: =IFERROR(INDEX($Z$3:$Z$62,MATCH(T9,$AE$3:$AE$62,0)),"") -> 0.37974684 | AG9: =IFERROR(INDEX($AA$3:$AA$62,MATCH(T9,$AE$3:$AE$62,0)),"") -> 91.139241 | AI9: =IF(AND(ISNUMBER(Z9),ISNUMBER(AB9)),1,0) -> 1 | AJ9: =IF(AI9=1,SUM($AI$3:AI9),"") -> 7 | AK9: =IFERROR(INDEX($Z$3:$Z$62,MATCH(T9,$AJ$3:$AJ$62,0)),"") -> 0.37974684 | AL9: =IFERROR(INDEX($AB$3:$AB$62,MATCH(T9,$AJ$3:$AJ$62,0)),"") -> 56.164557 | AN9: =IF(ピッキング!$C$13="","",ピッキング!$C$13+ROW()/100000) -> 79.00009 | AO9: =IFERROR(INDEX(ピッキング!$B$7:$B$66,MATCH(LARGE($AN$3:$AN$62,ROW()-2),$AN$3:$AN$62,0)),"") -> 大江美記子 | AP9: =IFERROR(INDEX(ピッキング!$G$7:$G$66,MATCH(LARGE($AN$3:$AN$62,ROW()-2),$AN$3:$AN$62,0)),"") -> 93.883792 | AQ9: =IFERROR(INDEX(ピッキング!$P$7:$P$66,MATCH(LARGE($AN$3:$AN$62,ROW()-2),$AN$3:$AN$62,0)),"") -> 48.725688 | AR9: =IF(AQ9="","",AQ9+ROW()/100000) -> 48.725778 | AS9: =IFERROR(INDEX($AO$3:$AO$14,MATCH(LARGE($AR$3:$AR$14,ROW()-2),$AR$3:$AR$14,0)),"") -> 山本祥吉 | AT9: =IFERROR(INDEX($AP$3:$AP$14,MATCH(LARGE($AR$3:$AR$14,ROW()-2),$AR$3:$AR$14,0)),"") -> 101.14608 | AU9: =IFERROR(INDEX($AQ$3:$AQ$14,MATCH(LARGE($AR$3:$AR$14,ROW()-2),$AR$3:$AR$14,0)),"") -> 69.306905
B10: 総処理件数 | F10: 平均効率 | T10: 8 | U10: =IFERROR(INDEX(ピッキング!$B$7:$B$66,MATCH($T10,ピッキング!$A$7:$A$66,0)),"") -> 晩田恵美 | V10: =IFERROR(INDEX(ピッキング!$L$7:$L$66,MATCH($T10,ピッキング!$A$7:$A$66,0)),"") -> 106.78994 | W10: =IFERROR(INDEX(梱包!$B$7:$B$66,MATCH($T10,梱包!$A$7:$A$66,0)),"") -> 河野忠 | X10: =IFERROR(INDEX(梱包!$L$7:$L$66,MATCH($T10,梱包!$A$7:$A$66,0)),"") -> 114.99641 | Z10: =IF(OR(ピッキング!$E$14="",ピッキング!$C$14=""),"",ピッキング!$E$14/ピッキング!$C$14) -> 0.26339795 | AA10: =IF(ピッキング!$G$14="","",ピッキング!$G$14) -> 92.086659 | AB10: =IF(ピッキング!$P$14="","",ピッキング!$P$14) -> 67.827708 | AD10: =IF(AND(ISNUMBER(Z10),ISNUMBER(AA10)),1,0) -> 1 | AE10: =IF(AD10=1,SUM($AD$3:AD10),"") -> 8 | AF10: =IFERROR(INDEX($Z$3:$Z$62,MATCH(T10,$AE$3:$AE$62,0)),"") -> 0.26339795 | AG10: =IFERROR(INDEX($AA$3:$AA$62,MATCH(T10,$AE$3:$AE$62,0)),"") -> 92.086659 | AI10: =IF(AND(ISNUMBER(Z10),ISNUMBER(AB10)),1,0) -> 1 | AJ10: =IF(AI10=1,SUM($AI$3:AI10),"") -> 8 | AK10: =IFERROR(INDEX($Z$3:$Z$62,MATCH(T10,$AJ$3:$AJ$62,0)),"") -> 0.26339795 | AL10: =IFERROR(INDEX($AB$3:$AB$62,MATCH(T10,$AJ$3:$AJ$62,0)),"") -> 67.827708 | AN10: =IF(ピッキング!$C$14="","",ピッキング!$C$14+ROW()/100000) -> 877.0001 | AO10: =IFERROR(INDEX(ピッキング!$B$7:$B$66,MATCH(LARGE($AN$3:$AN$62,ROW()-2),$AN$3:$AN$62,0)),"") -> 高橋佐織 | AP10: =IFERROR(INDEX(ピッキング!$G$7:$G$66,MATCH(LARGE($AN$3:$AN$62,ROW()-2),$AN$3:$AN$62,0)),"") -> 107.43889 | AQ10: =IFERROR(INDEX(ピッキング!$P$7:$P$66,MATCH(LARGE($AN$3:$AN$62,ROW()-2),$AN$3:$AN$62,0)),"") -> 68.289054 | AR10: =IF(AQ10="","",AQ10+ROW()/100000) -> 68.289154 | AS10: =IFERROR(INDEX($AO$3:$AO$14,MATCH(LARGE($AR$3:$AR$14,ROW()-2),$AR$3:$AR$14,0)),"") -> 高橋佐織 | AT10: =IFERROR(INDEX($AP$3:$AP$14,MATCH(LARGE($AR$3:$AR$14,ROW()-2),$AR$3:$AR$14,0)),"") -> 107.43889 | AU10: =IFERROR(INDEX($AQ$3:$AQ$14,MATCH(LARGE($AR$3:$AR$14,ROW()-2),$AR$3:$AR$14,0)),"") -> 68.289054
B11: =ピッキング!$T$10+梱包!$T$10 -> 45716 | F11: =IFERROR((ピッキング!$T$14+梱包!$T$14)/(ピッキング!$T$12+梱包!$T$12)*100,"") -> 99.981977 | T11: 9 | U11: =IFERROR(INDEX(ピッキング!$B$7:$B$66,MATCH($T11,ピッキング!$A$7:$A$66,0)),"") -> 高橋佐織 | V11: =IFERROR(INDEX(ピッキング!$L$7:$L$66,MATCH($T11,ピッキング!$A$7:$A$66,0)),"") -> 105.7972 | W11: =IFERROR(INDEX(梱包!$B$7:$B$66,MATCH($T11,梱包!$A$7:$A$66,0)),"") -> 森本久美 | X11: =IFERROR(INDEX(梱包!$L$7:$L$66,MATCH($T11,梱包!$A$7:$A$66,0)),"") -> 102.18959 | Z11: =IF(OR(ピッキング!$E$15="",ピッキング!$C$15=""),"",ピッキング!$E$15/ピッキング!$C$15) -> 0.4250797 | AA11: =IF(ピッキング!$G$15="","",ピッキング!$G$15) -> 107.43889 | AB11: =IF(ピッキング!$P$15="","",ピッキング!$P$15) -> 68.289054 | AD11: =IF(AND(ISNUMBER(Z11),ISNUMBER(AA11)),1,0) -> 1 | AE11: =IF(AD11=1,SUM($AD$3:AD11),"") -> 9 | AF11: =IFERROR(INDEX($Z$3:$Z$62,MATCH(T11,$AE$3:$AE$62,0)),"") -> 0.4250797 | AG11: =IFERROR(INDEX($AA$3:$AA$62,MATCH(T11,$AE$3:$AE$62,0)),"") -> 107.43889 | AI11: =IF(AND(ISNUMBER(Z11),ISNUMBER(AB11)),1,0) -> 1 | AJ11: =IF(AI11=1,SUM($AI$3:AI11),"") -> 9 | AK11: =IFERROR(INDEX($Z$3:$Z$62,MATCH(T11,$AJ$3:$AJ$62,0)),"") -> 0.4250797 | AL11: =IFERROR(INDEX($AB$3:$AB$62,MATCH(T11,$AJ$3:$AJ$62,0)),"") -> 68.289054 | AN11: =IF(ピッキング!$C$15="","",ピッキング!$C$15+ROW()/100000) -> 941.00011 | AO11: =IFERROR(INDEX(ピッキング!$B$7:$B$66,MATCH(LARGE($AN$3:$AN$62,ROW()-2),$AN$3:$AN$62,0)),"") -> 晩田恵美 | AP11: =IFERROR(INDEX(ピッキング!$G$7:$G$66,MATCH(LARGE($AN$3:$AN$62,ROW()-2),$AN$3:$AN$62,0)),"") -> 92.086659 | AQ11: =IFERROR(INDEX(ピッキング!$P$7:$P$66,MATCH(LARGE($AN$3:$AN$62,ROW()-2),$AN$3:$AN$62,0)),"") -> 67.827708 | AR11: =IF(AQ11="","",AQ11+ROW()/100000) -> 67.827818 | AS11: =IFERROR(INDEX($AO$3:$AO$14,MATCH(LARGE($AR$3:$AR$14,ROW()-2),$AR$3:$AR$14,0)),"") -> 晩田恵美 | AT11: =IFERROR(INDEX($AP$3:$AP$14,MATCH(LARGE($AR$3:$AR$14,ROW()-2),$AR$3:$AR$14,0)),"") -> 92.086659 | AU11: =IFERROR(INDEX($AQ$3:$AQ$14,MATCH(LARGE($AR$3:$AR$14,ROW()-2),$AR$3:$AR$14,0)),"") -> 67.827708
B12: 0.294 | F12: 0.067 | T12: 10 | U12: =IFERROR(INDEX(ピッキング!$B$7:$B$66,MATCH($T12,ピッキング!$A$7:$A$66,0)),"") -> 山本祥吉 | V12: =IFERROR(INDEX(ピッキング!$L$7:$L$66,MATCH($T12,ピッキング!$A$7:$A$66,0)),"") -> 105.515 | W12: =IFERROR(INDEX(梱包!$B$7:$B$66,MATCH($T12,梱包!$A$7:$A$66,0)),"") -> 鈴木香織 | X12: =IFERROR(INDEX(梱包!$L$7:$L$66,MATCH($T12,梱包!$A$7:$A$66,0)),"") -> 98.746785 | Z12: =IF(OR(ピッキング!$E$16="",ピッキング!$C$16=""),"",ピッキング!$E$16/ピッキング!$C$16) -> 0.34570221 | AA12: =IF(ピッキング!$G$16="","",ピッキング!$G$16) -> 101.14608 | AB12: =IF(ピッキング!$P$16="","",ピッキング!$P$16) -> 69.306905 | AD12: =IF(AND(ISNUMBER(Z12),ISNUMBER(AA12)),1,0) -> 1 | AE12: =IF(AD12=1,SUM($AD$3:AD12),"") -> 10 | AF12: =IFERROR(INDEX($Z$3:$Z$62,MATCH(T12,$AE$3:$AE$62,0)),"") -> 0.34570221 | AG12: =IFERROR(INDEX($AA$3:$AA$62,MATCH(T12,$AE$3:$AE$62,0)),"") -> 101.14608 | AI12: =IF(AND(ISNUMBER(Z12),ISNUMBER(AB12)),1,0) -> 1 | AJ12: =IF(AI12=1,SUM($AI$3:AI12),"") -> 10 | AK12: =IFERROR(INDEX($Z$3:$Z$62,MATCH(T12,$AJ$3:$AJ$62,0)),"") -> 0.34570221 | AL12: =IFERROR(INDEX($AB$3:$AB$62,MATCH(T12,$AJ$3:$AJ$62,0)),"") -> 69.306905 | AN12: =IF(ピッキング!$C$16="","",ピッキング!$C$16+ROW()/100000) -> 2129.0001 | AO12: =IFERROR(INDEX(ピッキング!$B$7:$B$66,MATCH(LARGE($AN$3:$AN$62,ROW()-2),$AN$3:$AN$62,0)),"") -> 向井ひかり | AP12: =IFERROR(INDEX(ピッキング!$G$7:$G$66,MATCH(LARGE($AN$3:$AN$62,ROW()-2),$AN$3:$AN$62,0)),"") -> 129.97691 | AQ12: =IFERROR(INDEX(ピッキング!$P$7:$P$66,MATCH(LARGE($AN$3:$AN$62,ROW()-2),$AN$3:$AN$62,0)),"") -> 88.606351 | AR12: =IF(AQ12="","",AQ12+ROW()/100000) -> 88.606471 | AS12: =IFERROR(INDEX($AO$3:$AO$14,MATCH(LARGE($AR$3:$AR$14,ROW()-2),$AR$3:$AR$14,0)),"") -> 後藤克行 | AT12: =IFERROR(INDEX($AP$3:$AP$14,MATCH(LARGE($AR$3:$AR$14,ROW()-2),$AR$3:$AR$14,0)),"") -> 107.17489 | AU12: =IFERROR(INDEX($AQ$3:$AQ$14,MATCH(LARGE($AR$3:$AR$14,ROW()-2),$AR$3:$AR$14,0)),"") -> 63.166966
B13: ピッキング 21,249件 ＋ 梱包 24,467件。物量は需要であって成績ではない | F13: 標準時間 ÷ 実測時間。100 が標準どおり | T13: 11 | U13: =IFERROR(INDEX(ピッキング!$B$7:$B$66,MATCH($T13,ピッキング!$A$7:$A$66,0)),"") -> 佐々木千恵 | V13: =IFERROR(INDEX(ピッキング!$L$7:$L$66,MATCH($T13,ピッキング!$A$7:$A$66,0)),"") -> 105.20453 | W13: =IFERROR(INDEX(梱包!$B$7:$B$66,MATCH($T13,梱包!$A$7:$A$66,0)),"") -> 高橋佐織 | X13: =IFERROR(INDEX(梱包!$L$7:$L$66,MATCH($T13,梱包!$A$7:$A$66,0)),"") -> 94.989156 | Z13: =IF(OR(ピッキング!$E$17="",ピッキング!$C$17=""),"",ピッキング!$E$17/ピッキング!$C$17) -> 0.2804699 | AA13: =IF(ピッキング!$G$17="","",ピッキング!$G$17) -> 95.330396 | AB13: =IF(ピッキング!$P$17="","",ピッキング!$P$17) -> 69.499119 | AD13: =IF(AND(ISNUMBER(Z13),ISNUMBER(AA13)),1,0) -> 1 | AE13: =IF(AD13=1,SUM($AD$3:AD13),"") -> 11 | AF13: =IFERROR(INDEX($Z$3:$Z$62,MATCH(T13,$AE$3:$AE$62,0)),"") -> 0.2804699 | AG13: =IFERROR(INDEX($AA$3:$AA$62,MATCH(T13,$AE$3:$AE$62,0)),"") -> 95.330396 | AI13: =IF(AND(ISNUMBER(Z13),ISNUMBER(AB13)),1,0) -> 1 | AJ13: =IF(AI13=1,SUM($AI$3:AI13),"") -> 11 | AK13: =IFERROR(INDEX($Z$3:$Z$62,MATCH(T13,$AJ$3:$AJ$62,0)),"") -> 0.2804699 | AL13: =IFERROR(INDEX($AB$3:$AB$62,MATCH(T13,$AJ$3:$AJ$62,0)),"") -> 69.499119 | AN13: =IF(ピッキング!$C$17="","",ピッキング!$C$17+ROW()/100000) -> 681.00013 | AO13: =IFERROR(INDEX(ピッキング!$B$7:$B$66,MATCH(LARGE($AN$3:$AN$62,ROW()-2),$AN$3:$AN$62,0)),"") -> 秋草文恵 | AP13: =IFERROR(INDEX(ピッキング!$G$7:$G$66,MATCH(LARGE($AN$3:$AN$62,ROW()-2),$AN$3:$AN$62,0)),"") -> 146.43357 | AQ13: =IFERROR(INDEX(ピッキング!$P$7:$P$66,MATCH(LARGE($AN$3:$AN$62,ROW()-2),$AN$3:$AN$62,0)),"") -> 104.46259 | AR13: =IF(AQ13="","",AQ13+ROW()/100000) -> 104.46272 | AS13: =IFERROR(INDEX($AO$3:$AO$14,MATCH(LARGE($AR$3:$AR$14,ROW()-2),$AR$3:$AR$14,0)),"") -> 大江美記子 | AT13: =IFERROR(INDEX($AP$3:$AP$14,MATCH(LARGE($AR$3:$AR$14,ROW()-2),$AR$3:$AR$14,0)),"") -> 93.883792 | AU13: =IFERROR(INDEX($AQ$3:$AQ$14,MATCH(LARGE($AR$3:$AR$14,ROW()-2),$AR$3:$AR$14,0)),"") -> 48.725688
T14: 12 | U14: =IFERROR(INDEX(ピッキング!$B$7:$B$66,MATCH($T14,ピッキング!$A$7:$A$66,0)),"") -> 北田倫子 | V14: =IFERROR(INDEX(ピッキング!$L$7:$L$66,MATCH($T14,ピッキング!$A$7:$A$66,0)),"") -> 102.50307 | W14: =IFERROR(INDEX(梱包!$B$7:$B$66,MATCH($T14,梱包!$A$7:$A$66,0)),"") -> 中村美佳 | X14: =IFERROR(INDEX(梱包!$L$7:$L$66,MATCH($T14,梱包!$A$7:$A$66,0)),"") -> 89.601445 | Z14: =IF(OR(ピッキング!$E$18="",ピッキング!$C$18=""),"",ピッキング!$E$18/ピッキング!$C$18) -> 0.60042735 | AA14: =IF(ピッキング!$G$18="","",ピッキング!$G$18) -> 128.33333 | AB14: =IF(ピッキング!$P$18="","",ピッキング!$P$18) -> 73.033974 | AD14: =IF(AND(ISNUMBER(Z14),ISNUMBER(AA14)),1,0) -> 1 | AE14: =IF(AD14=1,SUM($AD$3:AD14),"") -> 12 | AF14: =IFERROR(INDEX($Z$3:$Z$62,MATCH(T14,$AE$3:$AE$62,0)),"") -> 0.60042735 | AG14: =IFERROR(INDEX($AA$3:$AA$62,MATCH(T14,$AE$3:$AE$62,0)),"") -> 128.33333 | AI14: =IF(AND(ISNUMBER(Z14),ISNUMBER(AB14)),1,0) -> 1 | AJ14: =IF(AI14=1,SUM($AI$3:AI14),"") -> 12 | AK14: =IFERROR(INDEX($Z$3:$Z$62,MATCH(T14,$AJ$3:$AJ$62,0)),"") -> 0.60042735 | AL14: =IFERROR(INDEX($AB$3:$AB$62,MATCH(T14,$AJ$3:$AJ$62,0)),"") -> 73.033974 | AN14: =IF(ピッキング!$C$18="","",ピッキング!$C$18+ROW()/100000) -> 468.00014 | AO14: =IFERROR(INDEX(ピッキング!$B$7:$B$66,MATCH(LARGE($AN$3:$AN$62,ROW()-2),$AN$3:$AN$62,0)),"") -> 石戸谷亜子 | AP14: =IFERROR(INDEX(ピッキング!$G$7:$G$66,MATCH(LARGE($AN$3:$AN$62,ROW()-2),$AN$3:$AN$62,0)),"") -> 105.67376 | AQ14: =IFERROR(INDEX(ピッキング!$P$7:$P$66,MATCH(LARGE($AN$3:$AN$62,ROW()-2),$AN$3:$AN$62,0)),"") -> 74.973759 | AR14: =IF(AQ14="","",AQ14+ROW()/100000) -> 74.973899 | AS14: =IFERROR(INDEX($AO$3:$AO$14,MATCH(LARGE($AR$3:$AR$14,ROW()-2),$AR$3:$AR$14,0)),"") -> 本吉有美子 | AT14: =IFERROR(INDEX($AP$3:$AP$14,MATCH(LARGE($AR$3:$AR$14,ROW()-2),$AR$3:$AR$14,0)),"") -> 83.686382 | AU14: =IFERROR(INDEX($AQ$3:$AQ$14,MATCH(LARGE($AR$3:$AR$14,ROW()-2),$AR$3:$AR$14,0)),"") -> 44.984113
B15: 段取り比率 | F15: 稼働時間 | T15: 13 | U15: =IFERROR(INDEX(ピッキング!$B$7:$B$66,MATCH($T15,ピッキング!$A$7:$A$66,0)),"") -> 中納沙織 | V15: =IFERROR(INDEX(ピッキング!$L$7:$L$66,MATCH($T15,ピッキング!$A$7:$A$66,0)),"") -> 102.49959 | W15: =IFERROR(INDEX(梱包!$B$7:$B$66,MATCH($T15,梱包!$A$7:$A$66,0)),"") -> 山本祥吉 | X15: =IFERROR(INDEX(梱包!$L$7:$L$66,MATCH($T15,梱包!$A$7:$A$66,0)),"") -> 86.545994 | Z15: =IF(OR(ピッキング!$E$19="",ピッキング!$C$19=""),"",ピッキング!$E$19/ピッキング!$C$19) -> 0.4864392 | AA15: =IF(ピッキング!$G$19="","",ピッキング!$G$19) -> 118.3727 | AB15: =IF(ピッキング!$P$19="","",ピッキング!$P$19) -> 73.571654 | AD15: =IF(AND(ISNUMBER(Z15),ISNUMBER(AA15)),1,0) -> 1 | AE15: =IF(AD15=1,SUM($AD$3:AD15),"") -> 13 | AF15: =IFERROR(INDEX($Z$3:$Z$62,MATCH(T15,$AE$3:$AE$62,0)),"") -> 0.4864392 | AG15: =IFERROR(INDEX($AA$3:$AA$62,MATCH(T15,$AE$3:$AE$62,0)),"") -> 118.3727 | AI15: =IF(AND(ISNUMBER(Z15),ISNUMBER(AB15)),1,0) -> 1 | AJ15: =IF(AI15=1,SUM($AI$3:AI15),"") -> 13 | AK15: =IFERROR(INDEX($Z$3:$Z$62,MATCH(T15,$AJ$3:$AJ$62,0)),"") -> 0.4864392 | AL15: =IFERROR(INDEX($AB$3:$AB$62,MATCH(T15,$AJ$3:$AJ$62,0)),"") -> 73.571654 | AN15: =IF(ピッキング!$C$19="","",ピッキング!$C$19+ROW()/100000) -> 1143.0002
B16: =IFERROR(ピッキング!$T$13/ピッキング!$T$12,"") -> 0.34303484 | F16: =IFERROR((ピッキング!$T$12+梱包!$T$12)/60,"") -> 1332.8333 | T16: 14 | U16: =IFERROR(INDEX(ピッキング!$B$7:$B$66,MATCH($T16,ピッキング!$A$7:$A$66,0)),"") -> 石戸谷亜子 | V16: =IFERROR(INDEX(ピッキング!$L$7:$L$66,MATCH($T16,ピッキング!$A$7:$A$66,0)),"") -> 101.9554 | W16: =IFERROR(INDEX(梱包!$B$7:$B$66,MATCH($T16,梱包!$A$7:$A$66,0)),"") -> 後藤克行 | X16: =IFERROR(INDEX(梱包!$L$7:$L$66,MATCH($T16,梱包!$A$7:$A$66,0)),"") -> 82.466184 | Z16: =IF(OR(ピッキング!$E$20="",ピッキング!$C$20=""),"",ピッキング!$E$20/ピッキング!$C$20) -> 0.33333333 | AA16: =IF(ピッキング!$G$20="","",ピッキング!$G$20) -> 105.67376 | AB16: =IF(ピッキング!$P$20="","",ピッキング!$P$20) -> 74.973759 | AD16: =IF(AND(ISNUMBER(Z16),ISNUMBER(AA16)),1,0) -> 1 | AE16: =IF(AD16=1,SUM($AD$3:AD16),"") -> 14 | AF16: =IFERROR(INDEX($Z$3:$Z$62,MATCH(T16,$AE$3:$AE$62,0)),"") -> 0.33333333 | AG16: =IFERROR(INDEX($AA$3:$AA$62,MATCH(T16,$AE$3:$AE$62,0)),"") -> 105.67376 | AI16: =IF(AND(ISNUMBER(Z16),ISNUMBER(AB16)),1,0) -> 1 | AJ16: =IF(AI16=1,SUM($AI$3:AI16),"") -> 14 | AK16: =IFERROR(INDEX($Z$3:$Z$62,MATCH(T16,$AJ$3:$AJ$62,0)),"") -> 0.33333333 | AL16: =IFERROR(INDEX($AB$3:$AB$62,MATCH(T16,$AJ$3:$AJ$62,0)),"") -> 74.973759 | AN16: =IF(ピッキング!$C$20="","",ピッキング!$C$20+ROW()/100000) -> 846.00016
B17: 0.095 | F17: 0.238 | T17: 15 | U17: =IFERROR(INDEX(ピッキング!$B$7:$B$66,MATCH($T17,ピッキング!$A$7:$A$66,0)),"") -> 森田美加 | V17: =IFERROR(INDEX(ピッキング!$L$7:$L$66,MATCH($T17,ピッキング!$A$7:$A$66,0)),"") -> 101.3098 | W17: =IFERROR(INDEX(梱包!$B$7:$B$66,MATCH($T17,梱包!$A$7:$A$66,0)),"") -> 中納沙織 | X17: =IFERROR(INDEX(梱包!$L$7:$L$66,MATCH($T17,梱包!$A$7:$A$66,0)),"") -> 81.623855 | Z17: =IF(OR(ピッキング!$E$21="",ピッキング!$C$21=""),"",ピッキング!$E$21/ピッキング!$C$21) -> 0.5 | AA17: =IF(ピッキング!$G$21="","",ピッキング!$G$21) -> 123.85321 | AB17: =IF(ピッキング!$P$21="","",ピッキング!$P$21) -> 77.803211 | AD17: =IF(AND(ISNUMBER(Z17),ISNUMBER(AA17)),1,0) -> 1 | AE17: =IF(AD17=1,SUM($AD$3:AD17),"") -> 15 | AF17: =IFERROR(INDEX($Z$3:$Z$62,MATCH(T17,$AE$3:$AE$62,0)),"") -> 0.5 | AG17: =IFERROR(INDEX($AA$3:$AA$62,MATCH(T17,$AE$3:$AE$62,0)),"") -> 123.85321 | AI17: =IF(AND(ISNUMBER(Z17),ISNUMBER(AB17)),1,0) -> 1 | AJ17: =IF(AI17=1,SUM($AI$3:AI17),"") -> 15 | AK17: =IFERROR(INDEX($Z$3:$Z$62,MATCH(T17,$AJ$3:$AJ$62,0)),"") -> 0.5 | AL17: =IFERROR(INDEX($AB$3:$AB$62,MATCH(T17,$AJ$3:$AJ$62,0)),"") -> 77.803211 | AN17: =IF(ピッキング!$C$21="","",ピッキング!$C$21+ROW()/100000) -> 218.00017
B18: 段取り 233.2h ÷ ピッキング実働 679.7h。下がるのは良いこと | F18: ピッキング 679.7h ＋ 梱包 653.1h | T18: 16 | U18: =IFERROR(INDEX(ピッキング!$B$7:$B$66,MATCH($T18,ピッキング!$A$7:$A$66,0)),"") -> 河野忠 | V18: =IFERROR(INDEX(ピッキング!$L$7:$L$66,MATCH($T18,ピッキング!$A$7:$A$66,0)),"") -> 101.02483 | W18: =IFERROR(INDEX(梱包!$B$7:$B$66,MATCH($T18,梱包!$A$7:$A$66,0)),"") -> 澤田凌 | X18: =IFERROR(INDEX(梱包!$L$7:$L$66,MATCH($T18,梱包!$A$7:$A$66,0)),"") -> 77.985419 | Z18: =IF(OR(ピッキング!$E$22="",ピッキング!$C$22=""),"",ピッキング!$E$22/ピッキング!$C$22) -> 0.43928571 | AA18: =IF(ピッキング!$G$22="","",ピッキング!$G$22) -> 118.28571 | AB18: =IF(ピッキング!$P$22="","",ピッキング!$P$22) -> 77.8275 | AD18: =IF(AND(ISNUMBER(Z18),ISNUMBER(AA18)),1,0) -> 1 | AE18: =IF(AD18=1,SUM($AD$3:AD18),"") -> 16 | AF18: =IFERROR(INDEX($Z$3:$Z$62,MATCH(T18,$AE$3:$AE$62,0)),"") -> 0.43928571 | AG18: =IFERROR(INDEX($AA$3:$AA$62,MATCH(T18,$AE$3:$AE$62,0)),"") -> 118.28571 | AI18: =IF(AND(ISNUMBER(Z18),ISNUMBER(AB18)),1,0) -> 1 | AJ18: =IF(AI18=1,SUM($AI$3:AI18),"") -> 16 | AK18: =IFERROR(INDEX($Z$3:$Z$62,MATCH(T18,$AJ$3:$AJ$62,0)),"") -> 0.43928571 | AL18: =IFERROR(INDEX($AB$3:$AB$62,MATCH(T18,$AJ$3:$AJ$62,0)),"") -> 77.8275 | AN18: =IF(ピッキング!$C$22="","",ピッキング!$C$22+ROW()/100000) -> 280.00018
T19: 17 | U19: =IFERROR(INDEX(ピッキング!$B$7:$B$66,MATCH($T19,ピッキング!$A$7:$A$66,0)),"") -> 木村千鶴 | V19: =IFERROR(INDEX(ピッキング!$L$7:$L$66,MATCH($T19,ピッキング!$A$7:$A$66,0)),"") -> 100.82289 | W19: =IFERROR(INDEX(梱包!$B$7:$B$66,MATCH($T19,梱包!$A$7:$A$66,0)),"") -> 木村千鶴 | X19: =IFERROR(INDEX(梱包!$L$7:$L$66,MATCH($T19,梱包!$A$7:$A$66,0)),"") -> 74.605827 | Z19: =IF(OR(ピッキング!$E$23="",ピッキング!$C$23=""),"",ピッキング!$E$23/ピッキング!$C$23) -> 0.49059334 | AA19: =IF(ピッキング!$G$23="","",ピッキング!$G$23) -> 121.21563 | AB19: =IF(ピッキング!$P$23="","",ピッキング!$P$23) -> 76.031983 | AD19: =IF(AND(ISNUMBER(Z19),ISNUMBER(AA19)),1,0) -> 1 | AE19: =IF(AD19=1,SUM($AD$3:AD19),"") -> 17 | AF19: =IFERROR(INDEX($Z$3:$Z$62,MATCH(T19,$AE$3:$AE$62,0)),"") -> 0.49059334 | AG19: =IFERROR(INDEX($AA$3:$AA$62,MATCH(T19,$AE$3:$AE$62,0)),"") -> 121.21563 | AI19: =IF(AND(ISNUMBER(Z19),ISNUMBER(AB19)),1,0) -> 1 | AJ19: =IF(AI19=1,SUM($AI$3:AI19),"") -> 17 | AK19: =IFERROR(INDEX($Z$3:$Z$62,MATCH(T19,$AJ$3:$AJ$62,0)),"") -> 0.49059334 | AL19: =IFERROR(INDEX($AB$3:$AB$62,MATCH(T19,$AJ$3:$AJ$62,0)),"") -> 76.031983 | AN19: =IF(ピッキング!$C$23="","",ピッキング!$C$23+ROW()/100000) -> 691.00019
B20: 3-4. 段取りの混入と、その補正 － この2枚がこのダッシュボードの主張そのものです | T20: 18 | U20: =IFERROR(INDEX(ピッキング!$B$7:$B$66,MATCH($T20,ピッキング!$A$7:$A$66,0)),"") -> 奥野愛海 | V20: =IFERROR(INDEX(ピッキング!$L$7:$L$66,MATCH($T20,ピッキング!$A$7:$A$66,0)),"") -> 99.87068 | W20: =IFERROR(INDEX(梱包!$B$7:$B$66,MATCH($T20,梱包!$A$7:$A$66,0)),"") -> 菊池敬 | X20: =IFERROR(INDEX(梱包!$L$7:$L$66,MATCH($T20,梱包!$A$7:$A$66,0)),"") -> 69.459989 | Z20: =IF(OR(ピッキング!$E$24="",ピッキング!$C$24=""),"",ピッキング!$E$24/ピッキング!$C$24) -> 0.50240385 | AA20: =IF(ピッキング!$G$24="","",ピッキング!$G$24) -> 133.41346 | AB20: =IF(ピッキング!$P$24="","",ピッキング!$P$24) -> 87.142067 | AD20: =IF(AND(ISNUMBER(Z20),ISNUMBER(AA20)),1,0) -> 1 | AE20: =IF(AD20=1,SUM($AD$3:AD20),"") -> 18 | AF20: =IFERROR(INDEX($Z$3:$Z$62,MATCH(T20,$AE$3:$AE$62,0)),"") -> 0.50240385 | AG20: =IFERROR(INDEX($AA$3:$AA$62,MATCH(T20,$AE$3:$AE$62,0)),"") -> 133.41346 | AI20: =IF(AND(ISNUMBER(Z20),ISNUMBER(AB20)),1,0) -> 1 | AJ20: =IF(AI20=1,SUM($AI$3:AI20),"") -> 18 | AK20: =IFERROR(INDEX($Z$3:$Z$62,MATCH(T20,$AJ$3:$AJ$62,0)),"") -> 0.50240385 | AL20: =IFERROR(INDEX($AB$3:$AB$62,MATCH(T20,$AJ$3:$AJ$62,0)),"") -> 87.142067 | AN20: =IF(ピッキング!$C$24="","",ピッキング!$C$24+ROW()/100000) -> 416.0002
B21: ① 素の秒/件 は、リストの構成で決まってしまう | T21: 19 | U21: =IFERROR(INDEX(ピッキング!$B$7:$B$66,MATCH($T21,ピッキング!$A$7:$A$66,0)),"") -> 鈴木香織 | V21: =IFERROR(INDEX(ピッキング!$L$7:$L$66,MATCH($T21,ピッキング!$A$7:$A$66,0)),"") -> 99.417763 | W21: =IFERROR(INDEX(梱包!$B$7:$B$66,MATCH($T21,梱包!$A$7:$A$66,0)),"") -> 森田美加 | X21: =IFERROR(INDEX(梱包!$L$7:$L$66,MATCH($T21,梱包!$A$7:$A$66,0)),"") -> 60.168472 | Z21: =IF(OR(ピッキング!$E$25="",ピッキング!$C$25=""),"",ピッキング!$E$25/ピッキング!$C$25) -> 0.55411255 | AA21: =IF(ピッキング!$G$25="","",ピッキング!$G$25) -> 131.16883 | AB21: =IF(ピッキング!$P$25="","",ピッキング!$P$25) -> 80.135065 | AD21: =IF(AND(ISNUMBER(Z21),ISNUMBER(AA21)),1,0) -> 1 | AE21: =IF(AD21=1,SUM($AD$3:AD21),"") -> 19 | AF21: =IFERROR(INDEX($Z$3:$Z$62,MATCH(T21,$AE$3:$AE$62,0)),"") -> 0.55411255 | AG21: =IFERROR(INDEX($AA$3:$AA$62,MATCH(T21,$AE$3:$AE$62,0)),"") -> 131.16883 | AI21: =IF(AND(ISNUMBER(Z21),ISNUMBER(AB21)),1,0) -> 1 | AJ21: =IF(AI21=1,SUM($AI$3:AI21),"") -> 19 | AK21: =IFERROR(INDEX($Z$3:$Z$62,MATCH(T21,$AJ$3:$AJ$62,0)),"") -> 0.55411255 | AL21: =IFERROR(INDEX($AB$3:$AB$62,MATCH(T21,$AJ$3:$AJ$62,0)),"") -> 80.135065 | AN21: =IF(ピッキング!$C$25="","",ピッキング!$C$25+ROW()/100000) -> 231.00021
B22: 右にいる人ほど「1社1個」のリストを多く引いた人。右上がりなら、速さではなく担当したリストの中身が数字を決めている。 | T22: 20 | U22: =IFERROR(INDEX(ピッキング!$B$7:$B$66,MATCH($T22,ピッキング!$A$7:$A$66,0)),"") -> 向井ひかり | V22: =IFERROR(INDEX(ピッキング!$L$7:$L$66,MATCH($T22,ピッキング!$A$7:$A$66,0)),"") -> 94.986666 | W22: =IFERROR(INDEX(梱包!$B$7:$B$66,MATCH($T22,梱包!$A$7:$A$66,0)),"") | X22: =IFERROR(INDEX(梱包!$L$7:$L$66,MATCH($T22,梱包!$A$7:$A$66,0)),"") | Z22: =IF(OR(ピッキング!$E$26="",ピッキング!$C$26=""),"",ピッキング!$E$26/ピッキング!$C$26) -> 0.44919169 | AA22: =IF(ピッキング!$G$26="","",ピッキング!$G$26) -> 129.97691 | AB22: =IF(ピッキング!$P$26="","",ピッキング!$P$26) -> 88.606351 | AD22: =IF(AND(ISNUMBER(Z22),ISNUMBER(AA22)),1,0) -> 1 | AE22: =IF(AD22=1,SUM($AD$3:AD22),"") -> 20 | AF22: =IFERROR(INDEX($Z$3:$Z$62,MATCH(T22,$AE$3:$AE$62,0)),"") -> 0.44919169 | AG22: =IFERROR(INDEX($AA$3:$AA$62,MATCH(T22,$AE$3:$AE$62,0)),"") -> 129.97691 | AI22: =IF(AND(ISNUMBER(Z22),ISNUMBER(AB22)),1,0) -> 1 | AJ22: =IF(AI22=1,SUM($AI$3:AI22),"") -> 20 | AK22: =IFERROR(INDEX($Z$3:$Z$62,MATCH(T22,$AJ$3:$AJ$62,0)),"") -> 0.44919169 | AL22: =IFERROR(INDEX($AB$3:$AB$62,MATCH(T22,$AJ$3:$AJ$62,0)),"") -> 88.606351 | AN22: =IF(ピッキング!$C$26="","",ピッキング!$C$26+ROW()/100000) -> 866.00022
B23: 相関 r | C23: =散布図!$C$10 -> 0.43394684 | D23: p 値 | E23: =散布図!$C$14 -> 0.018675329 | F23: n | G23: =散布図!$C$9 -> 29 | H23: 右上がりは偶然では説明できない | T23: 21 | U23: =IFERROR(INDEX(ピッキング!$B$7:$B$66,MATCH($T23,ピッキング!$A$7:$A$66,0)),"") -> 片岡達也 | V23: =IFERROR(INDEX(ピッキング!$L$7:$L$66,MATCH($T23,ピッキング!$A$7:$A$66,0)),"") -> 93.854517 | W23: =IFERROR(INDEX(梱包!$B$7:$B$66,MATCH($T23,梱包!$A$7:$A$66,0)),"") | X23: =IFERROR(INDEX(梱包!$L$7:$L$66,MATCH($T23,梱包!$A$7:$A$66,0)),"") | Z23: =IF(OR(ピッキング!$E$27="",ピッキング!$C$27=""),"",ピッキング!$E$27/ピッキング!$C$27) -> 0.71212121 | AA23: =IF(ピッキング!$G$27="","",ピッキング!$G$27) -> 183.63636 | AB23: =IF(ピッキング!$P$27="","",ピッキング!$P$27) -> 118.05 | AD23: =IF(AND(ISNUMBER(Z23),ISNUMBER(AA23)),1,0) -> 1 | AE23: =IF(AD23=1,SUM($AD$3:AD23),"") -> 21 | AF23: =IFERROR(INDEX($Z$3:$Z$62,MATCH(T23,$AE$3:$AE$62,0)),"") -> 0.71212121 | AG23: =IFERROR(INDEX($AA$3:$AA$62,MATCH(T23,$AE$3:$AE$62,0)),"") -> 183.63636 | AI23: =IF(AND(ISNUMBER(Z23),ISNUMBER(AB23)),1,0) -> 1 | AJ23: =IF(AI23=1,SUM($AI$3:AI23),"") -> 21 | AK23: =IFERROR(INDEX($Z$3:$Z$62,MATCH(T23,$AJ$3:$AJ$62,0)),"") -> 0.71212121 | AL23: =IFERROR(INDEX($AB$3:$AB$62,MATCH(T23,$AJ$3:$AJ$62,0)),"") -> 118.05 | AN23: =IF(ピッキング!$C$27="","",ピッキング!$C$27+ROW()/100000) -> 66.00023
T24: 22 | U24: =IFERROR(INDEX(ピッキング!$B$7:$B$66,MATCH($T24,ピッキング!$A$7:$A$66,0)),"") -> 廣瀬こずえ | V24: =IFERROR(INDEX(ピッキング!$L$7:$L$66,MATCH($T24,ピッキング!$A$7:$A$66,0)),"") -> 93.746745 | W24: =IFERROR(INDEX(梱包!$B$7:$B$66,MATCH($T24,梱包!$A$7:$A$66,0)),"") | X24: =IFERROR(INDEX(梱包!$L$7:$L$66,MATCH($T24,梱包!$A$7:$A$66,0)),"") | Z24: =IF(OR(ピッキング!$E$28="",ピッキング!$C$28=""),"",ピッキング!$E$28/ピッキング!$C$28) -> 0.52863962 | AA24: =IF(ピッキング!$G$28="","",ピッキング!$G$28) -> 141.19332 | AB24: =IF(ピッキング!$P$28="","",ピッキング!$P$28) -> 92.505609 | AD24: =IF(AND(ISNUMBER(Z24),ISNUMBER(AA24)),1,0) -> 1 | AE24: =IF(AD24=1,SUM($AD$3:AD24),"") -> 22 | AF24: =IFERROR(INDEX($Z$3:$Z$62,MATCH(T24,$AE$3:$AE$62,0)),"") -> 0.52863962 | AG24: =IFERROR(INDEX($AA$3:$AA$62,MATCH(T24,$AE$3:$AE$62,0)),"") -> 141.19332 | AI24: =IF(AND(ISNUMBER(Z24),ISNUMBER(AB24)),1,0) -> 1 | AJ24: =IF(AI24=1,SUM($AI$3:AI24),"") -> 22 | AK24: =IFERROR(INDEX($Z$3:$Z$62,MATCH(T24,$AJ$3:$AJ$62,0)),"") -> 0.52863962 | AL24: =IFERROR(INDEX($AB$3:$AB$62,MATCH(T24,$AJ$3:$AJ$62,0)),"") -> 92.505609 | AN24: =IF(ピッキング!$C$28="","",ピッキング!$C$28+ROW()/100000) -> 838.00024
T25: 23 | U25: =IFERROR(INDEX(ピッキング!$B$7:$B$66,MATCH($T25,ピッキング!$A$7:$A$66,0)),"") -> 森本久美 | V25: =IFERROR(INDEX(ピッキング!$L$7:$L$66,MATCH($T25,ピッキング!$A$7:$A$66,0)),"") -> 91.373442 | W25: =IFERROR(INDEX(梱包!$B$7:$B$66,MATCH($T25,梱包!$A$7:$A$66,0)),"") | X25: =IFERROR(INDEX(梱包!$L$7:$L$66,MATCH($T25,梱包!$A$7:$A$66,0)),"") | Z25: =IF(OR(ピッキング!$E$29="",ピッキング!$C$29=""),"",ピッキング!$E$29/ピッキング!$C$29) -> 0.31940299 | AA25: =IF(ピッキング!$G$29="","",ピッキング!$G$29) -> 128.23881 | AB25: =IF(ピッキング!$P$29="","",ピッキング!$P$29) -> 98.821791 | AD25: =IF(AND(ISNUMBER(Z25),ISNUMBER(AA25)),1,0) -> 1 | AE25: =IF(AD25=1,SUM($AD$3:AD25),"") -> 23 | AF25: =IFERROR(INDEX($Z$3:$Z$62,MATCH(T25,$AE$3:$AE$62,0)),"") -> 0.31940299 | AG25: =IFERROR(INDEX($AA$3:$AA$62,MATCH(T25,$AE$3:$AE$62,0)),"") -> 128.23881 | AI25: =IF(AND(ISNUMBER(Z25),ISNUMBER(AB25)),1,0) -> 1 | AJ25: =IF(AI25=1,SUM($AI$3:AI25),"") -> 23 | AK25: =IFERROR(INDEX($Z$3:$Z$62,MATCH(T25,$AJ$3:$AJ$62,0)),"") -> 0.31940299 | AL25: =IFERROR(INDEX($AB$3:$AB$62,MATCH(T25,$AJ$3:$AJ$62,0)),"") -> 98.821791 | AN25: =IF(ピッキング!$C$29="","",ピッキング!$C$29+ROW()/100000) -> 335.00025
T26: 24 | U26: =IFERROR(INDEX(ピッキング!$B$7:$B$66,MATCH($T26,ピッキング!$A$7:$A$66,0)),"") -> 菊池敬 | V26: =IFERROR(INDEX(ピッキング!$L$7:$L$66,MATCH($T26,ピッキング!$A$7:$A$66,0)),"") -> 91.026073 | W26: =IFERROR(INDEX(梱包!$B$7:$B$66,MATCH($T26,梱包!$A$7:$A$66,0)),"") | X26: =IFERROR(INDEX(梱包!$L$7:$L$66,MATCH($T26,梱包!$A$7:$A$66,0)),"") | Z26: =IF(OR(ピッキング!$E$30="",ピッキング!$C$30=""),"",ピッキング!$E$30/ピッキング!$C$30) -> 0.43838863 | AA26: =IF(ピッキング!$G$30="","",ピッキング!$G$30) -> 135.07109 | AB26: =IF(ピッキング!$P$30="","",ピッキング!$P$30) -> 94.695498 | AD26: =IF(AND(ISNUMBER(Z26),ISNUMBER(AA26)),1,0) -> 1 | AE26: =IF(AD26=1,SUM($AD$3:AD26),"") -> 24 | AF26: =IFERROR(INDEX($Z$3:$Z$62,MATCH(T26,$AE$3:$AE$62,0)),"") -> 0.43838863 | AG26: =IFERROR(INDEX($AA$3:$AA$62,MATCH(T26,$AE$3:$AE$62,0)),"") -> 135.07109 | AI26: =IF(AND(ISNUMBER(Z26),ISNUMBER(AB26)),1,0) -> 1 | AJ26: =IF(AI26=1,SUM($AI$3:AI26),"") -> 24 | AK26: =IFERROR(INDEX($Z$3:$Z$62,MATCH(T26,$AJ$3:$AJ$62,0)),"") -> 0.43838863 | AL26: =IFERROR(INDEX($AB$3:$AB$62,MATCH(T26,$AJ$3:$AJ$62,0)),"") -> 94.695498 | AN26: =IF(ピッキング!$C$30="","",ピッキング!$C$30+ROW()/100000) -> 422.00026
T27: 25 | U27: =IFERROR(INDEX(ピッキング!$B$7:$B$66,MATCH($T27,ピッキング!$A$7:$A$66,0)),"") -> 高橋正美 | V27: =IFERROR(INDEX(ピッキング!$L$7:$L$66,MATCH($T27,ピッキング!$A$7:$A$66,0)),"") -> 89.248471 | W27: =IFERROR(INDEX(梱包!$B$7:$B$66,MATCH($T27,梱包!$A$7:$A$66,0)),"") | X27: =IFERROR(INDEX(梱包!$L$7:$L$66,MATCH($T27,梱包!$A$7:$A$66,0)),"") | Z27: =IF(OR(ピッキング!$E$31="",ピッキング!$C$31=""),"",ピッキング!$E$31/ピッキング!$C$31) -> 0.39266055 | AA27: =IF(ピッキング!$G$31="","",ピッキング!$G$31) -> 138.16514 | AB27: =IF(ピッキング!$P$31="","",ピッキング!$P$31) -> 102.0011 | AD27: =IF(AND(ISNUMBER(Z27),ISNUMBER(AA27)),1,0) -> 1 | AE27: =IF(AD27=1,SUM($AD$3:AD27),"") -> 25 | AF27: =IFERROR(INDEX($Z$3:$Z$62,MATCH(T27,$AE$3:$AE$62,0)),"") -> 0.39266055 | AG27: =IFERROR(INDEX($AA$3:$AA$62,MATCH(T27,$AE$3:$AE$62,0)),"") -> 138.16514 | AI27: =IF(AND(ISNUMBER(Z27),ISNUMBER(AB27)),1,0) -> 1 | AJ27: =IF(AI27=1,SUM($AI$3:AI27),"") -> 25 | AK27: =IFERROR(INDEX($Z$3:$Z$62,MATCH(T27,$AJ$3:$AJ$62,0)),"") -> 0.39266055 | AL27: =IFERROR(INDEX($AB$3:$AB$62,MATCH(T27,$AJ$3:$AJ$62,0)),"") -> 102.0011 | AN27: =IF(ピッキング!$C$31="","",ピッキング!$C$31+ROW()/100000) -> 1090.0003
T28: 26 | U28: =IFERROR(INDEX(ピッキング!$B$7:$B$66,MATCH($T28,ピッキング!$A$7:$A$66,0)),"") -> 秋草文恵 | V28: =IFERROR(INDEX(ピッキング!$L$7:$L$66,MATCH($T28,ピッキング!$A$7:$A$66,0)),"") -> 88.868941 | W28: =IFERROR(INDEX(梱包!$B$7:$B$66,MATCH($T28,梱包!$A$7:$A$66,0)),"") | X28: =IFERROR(INDEX(梱包!$L$7:$L$66,MATCH($T28,梱包!$A$7:$A$66,0)),"") | Z28: =IF(OR(ピッキング!$E$32="",ピッキング!$C$32=""),"",ピッキング!$E$32/ピッキング!$C$32) -> 0.45571096 | AA28: =IF(ピッキング!$G$32="","",ピッキング!$G$32) -> 146.43357 | AB28: =IF(ピッキング!$P$32="","",ピッキング!$P$32) -> 104.46259 | AD28: =IF(AND(ISNUMBER(Z28),ISNUMBER(AA28)),1,0) -> 1 | AE28: =IF(AD28=1,SUM($AD$3:AD28),"") -> 26 | AF28: =IFERROR(INDEX($Z$3:$Z$62,MATCH(T28,$AE$3:$AE$62,0)),"") -> 0.45571096 | AG28: =IFERROR(INDEX($AA$3:$AA$62,MATCH(T28,$AE$3:$AE$62,0)),"") -> 146.43357 | AI28: =IF(AND(ISNUMBER(Z28),ISNUMBER(AB28)),1,0) -> 1 | AJ28: =IF(AI28=1,SUM($AI$3:AI28),"") -> 26 | AK28: =IFERROR(INDEX($Z$3:$Z$62,MATCH(T28,$AJ$3:$AJ$62,0)),"") -> 0.45571096 | AL28: =IFERROR(INDEX($AB$3:$AB$62,MATCH(T28,$AJ$3:$AJ$62,0)),"") -> 104.46259 | AN28: =IF(ピッキング!$C$32="","",ピッキング!$C$32+ROW()/100000) -> 858.00028
T29: 27 | U29: =IFERROR(INDEX(ピッキング!$B$7:$B$66,MATCH($T29,ピッキング!$A$7:$A$66,0)),"") -> 上村和恵 | V29: =IFERROR(INDEX(ピッキング!$L$7:$L$66,MATCH($T29,ピッキング!$A$7:$A$66,0)),"") -> 87.836269 | W29: =IFERROR(INDEX(梱包!$B$7:$B$66,MATCH($T29,梱包!$A$7:$A$66,0)),"") | X29: =IFERROR(INDEX(梱包!$L$7:$L$66,MATCH($T29,梱包!$A$7:$A$66,0)),"") | Z29: =IF(OR(ピッキング!$E$33="",ピッキング!$C$33=""),"",ピッキング!$E$33/ピッキング!$C$33) -> 0.41816547 | AA29: =IF(ピッキング!$G$33="","",ピッキング!$G$33) -> 143.79496 | AB29: =IF(ピッキング!$P$33="","",ピッキング!$P$33) -> 105.28192 | AD29: =IF(AND(ISNUMBER(Z29),ISNUMBER(AA29)),1,0) -> 1 | AE29: =IF(AD29=1,SUM($AD$3:AD29),"") -> 27 | AF29: =IFERROR(INDEX($Z$3:$Z$62,MATCH(T29,$AE$3:$AE$62,0)),"") -> 0.41816547 | AG29: =IFERROR(INDEX($AA$3:$AA$62,MATCH(T29,$AE$3:$AE$62,0)),"") -> 143.79496 | AI29: =IF(AND(ISNUMBER(Z29),ISNUMBER(AB29)),1,0) -> 1 | AJ29: =IF(AI29=1,SUM($AI$3:AI29),"") -> 27 | AK29: =IFERROR(INDEX($Z$3:$Z$62,MATCH(T29,$AJ$3:$AJ$62,0)),"") -> 0.41816547 | AL29: =IFERROR(INDEX($AB$3:$AB$62,MATCH(T29,$AJ$3:$AJ$62,0)),"") -> 105.28192 | AN29: =IF(ピッキング!$C$33="","",ピッキング!$C$33+ROW()/100000) -> 1112.0003
T30: 28 | U30: =IFERROR(INDEX(ピッキング!$B$7:$B$66,MATCH($T30,ピッキング!$A$7:$A$66,0)),"") -> 平田学 | V30: =IFERROR(INDEX(ピッキング!$L$7:$L$66,MATCH($T30,ピッキング!$A$7:$A$66,0)),"") -> 86.502214 | W30: =IFERROR(INDEX(梱包!$B$7:$B$66,MATCH($T30,梱包!$A$7:$A$66,0)),"") | X30: =IFERROR(INDEX(梱包!$L$7:$L$66,MATCH($T30,梱包!$A$7:$A$66,0)),"") | Z30: =IF(OR(ピッキング!$E$34="",ピッキング!$C$34=""),"",ピッキング!$E$34/ピッキング!$C$34) -> 0.4 | AA30: =IF(ピッキング!$G$34="","",ピッキング!$G$34) -> 198.64865 | AB30: =IF(ピッキング!$P$34="","",ピッキング!$P$34) -> 161.80865 | AD30: =IF(AND(ISNUMBER(Z30),ISNUMBER(AA30)),1,0) -> 1 | AE30: =IF(AD30=1,SUM($AD$3:AD30),"") -> 28 | AF30: =IFERROR(INDEX($Z$3:$Z$62,MATCH(T30,$AE$3:$AE$62,0)),"") -> 0.4 | AG30: =IFERROR(INDEX($AA$3:$AA$62,MATCH(T30,$AE$3:$AE$62,0)),"") -> 198.64865 | AI30: =IF(AND(ISNUMBER(Z30),ISNUMBER(AB30)),1,0) -> 1 | AJ30: =IF(AI30=1,SUM($AI$3:AI30),"") -> 28 | AK30: =IFERROR(INDEX($Z$3:$Z$62,MATCH(T30,$AJ$3:$AJ$62,0)),"") -> 0.4 | AL30: =IFERROR(INDEX($AB$3:$AB$62,MATCH(T30,$AJ$3:$AJ$62,0)),"") -> 161.80865 | AN30: =IF(ピッキング!$C$34="","",ピッキング!$C$34+ROW()/100000) -> 370.0003
T31: 29 | U31: =IFERROR(INDEX(ピッキング!$B$7:$B$66,MATCH($T31,ピッキング!$A$7:$A$66,0)),"") -> 飯田由加里 | V31: =IFERROR(INDEX(ピッキング!$L$7:$L$66,MATCH($T31,ピッキング!$A$7:$A$66,0)),"") -> 85.892657 | W31: =IFERROR(INDEX(梱包!$B$7:$B$66,MATCH($T31,梱包!$A$7:$A$66,0)),"") | X31: =IFERROR(INDEX(梱包!$L$7:$L$66,MATCH($T31,梱包!$A$7:$A$66,0)),"") | Z31: =IF(OR(ピッキング!$E$35="",ピッキング!$C$35=""),"",ピッキング!$E$35/ピッキング!$C$35) -> 0.5498155 | AA31: =IF(ピッキング!$G$35="","",ピッキング!$G$35) -> 169.15129 | AB31: =IF(ピッキング!$P$35="","",ピッキング!$P$35) -> 118.51328 | AD31: =IF(AND(ISNUMBER(Z31),ISNUMBER(AA31)),1,0) -> 1 | AE31: =IF(AD31=1,SUM($AD$3:AD31),"") -> 29 | AF31: =IFERROR(INDEX($Z$3:$Z$62,MATCH(T31,$AE$3:$AE$62,0)),"") -> 0.5498155 | AG31: =IFERROR(INDEX($AA$3:$AA$62,MATCH(T31,$AE$3:$AE$62,0)),"") -> 169.15129 | AI31: =IF(AND(ISNUMBER(Z31),ISNUMBER(AB31)),1,0) -> 1 | AJ31: =IF(AI31=1,SUM($AI$3:AI31),"") -> 29 | AK31: =IFERROR(INDEX($Z$3:$Z$62,MATCH(T31,$AJ$3:$AJ$62,0)),"") -> 0.5498155 | AL31: =IFERROR(INDEX($AB$3:$AB$62,MATCH(T31,$AJ$3:$AJ$62,0)),"") -> 118.51328 | AN31: =IF(ピッキング!$C$35="","",ピッキング!$C$35+ROW()/100000) -> 271.00031
T32: 30 | U32: =IFERROR(INDEX(ピッキング!$B$7:$B$66,MATCH($T32,ピッキング!$A$7:$A$66,0)),"") | V32: =IFERROR(INDEX(ピッキング!$L$7:$L$66,MATCH($T32,ピッキング!$A$7:$A$66,0)),"") | W32: =IFERROR(INDEX(梱包!$B$7:$B$66,MATCH($T32,梱包!$A$7:$A$66,0)),"") | X32: =IFERROR(INDEX(梱包!$L$7:$L$66,MATCH($T32,梱包!$A$7:$A$66,0)),"") | Z32: =IF(OR(ピッキング!$E$36="",ピッキング!$C$36=""),"",ピッキング!$E$36/ピッキング!$C$36) | AA32: =IF(ピッキング!$G$36="","",ピッキング!$G$36) | AB32: =IF(ピッキング!$P$36="","",ピッキング!$P$36) | AD32: =IF(AND(ISNUMBER(Z32),ISNUMBER(AA32)),1,0) -> 0 | AE32: =IF(AD32=1,SUM($AD$3:AD32),"") | AF32: =IFERROR(INDEX($Z$3:$Z$62,MATCH(T32,$AE$3:$AE$62,0)),"") | AG32: =IFERROR(INDEX($AA$3:$AA$62,MATCH(T32,$AE$3:$AE$62,0)),"") | AI32: =IF(AND(ISNUMBER(Z32),ISNUMBER(AB32)),1,0) -> 0 | AJ32: =IF(AI32=1,SUM($AI$3:AI32),"") | AK32: =IFERROR(INDEX($Z$3:$Z$62,MATCH(T32,$AJ$3:$AJ$62,0)),"") | AL32: =IFERROR(INDEX($AB$3:$AB$62,MATCH(T32,$AJ$3:$AJ$62,0)),"") | AN32: =IF(ピッキング!$C$36="","",ピッキング!$C$36+ROW()/100000)
T33: 31 | U33: =IFERROR(INDEX(ピッキング!$B$7:$B$66,MATCH($T33,ピッキング!$A$7:$A$66,0)),"") | V33: =IFERROR(INDEX(ピッキング!$L$7:$L$66,MATCH($T33,ピッキング!$A$7:$A$66,0)),"") | W33: =IFERROR(INDEX(梱包!$B$7:$B$66,MATCH($T33,梱包!$A$7:$A$66,0)),"") | X33: =IFERROR(INDEX(梱包!$L$7:$L$66,MATCH($T33,梱包!$A$7:$A$66,0)),"") | Z33: =IF(OR(ピッキング!$E$37="",ピッキング!$C$37=""),"",ピッキング!$E$37/ピッキング!$C$37) | AA33: =IF(ピッキング!$G$37="","",ピッキング!$G$37) | AB33: =IF(ピッキング!$P$37="","",ピッキング!$P$37) | AD33: =IF(AND(ISNUMBER(Z33),ISNUMBER(AA33)),1,0) -> 0 | AE33: =IF(AD33=1,SUM($AD$3:AD33),"") | AF33: =IFERROR(INDEX($Z$3:$Z$62,MATCH(T33,$AE$3:$AE$62,0)),"") | AG33: =IFERROR(INDEX($AA$3:$AA$62,MATCH(T33,$AE$3:$AE$62,0)),"") | AI33: =IF(AND(ISNUMBER(Z33),ISNUMBER(AB33)),1,0) -> 0 | AJ33: =IF(AI33=1,SUM($AI$3:AI33),"") | AK33: =IFERROR(INDEX($Z$3:$Z$62,MATCH(T33,$AJ$3:$AJ$62,0)),"") | AL33: =IFERROR(INDEX($AB$3:$AB$62,MATCH(T33,$AJ$3:$AJ$62,0)),"") | AN33: =IF(ピッキング!$C$37="","",ピッキング!$C$37+ROW()/100000)
T34: 32 | U34: =IFERROR(INDEX(ピッキング!$B$7:$B$66,MATCH($T34,ピッキング!$A$7:$A$66,0)),"") | V34: =IFERROR(INDEX(ピッキング!$L$7:$L$66,MATCH($T34,ピッキング!$A$7:$A$66,0)),"") | W34: =IFERROR(INDEX(梱包!$B$7:$B$66,MATCH($T34,梱包!$A$7:$A$66,0)),"") | X34: =IFERROR(INDEX(梱包!$L$7:$L$66,MATCH($T34,梱包!$A$7:$A$66,0)),"") | Z34: =IF(OR(ピッキング!$E$38="",ピッキング!$C$38=""),"",ピッキング!$E$38/ピッキング!$C$38) | AA34: =IF(ピッキング!$G$38="","",ピッキング!$G$38) | AB34: =IF(ピッキング!$P$38="","",ピッキング!$P$38) | AD34: =IF(AND(ISNUMBER(Z34),ISNUMBER(AA34)),1,0) -> 0 | AE34: =IF(AD34=1,SUM($AD$3:AD34),"") | AF34: =IFERROR(INDEX($Z$3:$Z$62,MATCH(T34,$AE$3:$AE$62,0)),"") | AG34: =IFERROR(INDEX($AA$3:$AA$62,MATCH(T34,$AE$3:$AE$62,0)),"") | AI34: =IF(AND(ISNUMBER(Z34),ISNUMBER(AB34)),1,0) -> 0 | AJ34: =IF(AI34=1,SUM($AI$3:AI34),"") | AK34: =IFERROR(INDEX($Z$3:$Z$62,MATCH(T34,$AJ$3:$AJ$62,0)),"") | AL34: =IFERROR(INDEX($AB$3:$AB$62,MATCH(T34,$AJ$3:$AJ$62,0)),"") | AN34: =IF(ピッキング!$C$38="","",ピッキング!$C$38+ROW()/100000)
T35: 33 | U35: =IFERROR(INDEX(ピッキング!$B$7:$B$66,MATCH($T35,ピッキング!$A$7:$A$66,0)),"") | V35: =IFERROR(INDEX(ピッキング!$L$7:$L$66,MATCH($T35,ピッキング!$A$7:$A$66,0)),"") | W35: =IFERROR(INDEX(梱包!$B$7:$B$66,MATCH($T35,梱包!$A$7:$A$66,0)),"") | X35: =IFERROR(INDEX(梱包!$L$7:$L$66,MATCH($T35,梱包!$A$7:$A$66,0)),"") | Z35: =IF(OR(ピッキング!$E$39="",ピッキング!$C$39=""),"",ピッキング!$E$39/ピッキング!$C$39) | AA35: =IF(ピッキング!$G$39="","",ピッキング!$G$39) | AB35: =IF(ピッキング!$P$39="","",ピッキング!$P$39) | AD35: =IF(AND(ISNUMBER(Z35),ISNUMBER(AA35)),1,0) -> 0 | AE35: =IF(AD35=1,SUM($AD$3:AD35),"") | AF35: =IFERROR(INDEX($Z$3:$Z$62,MATCH(T35,$AE$3:$AE$62,0)),"") | AG35: =IFERROR(INDEX($AA$3:$AA$62,MATCH(T35,$AE$3:$AE$62,0)),"") | AI35: =IF(AND(ISNUMBER(Z35),ISNUMBER(AB35)),1,0) -> 0 | AJ35: =IF(AI35=1,SUM($AI$3:AI35),"") | AK35: =IFERROR(INDEX($Z$3:$Z$62,MATCH(T35,$AJ$3:$AJ$62,0)),"") | AL35: =IFERROR(INDEX($AB$3:$AB$62,MATCH(T35,$AJ$3:$AJ$62,0)),"") | AN35: =IF(ピッキング!$C$39="","",ピッキング!$C$39+ROW()/100000)
T36: 34 | U36: =IFERROR(INDEX(ピッキング!$B$7:$B$66,MATCH($T36,ピッキング!$A$7:$A$66,0)),"") | V36: =IFERROR(INDEX(ピッキング!$L$7:$L$66,MATCH($T36,ピッキング!$A$7:$A$66,0)),"") | W36: =IFERROR(INDEX(梱包!$B$7:$B$66,MATCH($T36,梱包!$A$7:$A$66,0)),"") | X36: =IFERROR(INDEX(梱包!$L$7:$L$66,MATCH($T36,梱包!$A$7:$A$66,0)),"") | Z36: =IF(OR(ピッキング!$E$40="",ピッキング!$C$40=""),"",ピッキング!$E$40/ピッキング!$C$40) | AA36: =IF(ピッキング!$G$40="","",ピッキング!$G$40) | AB36: =IF(ピッキング!$P$40="","",ピッキング!$P$40) | AD36: =IF(AND(ISNUMBER(Z36),ISNUMBER(AA36)),1,0) -> 0 | AE36: =IF(AD36=1,SUM($AD$3:AD36),"") | AF36: =IFERROR(INDEX($Z$3:$Z$62,MATCH(T36,$AE$3:$AE$62,0)),"") | AG36: =IFERROR(INDEX($AA$3:$AA$62,MATCH(T36,$AE$3:$AE$62,0)),"") | AI36: =IF(AND(ISNUMBER(Z36),ISNUMBER(AB36)),1,0) -> 0 | AJ36: =IF(AI36=1,SUM($AI$3:AI36),"") | AK36: =IFERROR(INDEX($Z$3:$Z$62,MATCH(T36,$AJ$3:$AJ$62,0)),"") | AL36: =IFERROR(INDEX($AB$3:$AB$62,MATCH(T36,$AJ$3:$AJ$62,0)),"") | AN36: =IF(ピッキング!$C$40="","",ピッキング!$C$40+ROW()/100000)
T37: 35 | U37: =IFERROR(INDEX(ピッキング!$B$7:$B$66,MATCH($T37,ピッキング!$A$7:$A$66,0)),"") | V37: =IFERROR(INDEX(ピッキング!$L$7:$L$66,MATCH($T37,ピッキング!$A$7:$A$66,0)),"") | W37: =IFERROR(INDEX(梱包!$B$7:$B$66,MATCH($T37,梱包!$A$7:$A$66,0)),"") | X37: =IFERROR(INDEX(梱包!$L$7:$L$66,MATCH($T37,梱包!$A$7:$A$66,0)),"") | Z37: =IF(OR(ピッキング!$E$41="",ピッキング!$C$41=""),"",ピッキング!$E$41/ピッキング!$C$41) | AA37: =IF(ピッキング!$G$41="","",ピッキング!$G$41) | AB37: =IF(ピッキング!$P$41="","",ピッキング!$P$41) | AD37: =IF(AND(ISNUMBER(Z37),ISNUMBER(AA37)),1,0) -> 0 | AE37: =IF(AD37=1,SUM($AD$3:AD37),"") | AF37: =IFERROR(INDEX($Z$3:$Z$62,MATCH(T37,$AE$3:$AE$62,0)),"") | AG37: =IFERROR(INDEX($AA$3:$AA$62,MATCH(T37,$AE$3:$AE$62,0)),"") | AI37: =IF(AND(ISNUMBER(Z37),ISNUMBER(AB37)),1,0) -> 0 | AJ37: =IF(AI37=1,SUM($AI$3:AI37),"") | AK37: =IFERROR(INDEX($Z$3:$Z$62,MATCH(T37,$AJ$3:$AJ$62,0)),"") | AL37: =IFERROR(INDEX($AB$3:$AB$62,MATCH(T37,$AJ$3:$AJ$62,0)),"") | AN37: =IF(ピッキング!$C$41="","",ピッキング!$C$41+ROW()/100000)
T38: 36 | U38: =IFERROR(INDEX(ピッキング!$B$7:$B$66,MATCH($T38,ピッキング!$A$7:$A$66,0)),"") | V38: =IFERROR(INDEX(ピッキング!$L$7:$L$66,MATCH($T38,ピッキング!$A$7:$A$66,0)),"") | W38: =IFERROR(INDEX(梱包!$B$7:$B$66,MATCH($T38,梱包!$A$7:$A$66,0)),"") | X38: =IFERROR(INDEX(梱包!$L$7:$L$66,MATCH($T38,梱包!$A$7:$A$66,0)),"") | Z38: =IF(OR(ピッキング!$E$42="",ピッキング!$C$42=""),"",ピッキング!$E$42/ピッキング!$C$42) | AA38: =IF(ピッキング!$G$42="","",ピッキング!$G$42) | AB38: =IF(ピッキング!$P$42="","",ピッキング!$P$42) | AD38: =IF(AND(ISNUMBER(Z38),ISNUMBER(AA38)),1,0) -> 0 | AE38: =IF(AD38=1,SUM($AD$3:AD38),"") | AF38: =IFERROR(INDEX($Z$3:$Z$62,MATCH(T38,$AE$3:$AE$62,0)),"") | AG38: =IFERROR(INDEX($AA$3:$AA$62,MATCH(T38,$AE$3:$AE$62,0)),"") | AI38: =IF(AND(ISNUMBER(Z38),ISNUMBER(AB38)),1,0) -> 0 | AJ38: =IF(AI38=1,SUM($AI$3:AI38),"") | AK38: =IFERROR(INDEX($Z$3:$Z$62,MATCH(T38,$AJ$3:$AJ$62,0)),"") | AL38: =IFERROR(INDEX($AB$3:$AB$62,MATCH(T38,$AJ$3:$AJ$62,0)),"") | AN38: =IF(ピッキング!$C$42="","",ピッキング!$C$42+ROW()/100000)
T39: 37 | U39: =IFERROR(INDEX(ピッキング!$B$7:$B$66,MATCH($T39,ピッキング!$A$7:$A$66,0)),"") | V39: =IFERROR(INDEX(ピッキング!$L$7:$L$66,MATCH($T39,ピッキング!$A$7:$A$66,0)),"") | W39: =IFERROR(INDEX(梱包!$B$7:$B$66,MATCH($T39,梱包!$A$7:$A$66,0)),"") | X39: =IFERROR(INDEX(梱包!$L$7:$L$66,MATCH($T39,梱包!$A$7:$A$66,0)),"") | Z39: =IF(OR(ピッキング!$E$43="",ピッキング!$C$43=""),"",ピッキング!$E$43/ピッキング!$C$43) | AA39: =IF(ピッキング!$G$43="","",ピッキング!$G$43) | AB39: =IF(ピッキング!$P$43="","",ピッキング!$P$43) | AD39: =IF(AND(ISNUMBER(Z39),ISNUMBER(AA39)),1,0) -> 0 | AE39: =IF(AD39=1,SUM($AD$3:AD39),"") | AF39: =IFERROR(INDEX($Z$3:$Z$62,MATCH(T39,$AE$3:$AE$62,0)),"") | AG39: =IFERROR(INDEX($AA$3:$AA$62,MATCH(T39,$AE$3:$AE$62,0)),"") | AI39: =IF(AND(ISNUMBER(Z39),ISNUMBER(AB39)),1,0) -> 0 | AJ39: =IF(AI39=1,SUM($AI$3:AI39),"") | AK39: =IFERROR(INDEX($Z$3:$Z$62,MATCH(T39,$AJ$3:$AJ$62,0)),"") | AL39: =IFERROR(INDEX($AB$3:$AB$62,MATCH(T39,$AJ$3:$AJ$62,0)),"") | AN39: =IF(ピッキング!$C$43="","",ピッキング!$C$43+ROW()/100000)
T40: 38 | U40: =IFERROR(INDEX(ピッキング!$B$7:$B$66,MATCH($T40,ピッキング!$A$7:$A$66,0)),"") | V40: =IFERROR(INDEX(ピッキング!$L$7:$L$66,MATCH($T40,ピッキング!$A$7:$A$66,0)),"") | W40: =IFERROR(INDEX(梱包!$B$7:$B$66,MATCH($T40,梱包!$A$7:$A$66,0)),"") | X40: =IFERROR(INDEX(梱包!$L$7:$L$66,MATCH($T40,梱包!$A$7:$A$66,0)),"") | Z40: =IF(OR(ピッキング!$E$44="",ピッキング!$C$44=""),"",ピッキング!$E$44/ピッキング!$C$44) | AA40: =IF(ピッキング!$G$44="","",ピッキング!$G$44) | AB40: =IF(ピッキング!$P$44="","",ピッキング!$P$44) | AD40: =IF(AND(ISNUMBER(Z40),ISNUMBER(AA40)),1,0) -> 0 | AE40: =IF(AD40=1,SUM($AD$3:AD40),"") | AF40: =IFERROR(INDEX($Z$3:$Z$62,MATCH(T40,$AE$3:$AE$62,0)),"") | AG40: =IFERROR(INDEX($AA$3:$AA$62,MATCH(T40,$AE$3:$AE$62,0)),"") | AI40: =IF(AND(ISNUMBER(Z40),ISNUMBER(AB40)),1,0) -> 0 | AJ40: =IF(AI40=1,SUM($AI$3:AI40),"") | AK40: =IFERROR(INDEX($Z$3:$Z$62,MATCH(T40,$AJ$3:$AJ$62,0)),"") | AL40: =IFERROR(INDEX($AB$3:$AB$62,MATCH(T40,$AJ$3:$AJ$62,0)),"") | AN40: =IF(ピッキング!$C$44="","",ピッキング!$C$44+ROW()/100000)
T41: 39 | U41: =IFERROR(INDEX(ピッキング!$B$7:$B$66,MATCH($T41,ピッキング!$A$7:$A$66,0)),"") | V41: =IFERROR(INDEX(ピッキング!$L$7:$L$66,MATCH($T41,ピッキング!$A$7:$A$66,0)),"") | W41: =IFERROR(INDEX(梱包!$B$7:$B$66,MATCH($T41,梱包!$A$7:$A$66,0)),"") | X41: =IFERROR(INDEX(梱包!$L$7:$L$66,MATCH($T41,梱包!$A$7:$A$66,0)),"") | Z41: =IF(OR(ピッキング!$E$45="",ピッキング!$C$45=""),"",ピッキング!$E$45/ピッキング!$C$45) | AA41: =IF(ピッキング!$G$45="","",ピッキング!$G$45) | AB41: =IF(ピッキング!$P$45="","",ピッキング!$P$45) | AD41: =IF(AND(ISNUMBER(Z41),ISNUMBER(AA41)),1,0) -> 0 | AE41: =IF(AD41=1,SUM($AD$3:AD41),"") | AF41: =IFERROR(INDEX($Z$3:$Z$62,MATCH(T41,$AE$3:$AE$62,0)),"") | AG41: =IFERROR(INDEX($AA$3:$AA$62,MATCH(T41,$AE$3:$AE$62,0)),"") | AI41: =IF(AND(ISNUMBER(Z41),ISNUMBER(AB41)),1,0) -> 0 | AJ41: =IF(AI41=1,SUM($AI$3:AI41),"") | AK41: =IFERROR(INDEX($Z$3:$Z$62,MATCH(T41,$AJ$3:$AJ$62,0)),"") | AL41: =IFERROR(INDEX($AB$3:$AB$62,MATCH(T41,$AJ$3:$AJ$62,0)),"") | AN41: =IF(ピッキング!$C$45="","",ピッキング!$C$45+ROW()/100000)
T42: 40 | U42: =IFERROR(INDEX(ピッキング!$B$7:$B$66,MATCH($T42,ピッキング!$A$7:$A$66,0)),"") | V42: =IFERROR(INDEX(ピッキング!$L$7:$L$66,MATCH($T42,ピッキング!$A$7:$A$66,0)),"") | W42: =IFERROR(INDEX(梱包!$B$7:$B$66,MATCH($T42,梱包!$A$7:$A$66,0)),"") | X42: =IFERROR(INDEX(梱包!$L$7:$L$66,MATCH($T42,梱包!$A$7:$A$66,0)),"") | Z42: =IF(OR(ピッキング!$E$46="",ピッキング!$C$46=""),"",ピッキング!$E$46/ピッキング!$C$46) | AA42: =IF(ピッキング!$G$46="","",ピッキング!$G$46) | AB42: =IF(ピッキング!$P$46="","",ピッキング!$P$46) | AD42: =IF(AND(ISNUMBER(Z42),ISNUMBER(AA42)),1,0) -> 0 | AE42: =IF(AD42=1,SUM($AD$3:AD42),"") | AF42: =IFERROR(INDEX($Z$3:$Z$62,MATCH(T42,$AE$3:$AE$62,0)),"") | AG42: =IFERROR(INDEX($AA$3:$AA$62,MATCH(T42,$AE$3:$AE$62,0)),"") | AI42: =IF(AND(ISNUMBER(Z42),ISNUMBER(AB42)),1,0) -> 0 | AJ42: =IF(AI42=1,SUM($AI$3:AI42),"") | AK42: =IFERROR(INDEX($Z$3:$Z$62,MATCH(T42,$AJ$3:$AJ$62,0)),"") | AL42: =IFERROR(INDEX($AB$3:$AB$62,MATCH(T42,$AJ$3:$AJ$62,0)),"") | AN42: =IF(ピッキング!$C$46="","",ピッキング!$C$46+ROW()/100000)
T43: 41 | U43: =IFERROR(INDEX(ピッキング!$B$7:$B$66,MATCH($T43,ピッキング!$A$7:$A$66,0)),"") | V43: =IFERROR(INDEX(ピッキング!$L$7:$L$66,MATCH($T43,ピッキング!$A$7:$A$66,0)),"") | W43: =IFERROR(INDEX(梱包!$B$7:$B$66,MATCH($T43,梱包!$A$7:$A$66,0)),"") | X43: =IFERROR(INDEX(梱包!$L$7:$L$66,MATCH($T43,梱包!$A$7:$A$66,0)),"") | Z43: =IF(OR(ピッキング!$E$47="",ピッキング!$C$47=""),"",ピッキング!$E$47/ピッキング!$C$47) | AA43: =IF(ピッキング!$G$47="","",ピッキング!$G$47) | AB43: =IF(ピッキング!$P$47="","",ピッキング!$P$47) | AD43: =IF(AND(ISNUMBER(Z43),ISNUMBER(AA43)),1,0) -> 0 | AE43: =IF(AD43=1,SUM($AD$3:AD43),"") | AF43: =IFERROR(INDEX($Z$3:$Z$62,MATCH(T43,$AE$3:$AE$62,0)),"") | AG43: =IFERROR(INDEX($AA$3:$AA$62,MATCH(T43,$AE$3:$AE$62,0)),"") | AI43: =IF(AND(ISNUMBER(Z43),ISNUMBER(AB43)),1,0) -> 0 | AJ43: =IF(AI43=1,SUM($AI$3:AI43),"") | AK43: =IFERROR(INDEX($Z$3:$Z$62,MATCH(T43,$AJ$3:$AJ$62,0)),"") | AL43: =IFERROR(INDEX($AB$3:$AB$62,MATCH(T43,$AJ$3:$AJ$62,0)),"") | AN43: =IF(ピッキング!$C$47="","",ピッキング!$C$47+ROW()/100000)
T44: 42 | U44: =IFERROR(INDEX(ピッキング!$B$7:$B$66,MATCH($T44,ピッキング!$A$7:$A$66,0)),"") | V44: =IFERROR(INDEX(ピッキング!$L$7:$L$66,MATCH($T44,ピッキング!$A$7:$A$66,0)),"") | W44: =IFERROR(INDEX(梱包!$B$7:$B$66,MATCH($T44,梱包!$A$7:$A$66,0)),"") | X44: =IFERROR(INDEX(梱包!$L$7:$L$66,MATCH($T44,梱包!$A$7:$A$66,0)),"") | Z44: =IF(OR(ピッキング!$E$48="",ピッキング!$C$48=""),"",ピッキング!$E$48/ピッキング!$C$48) | AA44: =IF(ピッキング!$G$48="","",ピッキング!$G$48) | AB44: =IF(ピッキング!$P$48="","",ピッキング!$P$48) | AD44: =IF(AND(ISNUMBER(Z44),ISNUMBER(AA44)),1,0) -> 0 | AE44: =IF(AD44=1,SUM($AD$3:AD44),"") | AF44: =IFERROR(INDEX($Z$3:$Z$62,MATCH(T44,$AE$3:$AE$62,0)),"") | AG44: =IFERROR(INDEX($AA$3:$AA$62,MATCH(T44,$AE$3:$AE$62,0)),"") | AI44: =IF(AND(ISNUMBER(Z44),ISNUMBER(AB44)),1,0) -> 0 | AJ44: =IF(AI44=1,SUM($AI$3:AI44),"") | AK44: =IFERROR(INDEX($Z$3:$Z$62,MATCH(T44,$AJ$3:$AJ$62,0)),"") | AL44: =IFERROR(INDEX($AB$3:$AB$62,MATCH(T44,$AJ$3:$AJ$62,0)),"") | AN44: =IF(ピッキング!$C$48="","",ピッキング!$C$48+ROW()/100000)
T45: 43 | U45: =IFERROR(INDEX(ピッキング!$B$7:$B$66,MATCH($T45,ピッキング!$A$7:$A$66,0)),"") | V45: =IFERROR(INDEX(ピッキング!$L$7:$L$66,MATCH($T45,ピッキング!$A$7:$A$66,0)),"") | W45: =IFERROR(INDEX(梱包!$B$7:$B$66,MATCH($T45,梱包!$A$7:$A$66,0)),"") | X45: =IFERROR(INDEX(梱包!$L$7:$L$66,MATCH($T45,梱包!$A$7:$A$66,0)),"") | Z45: =IF(OR(ピッキング!$E$49="",ピッキング!$C$49=""),"",ピッキング!$E$49/ピッキング!$C$49) | AA45: =IF(ピッキング!$G$49="","",ピッキング!$G$49) | AB45: =IF(ピッキング!$P$49="","",ピッキング!$P$49) | AD45: =IF(AND(ISNUMBER(Z45),ISNUMBER(AA45)),1,0) -> 0 | AE45: =IF(AD45=1,SUM($AD$3:AD45),"") | AF45: =IFERROR(INDEX($Z$3:$Z$62,MATCH(T45,$AE$3:$AE$62,0)),"") | AG45: =IFERROR(INDEX($AA$3:$AA$62,MATCH(T45,$AE$3:$AE$62,0)),"") | AI45: =IF(AND(ISNUMBER(Z45),ISNUMBER(AB45)),1,0) -> 0 | AJ45: =IF(AI45=1,SUM($AI$3:AI45),"") | AK45: =IFERROR(INDEX($Z$3:$Z$62,MATCH(T45,$AJ$3:$AJ$62,0)),"") | AL45: =IFERROR(INDEX($AB$3:$AB$62,MATCH(T45,$AJ$3:$AJ$62,0)),"") | AN45: =IF(ピッキング!$C$49="","",ピッキング!$C$49+ROW()/100000)
T46: 44 | U46: =IFERROR(INDEX(ピッキング!$B$7:$B$66,MATCH($T46,ピッキング!$A$7:$A$66,0)),"") | V46: =IFERROR(INDEX(ピッキング!$L$7:$L$66,MATCH($T46,ピッキング!$A$7:$A$66,0)),"") | W46: =IFERROR(INDEX(梱包!$B$7:$B$66,MATCH($T46,梱包!$A$7:$A$66,0)),"") | X46: =IFERROR(INDEX(梱包!$L$7:$L$66,MATCH($T46,梱包!$A$7:$A$66,0)),"") | Z46: =IF(OR(ピッキング!$E$50="",ピッキング!$C$50=""),"",ピッキング!$E$50/ピッキング!$C$50) | AA46: =IF(ピッキング!$G$50="","",ピッキング!$G$50) | AB46: =IF(ピッキング!$P$50="","",ピッキング!$P$50) | AD46: =IF(AND(ISNUMBER(Z46),ISNUMBER(AA46)),1,0) -> 0 | AE46: =IF(AD46=1,SUM($AD$3:AD46),"") | AF46: =IFERROR(INDEX($Z$3:$Z$62,MATCH(T46,$AE$3:$AE$62,0)),"") | AG46: =IFERROR(INDEX($AA$3:$AA$62,MATCH(T46,$AE$3:$AE$62,0)),"") | AI46: =IF(AND(ISNUMBER(Z46),ISNUMBER(AB46)),1,0) -> 0 | AJ46: =IF(AI46=1,SUM($AI$3:AI46),"") | AK46: =IFERROR(INDEX($Z$3:$Z$62,MATCH(T46,$AJ$3:$AJ$62,0)),"") | AL46: =IFERROR(INDEX($AB$3:$AB$62,MATCH(T46,$AJ$3:$AJ$62,0)),"") | AN46: =IF(ピッキング!$C$50="","",ピッキング!$C$50+ROW()/100000)
B47: ② 段取りを除くと、その傾きが消える | T47: 45 | U47: =IFERROR(INDEX(ピッキング!$B$7:$B$66,MATCH($T47,ピッキング!$A$7:$A$66,0)),"") | V47: =IFERROR(INDEX(ピッキング!$L$7:$L$66,MATCH($T47,ピッキング!$A$7:$A$66,0)),"") | W47: =IFERROR(INDEX(梱包!$B$7:$B$66,MATCH($T47,梱包!$A$7:$A$66,0)),"") | X47: =IFERROR(INDEX(梱包!$L$7:$L$66,MATCH($T47,梱包!$A$7:$A$66,0)),"") | Z47: =IF(OR(ピッキング!$E$51="",ピッキング!$C$51=""),"",ピッキング!$E$51/ピッキング!$C$51) | AA47: =IF(ピッキング!$G$51="","",ピッキング!$G$51) | AB47: =IF(ピッキング!$P$51="","",ピッキング!$P$51) | AD47: =IF(AND(ISNUMBER(Z47),ISNUMBER(AA47)),1,0) -> 0 | AE47: =IF(AD47=1,SUM($AD$3:AD47),"") | AF47: =IFERROR(INDEX($Z$3:$Z$62,MATCH(T47,$AE$3:$AE$62,0)),"") | AG47: =IFERROR(INDEX($AA$3:$AA$62,MATCH(T47,$AE$3:$AE$62,0)),"") | AI47: =IF(AND(ISNUMBER(Z47),ISNUMBER(AB47)),1,0) -> 0 | AJ47: =IF(AI47=1,SUM($AI$3:AI47),"") | AK47: =IFERROR(INDEX($Z$3:$Z$62,MATCH(T47,$AJ$3:$AJ$62,0)),"") | AL47: =IFERROR(INDEX($AB$3:$AB$62,MATCH(T47,$AJ$3:$AJ$62,0)),"") | AN47: =IF(ピッキング!$C$51="","",ピッキング!$C$51+ROW()/100000)
B48: 横軸は①と全く同じ。縦軸だけ純速度に替えたもの。傾きが消えれば、担当リストの偏りを取り除けたことになる。 | T48: 46 | U48: =IFERROR(INDEX(ピッキング!$B$7:$B$66,MATCH($T48,ピッキング!$A$7:$A$66,0)),"") | V48: =IFERROR(INDEX(ピッキング!$L$7:$L$66,MATCH($T48,ピッキング!$A$7:$A$66,0)),"") | W48: =IFERROR(INDEX(梱包!$B$7:$B$66,MATCH($T48,梱包!$A$7:$A$66,0)),"") | X48: =IFERROR(INDEX(梱包!$L$7:$L$66,MATCH($T48,梱包!$A$7:$A$66,0)),"") | Z48: =IF(OR(ピッキング!$E$52="",ピッキング!$C$52=""),"",ピッキング!$E$52/ピッキング!$C$52) | AA48: =IF(ピッキング!$G$52="","",ピッキング!$G$52) | AB48: =IF(ピッキング!$P$52="","",ピッキング!$P$52) | AD48: =IF(AND(ISNUMBER(Z48),ISNUMBER(AA48)),1,0) -> 0 | AE48: =IF(AD48=1,SUM($AD$3:AD48),"") | AF48: =IFERROR(INDEX($Z$3:$Z$62,MATCH(T48,$AE$3:$AE$62,0)),"") | AG48: =IFERROR(INDEX($AA$3:$AA$62,MATCH(T48,$AE$3:$AE$62,0)),"") | AI48: =IF(AND(ISNUMBER(Z48),ISNUMBER(AB48)),1,0) -> 0 | AJ48: =IF(AI48=1,SUM($AI$3:AI48),"") | AK48: =IFERROR(INDEX($Z$3:$Z$62,MATCH(T48,$AJ$3:$AJ$62,0)),"") | AL48: =IFERROR(INDEX($AB$3:$AB$62,MATCH(T48,$AJ$3:$AJ$62,0)),"") | AN48: =IF(ピッキング!$C$52="","",ピッキング!$C$52+ROW()/100000)
B49: 相関 r | C49: =散布図!$C$19 -> 0.090933681 | D49: p 値 | E49: =散布図!$C$23 -> 0.63897915 | F49: n | G49: =散布図!$C$18 -> 29 | H49: 傾きは無いと言ってよい（軸範囲は①と同一） | T49: 47 | U49: =IFERROR(INDEX(ピッキング!$B$7:$B$66,MATCH($T49,ピッキング!$A$7:$A$66,0)),"") | V49: =IFERROR(INDEX(ピッキング!$L$7:$L$66,MATCH($T49,ピッキング!$A$7:$A$66,0)),"") | W49: =IFERROR(INDEX(梱包!$B$7:$B$66,MATCH($T49,梱包!$A$7:$A$66,0)),"") | X49: =IFERROR(INDEX(梱包!$L$7:$L$66,MATCH($T49,梱包!$A$7:$A$66,0)),"") | Z49: =IF(OR(ピッキング!$E$53="",ピッキング!$C$53=""),"",ピッキング!$E$53/ピッキング!$C$53) | AA49: =IF(ピッキング!$G$53="","",ピッキング!$G$53) | AB49: =IF(ピッキング!$P$53="","",ピッキング!$P$53) | AD49: =IF(AND(ISNUMBER(Z49),ISNUMBER(AA49)),1,0) -> 0 | AE49: =IF(AD49=1,SUM($AD$3:AD49),"") | AF49: =IFERROR(INDEX($Z$3:$Z$62,MATCH(T49,$AE$3:$AE$62,0)),"") | AG49: =IFERROR(INDEX($AA$3:$AA$62,MATCH(T49,$AE$3:$AE$62,0)),"") | AI49: =IF(AND(ISNUMBER(Z49),ISNUMBER(AB49)),1,0) -> 0 | AJ49: =IF(AI49=1,SUM($AI$3:AI49),"") | AK49: =IFERROR(INDEX($Z$3:$Z$62,MATCH(T49,$AJ$3:$AJ$62,0)),"") | AL49: =IFERROR(INDEX($AB$3:$AB$62,MATCH(T49,$AJ$3:$AJ$62,0)),"") | AN49: =IF(ピッキング!$C$53="","",ピッキング!$C$53+ROW()/100000)
T50: 48 | U50: =IFERROR(INDEX(ピッキング!$B$7:$B$66,MATCH($T50,ピッキング!$A$7:$A$66,0)),"") | V50: =IFERROR(INDEX(ピッキング!$L$7:$L$66,MATCH($T50,ピッキング!$A$7:$A$66,0)),"") | W50: =IFERROR(INDEX(梱包!$B$7:$B$66,MATCH($T50,梱包!$A$7:$A$66,0)),"") | X50: =IFERROR(INDEX(梱包!$L$7:$L$66,MATCH($T50,梱包!$A$7:$A$66,0)),"") | Z50: =IF(OR(ピッキング!$E$54="",ピッキング!$C$54=""),"",ピッキング!$E$54/ピッキング!$C$54) | AA50: =IF(ピッキング!$G$54="","",ピッキング!$G$54) | AB50: =IF(ピッキング!$P$54="","",ピッキング!$P$54) | AD50: =IF(AND(ISNUMBER(Z50),ISNUMBER(AA50)),1,0) -> 0 | AE50: =IF(AD50=1,SUM($AD$3:AD50),"") | AF50: =IFERROR(INDEX($Z$3:$Z$62,MATCH(T50,$AE$3:$AE$62,0)),"") | AG50: =IFERROR(INDEX($AA$3:$AA$62,MATCH(T50,$AE$3:$AE$62,0)),"") | AI50: =IF(AND(ISNUMBER(Z50),ISNUMBER(AB50)),1,0) -> 0 | AJ50: =IF(AI50=1,SUM($AI$3:AI50),"") | AK50: =IFERROR(INDEX($Z$3:$Z$62,MATCH(T50,$AJ$3:$AJ$62,0)),"") | AL50: =IFERROR(INDEX($AB$3:$AB$62,MATCH(T50,$AJ$3:$AJ$62,0)),"") | AN50: =IF(ピッキング!$C$54="","",ピッキング!$C$54+ROW()/100000)
T51: 49 | U51: =IFERROR(INDEX(ピッキング!$B$7:$B$66,MATCH($T51,ピッキング!$A$7:$A$66,0)),"") | V51: =IFERROR(INDEX(ピッキング!$L$7:$L$66,MATCH($T51,ピッキング!$A$7:$A$66,0)),"") | W51: =IFERROR(INDEX(梱包!$B$7:$B$66,MATCH($T51,梱包!$A$7:$A$66,0)),"") | X51: =IFERROR(INDEX(梱包!$L$7:$L$66,MATCH($T51,梱包!$A$7:$A$66,0)),"") | Z51: =IF(OR(ピッキング!$E$55="",ピッキング!$C$55=""),"",ピッキング!$E$55/ピッキング!$C$55) | AA51: =IF(ピッキング!$G$55="","",ピッキング!$G$55) | AB51: =IF(ピッキング!$P$55="","",ピッキング!$P$55) | AD51: =IF(AND(ISNUMBER(Z51),ISNUMBER(AA51)),1,0) -> 0 | AE51: =IF(AD51=1,SUM($AD$3:AD51),"") | AF51: =IFERROR(INDEX($Z$3:$Z$62,MATCH(T51,$AE$3:$AE$62,0)),"") | AG51: =IFERROR(INDEX($AA$3:$AA$62,MATCH(T51,$AE$3:$AE$62,0)),"") | AI51: =IF(AND(ISNUMBER(Z51),ISNUMBER(AB51)),1,0) -> 0 | AJ51: =IF(AI51=1,SUM($AI$3:AI51),"") | AK51: =IFERROR(INDEX($Z$3:$Z$62,MATCH(T51,$AJ$3:$AJ$62,0)),"") | AL51: =IFERROR(INDEX($AB$3:$AB$62,MATCH(T51,$AJ$3:$AJ$62,0)),"") | AN51: =IF(ピッキング!$C$55="","",ピッキング!$C$55+ROW()/100000)
T52: 50 | U52: =IFERROR(INDEX(ピッキング!$B$7:$B$66,MATCH($T52,ピッキング!$A$7:$A$66,0)),"") | V52: =IFERROR(INDEX(ピッキング!$L$7:$L$66,MATCH($T52,ピッキング!$A$7:$A$66,0)),"") | W52: =IFERROR(INDEX(梱包!$B$7:$B$66,MATCH($T52,梱包!$A$7:$A$66,0)),"") | X52: =IFERROR(INDEX(梱包!$L$7:$L$66,MATCH($T52,梱包!$A$7:$A$66,0)),"") | Z52: =IF(OR(ピッキング!$E$56="",ピッキング!$C$56=""),"",ピッキング!$E$56/ピッキング!$C$56) | AA52: =IF(ピッキング!$G$56="","",ピッキング!$G$56) | AB52: =IF(ピッキング!$P$56="","",ピッキング!$P$56) | AD52: =IF(AND(ISNUMBER(Z52),ISNUMBER(AA52)),1,0) -> 0 | AE52: =IF(AD52=1,SUM($AD$3:AD52),"") | AF52: =IFERROR(INDEX($Z$3:$Z$62,MATCH(T52,$AE$3:$AE$62,0)),"") | AG52: =IFERROR(INDEX($AA$3:$AA$62,MATCH(T52,$AE$3:$AE$62,0)),"") | AI52: =IF(AND(ISNUMBER(Z52),ISNUMBER(AB52)),1,0) -> 0 | AJ52: =IF(AI52=1,SUM($AI$3:AI52),"") | AK52: =IFERROR(INDEX($Z$3:$Z$62,MATCH(T52,$AJ$3:$AJ$62,0)),"") | AL52: =IFERROR(INDEX($AB$3:$AB$62,MATCH(T52,$AJ$3:$AJ$62,0)),"") | AN52: =IF(ピッキング!$C$56="","",ピッキング!$C$56+ROW()/100000)
T53: 51 | U53: =IFERROR(INDEX(ピッキング!$B$7:$B$66,MATCH($T53,ピッキング!$A$7:$A$66,0)),"") | V53: =IFERROR(INDEX(ピッキング!$L$7:$L$66,MATCH($T53,ピッキング!$A$7:$A$66,0)),"") | W53: =IFERROR(INDEX(梱包!$B$7:$B$66,MATCH($T53,梱包!$A$7:$A$66,0)),"") | X53: =IFERROR(INDEX(梱包!$L$7:$L$66,MATCH($T53,梱包!$A$7:$A$66,0)),"") | Z53: =IF(OR(ピッキング!$E$57="",ピッキング!$C$57=""),"",ピッキング!$E$57/ピッキング!$C$57) | AA53: =IF(ピッキング!$G$57="","",ピッキング!$G$57) | AB53: =IF(ピッキング!$P$57="","",ピッキング!$P$57) | AD53: =IF(AND(ISNUMBER(Z53),ISNUMBER(AA53)),1,0) -> 0 | AE53: =IF(AD53=1,SUM($AD$3:AD53),"") | AF53: =IFERROR(INDEX($Z$3:$Z$62,MATCH(T53,$AE$3:$AE$62,0)),"") | AG53: =IFERROR(INDEX($AA$3:$AA$62,MATCH(T53,$AE$3:$AE$62,0)),"") | AI53: =IF(AND(ISNUMBER(Z53),ISNUMBER(AB53)),1,0) -> 0 | AJ53: =IF(AI53=1,SUM($AI$3:AI53),"") | AK53: =IFERROR(INDEX($Z$3:$Z$62,MATCH(T53,$AJ$3:$AJ$62,0)),"") | AL53: =IFERROR(INDEX($AB$3:$AB$62,MATCH(T53,$AJ$3:$AJ$62,0)),"") | AN53: =IF(ピッキング!$C$57="","",ピッキング!$C$57+ROW()/100000)
T54: 52 | U54: =IFERROR(INDEX(ピッキング!$B$7:$B$66,MATCH($T54,ピッキング!$A$7:$A$66,0)),"") | V54: =IFERROR(INDEX(ピッキング!$L$7:$L$66,MATCH($T54,ピッキング!$A$7:$A$66,0)),"") | W54: =IFERROR(INDEX(梱包!$B$7:$B$66,MATCH($T54,梱包!$A$7:$A$66,0)),"") | X54: =IFERROR(INDEX(梱包!$L$7:$L$66,MATCH($T54,梱包!$A$7:$A$66,0)),"") | Z54: =IF(OR(ピッキング!$E$58="",ピッキング!$C$58=""),"",ピッキング!$E$58/ピッキング!$C$58) | AA54: =IF(ピッキング!$G$58="","",ピッキング!$G$58) | AB54: =IF(ピッキング!$P$58="","",ピッキング!$P$58) | AD54: =IF(AND(ISNUMBER(Z54),ISNUMBER(AA54)),1,0) -> 0 | AE54: =IF(AD54=1,SUM($AD$3:AD54),"") | AF54: =IFERROR(INDEX($Z$3:$Z$62,MATCH(T54,$AE$3:$AE$62,0)),"") | AG54: =IFERROR(INDEX($AA$3:$AA$62,MATCH(T54,$AE$3:$AE$62,0)),"") | AI54: =IF(AND(ISNUMBER(Z54),ISNUMBER(AB54)),1,0) -> 0 | AJ54: =IF(AI54=1,SUM($AI$3:AI54),"") | AK54: =IFERROR(INDEX($Z$3:$Z$62,MATCH(T54,$AJ$3:$AJ$62,0)),"") | AL54: =IFERROR(INDEX($AB$3:$AB$62,MATCH(T54,$AJ$3:$AJ$62,0)),"") | AN54: =IF(ピッキング!$C$58="","",ピッキング!$C$58+ROW()/100000)
T55: 53 | U55: =IFERROR(INDEX(ピッキング!$B$7:$B$66,MATCH($T55,ピッキング!$A$7:$A$66,0)),"") | V55: =IFERROR(INDEX(ピッキング!$L$7:$L$66,MATCH($T55,ピッキング!$A$7:$A$66,0)),"") | W55: =IFERROR(INDEX(梱包!$B$7:$B$66,MATCH($T55,梱包!$A$7:$A$66,0)),"") | X55: =IFERROR(INDEX(梱包!$L$7:$L$66,MATCH($T55,梱包!$A$7:$A$66,0)),"") | Z55: =IF(OR(ピッキング!$E$59="",ピッキング!$C$59=""),"",ピッキング!$E$59/ピッキング!$C$59) | AA55: =IF(ピッキング!$G$59="","",ピッキング!$G$59) | AB55: =IF(ピッキング!$P$59="","",ピッキング!$P$59) | AD55: =IF(AND(ISNUMBER(Z55),ISNUMBER(AA55)),1,0) -> 0 | AE55: =IF(AD55=1,SUM($AD$3:AD55),"") | AF55: =IFERROR(INDEX($Z$3:$Z$62,MATCH(T55,$AE$3:$AE$62,0)),"") | AG55: =IFERROR(INDEX($AA$3:$AA$62,MATCH(T55,$AE$3:$AE$62,0)),"") | AI55: =IF(AND(ISNUMBER(Z55),ISNUMBER(AB55)),1,0) -> 0 | AJ55: =IF(AI55=1,SUM($AI$3:AI55),"") | AK55: =IFERROR(INDEX($Z$3:$Z$62,MATCH(T55,$AJ$3:$AJ$62,0)),"") | AL55: =IFERROR(INDEX($AB$3:$AB$62,MATCH(T55,$AJ$3:$AJ$62,0)),"") | AN55: =IF(ピッキング!$C$59="","",ピッキング!$C$59+ROW()/100000)
T56: 54 | U56: =IFERROR(INDEX(ピッキング!$B$7:$B$66,MATCH($T56,ピッキング!$A$7:$A$66,0)),"") | V56: =IFERROR(INDEX(ピッキング!$L$7:$L$66,MATCH($T56,ピッキング!$A$7:$A$66,0)),"") | W56: =IFERROR(INDEX(梱包!$B$7:$B$66,MATCH($T56,梱包!$A$7:$A$66,0)),"") | X56: =IFERROR(INDEX(梱包!$L$7:$L$66,MATCH($T56,梱包!$A$7:$A$66,0)),"") | Z56: =IF(OR(ピッキング!$E$60="",ピッキング!$C$60=""),"",ピッキング!$E$60/ピッキング!$C$60) | AA56: =IF(ピッキング!$G$60="","",ピッキング!$G$60) | AB56: =IF(ピッキング!$P$60="","",ピッキング!$P$60) | AD56: =IF(AND(ISNUMBER(Z56),ISNUMBER(AA56)),1,0) -> 0 | AE56: =IF(AD56=1,SUM($AD$3:AD56),"") | AF56: =IFERROR(INDEX($Z$3:$Z$62,MATCH(T56,$AE$3:$AE$62,0)),"") | AG56: =IFERROR(INDEX($AA$3:$AA$62,MATCH(T56,$AE$3:$AE$62,0)),"") | AI56: =IF(AND(ISNUMBER(Z56),ISNUMBER(AB56)),1,0) -> 0 | AJ56: =IF(AI56=1,SUM($AI$3:AI56),"") | AK56: =IFERROR(INDEX($Z$3:$Z$62,MATCH(T56,$AJ$3:$AJ$62,0)),"") | AL56: =IFERROR(INDEX($AB$3:$AB$62,MATCH(T56,$AJ$3:$AJ$62,0)),"") | AN56: =IF(ピッキング!$C$60="","",ピッキング!$C$60+ROW()/100000)
T57: 55 | U57: =IFERROR(INDEX(ピッキング!$B$7:$B$66,MATCH($T57,ピッキング!$A$7:$A$66,0)),"") | V57: =IFERROR(INDEX(ピッキング!$L$7:$L$66,MATCH($T57,ピッキング!$A$7:$A$66,0)),"") | W57: =IFERROR(INDEX(梱包!$B$7:$B$66,MATCH($T57,梱包!$A$7:$A$66,0)),"") | X57: =IFERROR(INDEX(梱包!$L$7:$L$66,MATCH($T57,梱包!$A$7:$A$66,0)),"") | Z57: =IF(OR(ピッキング!$E$61="",ピッキング!$C$61=""),"",ピッキング!$E$61/ピッキング!$C$61) | AA57: =IF(ピッキング!$G$61="","",ピッキング!$G$61) | AB57: =IF(ピッキング!$P$61="","",ピッキング!$P$61) | AD57: =IF(AND(ISNUMBER(Z57),ISNUMBER(AA57)),1,0) -> 0 | AE57: =IF(AD57=1,SUM($AD$3:AD57),"") | AF57: =IFERROR(INDEX($Z$3:$Z$62,MATCH(T57,$AE$3:$AE$62,0)),"") | AG57: =IFERROR(INDEX($AA$3:$AA$62,MATCH(T57,$AE$3:$AE$62,0)),"") | AI57: =IF(AND(ISNUMBER(Z57),ISNUMBER(AB57)),1,0) -> 0 | AJ57: =IF(AI57=1,SUM($AI$3:AI57),"") | AK57: =IFERROR(INDEX($Z$3:$Z$62,MATCH(T57,$AJ$3:$AJ$62,0)),"") | AL57: =IFERROR(INDEX($AB$3:$AB$62,MATCH(T57,$AJ$3:$AJ$62,0)),"") | AN57: =IF(ピッキング!$C$61="","",ピッキング!$C$61+ROW()/100000)
T58: 56 | U58: =IFERROR(INDEX(ピッキング!$B$7:$B$66,MATCH($T58,ピッキング!$A$7:$A$66,0)),"") | V58: =IFERROR(INDEX(ピッキング!$L$7:$L$66,MATCH($T58,ピッキング!$A$7:$A$66,0)),"") | W58: =IFERROR(INDEX(梱包!$B$7:$B$66,MATCH($T58,梱包!$A$7:$A$66,0)),"") | X58: =IFERROR(INDEX(梱包!$L$7:$L$66,MATCH($T58,梱包!$A$7:$A$66,0)),"") | Z58: =IF(OR(ピッキング!$E$62="",ピッキング!$C$62=""),"",ピッキング!$E$62/ピッキング!$C$62) | AA58: =IF(ピッキング!$G$62="","",ピッキング!$G$62) | AB58: =IF(ピッキング!$P$62="","",ピッキング!$P$62) | AD58: =IF(AND(ISNUMBER(Z58),ISNUMBER(AA58)),1,0) -> 0 | AE58: =IF(AD58=1,SUM($AD$3:AD58),"") | AF58: =IFERROR(INDEX($Z$3:$Z$62,MATCH(T58,$AE$3:$AE$62,0)),"") | AG58: =IFERROR(INDEX($AA$3:$AA$62,MATCH(T58,$AE$3:$AE$62,0)),"") | AI58: =IF(AND(ISNUMBER(Z58),ISNUMBER(AB58)),1,0) -> 0 | AJ58: =IF(AI58=1,SUM($AI$3:AI58),"") | AK58: =IFERROR(INDEX($Z$3:$Z$62,MATCH(T58,$AJ$3:$AJ$62,0)),"") | AL58: =IFERROR(INDEX($AB$3:$AB$62,MATCH(T58,$AJ$3:$AJ$62,0)),"") | AN58: =IF(ピッキング!$C$62="","",ピッキング!$C$62+ROW()/100000)
T59: 57 | U59: =IFERROR(INDEX(ピッキング!$B$7:$B$66,MATCH($T59,ピッキング!$A$7:$A$66,0)),"") | V59: =IFERROR(INDEX(ピッキング!$L$7:$L$66,MATCH($T59,ピッキング!$A$7:$A$66,0)),"") | W59: =IFERROR(INDEX(梱包!$B$7:$B$66,MATCH($T59,梱包!$A$7:$A$66,0)),"") | X59: =IFERROR(INDEX(梱包!$L$7:$L$66,MATCH($T59,梱包!$A$7:$A$66,0)),"") | Z59: =IF(OR(ピッキング!$E$63="",ピッキング!$C$63=""),"",ピッキング!$E$63/ピッキング!$C$63) | AA59: =IF(ピッキング!$G$63="","",ピッキング!$G$63) | AB59: =IF(ピッキング!$P$63="","",ピッキング!$P$63) | AD59: =IF(AND(ISNUMBER(Z59),ISNUMBER(AA59)),1,0) -> 0 | AE59: =IF(AD59=1,SUM($AD$3:AD59),"") | AF59: =IFERROR(INDEX($Z$3:$Z$62,MATCH(T59,$AE$3:$AE$62,0)),"") | AG59: =IFERROR(INDEX($AA$3:$AA$62,MATCH(T59,$AE$3:$AE$62,0)),"") | AI59: =IF(AND(ISNUMBER(Z59),ISNUMBER(AB59)),1,0) -> 0 | AJ59: =IF(AI59=1,SUM($AI$3:AI59),"") | AK59: =IFERROR(INDEX($Z$3:$Z$62,MATCH(T59,$AJ$3:$AJ$62,0)),"") | AL59: =IFERROR(INDEX($AB$3:$AB$62,MATCH(T59,$AJ$3:$AJ$62,0)),"") | AN59: =IF(ピッキング!$C$63="","",ピッキング!$C$63+ROW()/100000)
T60: 58 | U60: =IFERROR(INDEX(ピッキング!$B$7:$B$66,MATCH($T60,ピッキング!$A$7:$A$66,0)),"") | V60: =IFERROR(INDEX(ピッキング!$L$7:$L$66,MATCH($T60,ピッキング!$A$7:$A$66,0)),"") | W60: =IFERROR(INDEX(梱包!$B$7:$B$66,MATCH($T60,梱包!$A$7:$A$66,0)),"") | X60: =IFERROR(INDEX(梱包!$L$7:$L$66,MATCH($T60,梱包!$A$7:$A$66,0)),"") | Z60: =IF(OR(ピッキング!$E$64="",ピッキング!$C$64=""),"",ピッキング!$E$64/ピッキング!$C$64) | AA60: =IF(ピッキング!$G$64="","",ピッキング!$G$64) | AB60: =IF(ピッキング!$P$64="","",ピッキング!$P$64) | AD60: =IF(AND(ISNUMBER(Z60),ISNUMBER(AA60)),1,0) -> 0 | AE60: =IF(AD60=1,SUM($AD$3:AD60),"") | AF60: =IFERROR(INDEX($Z$3:$Z$62,MATCH(T60,$AE$3:$AE$62,0)),"") | AG60: =IFERROR(INDEX($AA$3:$AA$62,MATCH(T60,$AE$3:$AE$62,0)),"") | AI60: =IF(AND(ISNUMBER(Z60),ISNUMBER(AB60)),1,0) -> 0 | AJ60: =IF(AI60=1,SUM($AI$3:AI60),"") | AK60: =IFERROR(INDEX($Z$3:$Z$62,MATCH(T60,$AJ$3:$AJ$62,0)),"") | AL60: =IFERROR(INDEX($AB$3:$AB$62,MATCH(T60,$AJ$3:$AJ$62,0)),"") | AN60: =IF(ピッキング!$C$64="","",ピッキング!$C$64+ROW()/100000)
T61: 59 | U61: =IFERROR(INDEX(ピッキング!$B$7:$B$66,MATCH($T61,ピッキング!$A$7:$A$66,0)),"") | V61: =IFERROR(INDEX(ピッキング!$L$7:$L$66,MATCH($T61,ピッキング!$A$7:$A$66,0)),"") | W61: =IFERROR(INDEX(梱包!$B$7:$B$66,MATCH($T61,梱包!$A$7:$A$66,0)),"") | X61: =IFERROR(INDEX(梱包!$L$7:$L$66,MATCH($T61,梱包!$A$7:$A$66,0)),"") | Z61: =IF(OR(ピッキング!$E$65="",ピッキング!$C$65=""),"",ピッキング!$E$65/ピッキング!$C$65) | AA61: =IF(ピッキング!$G$65="","",ピッキング!$G$65) | AB61: =IF(ピッキング!$P$65="","",ピッキング!$P$65) | AD61: =IF(AND(ISNUMBER(Z61),ISNUMBER(AA61)),1,0) -> 0 | AE61: =IF(AD61=1,SUM($AD$3:AD61),"") | AF61: =IFERROR(INDEX($Z$3:$Z$62,MATCH(T61,$AE$3:$AE$62,0)),"") | AG61: =IFERROR(INDEX($AA$3:$AA$62,MATCH(T61,$AE$3:$AE$62,0)),"") | AI61: =IF(AND(ISNUMBER(Z61),ISNUMBER(AB61)),1,0) -> 0 | AJ61: =IF(AI61=1,SUM($AI$3:AI61),"") | AK61: =IFERROR(INDEX($Z$3:$Z$62,MATCH(T61,$AJ$3:$AJ$62,0)),"") | AL61: =IFERROR(INDEX($AB$3:$AB$62,MATCH(T61,$AJ$3:$AJ$62,0)),"") | AN61: =IF(ピッキング!$C$65="","",ピッキング!$C$65+ROW()/100000)
T62: 60 | U62: =IFERROR(INDEX(ピッキング!$B$7:$B$66,MATCH($T62,ピッキング!$A$7:$A$66,0)),"") | V62: =IFERROR(INDEX(ピッキング!$L$7:$L$66,MATCH($T62,ピッキング!$A$7:$A$66,0)),"") | W62: =IFERROR(INDEX(梱包!$B$7:$B$66,MATCH($T62,梱包!$A$7:$A$66,0)),"") | X62: =IFERROR(INDEX(梱包!$L$7:$L$66,MATCH($T62,梱包!$A$7:$A$66,0)),"") | Z62: =IF(OR(ピッキング!$E$66="",ピッキング!$C$66=""),"",ピッキング!$E$66/ピッキング!$C$66) | AA62: =IF(ピッキング!$G$66="","",ピッキング!$G$66) | AB62: =IF(ピッキング!$P$66="","",ピッキング!$P$66) | AD62: =IF(AND(ISNUMBER(Z62),ISNUMBER(AA62)),1,0) -> 0 | AE62: =IF(AD62=1,SUM($AD$3:AD62),"") | AF62: =IFERROR(INDEX($Z$3:$Z$62,MATCH(T62,$AE$3:$AE$62,0)),"") | AG62: =IFERROR(INDEX($AA$3:$AA$62,MATCH(T62,$AE$3:$AE$62,0)),"") | AI62: =IF(AND(ISNUMBER(Z62),ISNUMBER(AB62)),1,0) -> 0 | AJ62: =IF(AI62=1,SUM($AI$3:AI62),"") | AK62: =IFERROR(INDEX($Z$3:$Z$62,MATCH(T62,$AJ$3:$AJ$62,0)),"") | AL62: =IFERROR(INDEX($AB$3:$AB$62,MATCH(T62,$AJ$3:$AJ$62,0)),"") | AN62: =IF(ピッキング!$C$66="","",ピッキング!$C$66+ROW()/100000)
B73: 5. 日次の効率推移
B74: 標準時間 ÷ 実測時間。100 が標準どおり。
B75: 記録が揃っているのは 2026-04-30 まで（21日分）。以降は PK 実働時間が未記録で、線はそこで途切れます。
B97: 6. ピッキング時間の内訳
B98: ピッキングの標準時間 679.4 時間を作業単位で分解。手を動かしているのは3割だけです。（移動とピックは b=75.6秒/件 を半分ずつと仮定した内訳で、実測ではありません）
B99: 付加価値作業（棚から取ってカゴへ） | E99: =IFERROR(AY5,"") -> 0.32837798
G101: 内訳 | H101: 時間 (h) | I101: 割合 | J101: 中身
G102: =AW3 -> 段取り | H102: =AX3 -> 233.2 | I102: =AY3 -> 0.34324404 | J102: リスト確認・伝票挟み（1社ごと）
G103: =AW4 -> 移動 | H103: =AX4 -> 223.1 | I103: =AY4 -> 0.32837798 | J103: 棚まで往復（1件ごと）
G104: =AW5 -> ピック | H104: =AX5 -> 223.1 | I104: =AY5 -> 0.32837798 | J104: 棚から取ってカゴへ（1件ごと・唯一の付加価値）
G106: ※ 凡例は色だけでなく時間と割合を持ちます。淡い色でも数字で読めるようにするためで、省略できません。
B120: 7. ピッキング速度：素の秒/件 と 純速度
B121: 素の秒/件は、1社1個のリストを多く引いた人ほど不利に出ます。純速度は段取りを除いた実力です。件数上位12名、バーが短いほど速い。
B148: 8. 担当者ランキング ※ 縮小後効率＝記録日数の少ない人のブレを平均側へ寄せた、順位づけ用の値
B149: 29名ぶんの明細は評価シートにあります。ここは要約と、順位づけ用の値の並びです。
B150: → ピッキング 29名の明細 | D150: → 梱包 19名の明細
B152: 項目 | C152: ピッキング | D152: 梱包 | E152: 見かた
B153: 人数 | C153: =ピッキング!$T$5 -> 29 | D153: =梱包!$T$5 -> 19 | E153: 実績のある人数
B154: 件数 計 | C154: =ピッキング!$T$10 -> 21249 | D154: =梱包!$T$10 -> 24467 | E154: 処理したアイテム数
B155: 企業数 計 | C155: =ピッキング!$T$11 -> 9114 | D155: =梱包!$T$11 -> 7069 | E155: リストの枚数。＝段取りの回数
B156: 平均 件/社 | C156: =ピッキング!$T$16 -> 2.3314681 | D156: =梱包!$T$16 -> 3.4611685 | E156: 1社あたり何個。小さいほど段取りだらけ
B157: 実測時間 計(時間) | C157: =IFERROR(ピッキング!$T$12/60,"") -> 679.71667 | D157: =IFERROR(梱包!$T$12/60,"") -> 653.11667 | E157: 実際にかかった時間
B158: うち段取り時間(時間) | C158: =IFERROR(ピッキング!$T$13/60,"") -> 233.1665 | D158: =IFERROR(梱包!$T$13/60,"") -> 180.84858 | E158: a×企業数。手を動かす前に消える時間
B159: 段取り比率 | C159: =ピッキング!$T$15 -> 0.343197 | D159: =梱包!$T$15 -> 0.27686657 | E159: 標準時間のうち何％が段取りか
B160: 1件あたり実測(秒) | C160: =ピッキング!$T$17 -> 115.15742 | D160: =梱包!$T$17 -> 96.097601 | E160: 従来の「分/個」を秒に直したもの
B161: 全体平均 効率(%) | C161: =ピッキング!$T$3 -> 103.50536 | D161: =梱包!$T$3 -> 108.88546 | E161: 100を超えれば標準時間より速い
B162: ◎ 上位 | C162: =ピッキング!$T$6 -> 3 | D162: =梱包!$T$6 -> 4 | E162: 信頼区間の下限が全体平均を上回る人
B163: ○ 標準 | C163: =ピッキング!$T$7 -> 26 | D163: =梱包!$T$7 -> 9 | E163: 区間が全体平均をまたぐ＝差があるとは言えない
B164: △ 要支援 | C164: =ピッキング!$T$8 -> 0 | D164: =梱包!$T$8 -> 6 | E164: 信頼区間の上限が全体平均を下回る人
B166: ※ 段取り比率が高い月ほど「1社1個のリスト」が多い月です。件数だけで人を比べると、その人の努力が数字から消えます。
B234: 標準時間 ＝ a × 企業数 ＋ b × 件数 （ピッキング a=92.1秒/社・b=75.6秒/件／梱包 a=92.1秒/社・b=69.5秒/件）
B235: 対象 29名・45,716件・完全記録 21日分 ／ 梱包の a=92.1 は統計的に0と区別できない（値より不安定さが実態）

Sheet 印刷用
B1: 個人別 作業達成度と改善分析（2026年4月） | T1: 達成率 ＝ 標準時間合計 ÷ 実測時間合計 × 100（100%が目標ライン）
B3: ="① 個人別 総合達成率（全員 "&COUNT(印刷用データ!$AS$3:$AS$62)&"名）" -> ① 個人別 総合達成率（全員 29名） | M3: ="④ 改善優先順位（全員 "&COUNT(印刷用データ!$AS$3:$AS$62)&"名）" -> ④ 改善優先順位（全員 29名） | T3: ="② ピッキング・梱包 内訳比較（両工程 "&COUNT(印刷用データ!$Q$3:$Q$62)&"名）" -> ② ピッキング・梱包 内訳比較（両工程 19名）
M4: 順位 | N4: 担当者 | O4: 工程 | P4: 総合達成率 | Q4: 目標との差 (pt) | R4: コメント
M5: =IFERROR(IF(SMALL(印刷用データ!$AM$3:$AM$62,1)>0,1,""),"") -> 1 | N5: =IFERROR(INDEX(印刷用データ!$AG$3:$AG$62,MATCH(SMALL(印刷用データ!$AM$3:$AM$62,1),印刷用データ!$AM$3:$AM$62,0)),"") -> 平田学 | O5: =IFERROR(INDEX(印刷用データ!$AK$3:$AK$62,MATCH(SMALL(印刷用データ!$AM$3:$AM$62,1),印刷用データ!$AM$3:$AM$62,0)),"") -> PKのみ | P5: =IFERROR(INDEX(印刷用データ!$AJ$3:$AJ$62,MATCH(SMALL(印刷用データ!$AM$3:$AM$62,1),印刷用データ!$AM$3:$AM$62,0)),"") -> 56.602449 | Q5: =IF(P5="","",P5-100) -> -43.397551 | R5: =IFERROR(INDEX(印刷用データ!$AL$3:$AL$62,MATCH(SMALL(印刷用データ!$AM$3:$AM$62,1),印刷用データ!$AM$3:$AM$62,0)),"") -> ピッキング改善
M6: =IFERROR(IF(SMALL(印刷用データ!$AM$3:$AM$62,2)>0,2,""),"") -> 2 | N6: =IFERROR(INDEX(印刷用データ!$AG$3:$AG$62,MATCH(SMALL(印刷用データ!$AM$3:$AM$62,2),印刷用データ!$AM$3:$AM$62,0)),"") -> 森田美加 | O6: =IFERROR(INDEX(印刷用データ!$AK$3:$AK$62,MATCH(SMALL(印刷用データ!$AM$3:$AM$62,2),印刷用データ!$AM$3:$AM$62,0)),"") -> 両方 | P6: =IFERROR(INDEX(印刷用データ!$AJ$3:$AJ$62,MATCH(SMALL(印刷用データ!$AM$3:$AM$62,2),印刷用データ!$AM$3:$AM$62,0)),"") -> 60.909812 | Q6: =IF(P6="","",P6-100) -> -39.090188 | R6: =IFERROR(INDEX(印刷用データ!$AL$3:$AL$62,MATCH(SMALL(印刷用データ!$AM$3:$AM$62,2),印刷用データ!$AM$3:$AM$62,0)),"") -> 両工程を見直し
M7: =IFERROR(IF(SMALL(印刷用データ!$AM$3:$AM$62,3)>0,3,""),"") -> 3 | N7: =IFERROR(INDEX(印刷用データ!$AG$3:$AG$62,MATCH(SMALL(印刷用データ!$AM$3:$AM$62,3),印刷用データ!$AM$3:$AM$62,0)),"") -> 菊池敬 | O7: =IFERROR(INDEX(印刷用データ!$AK$3:$AK$62,MATCH(SMALL(印刷用データ!$AM$3:$AM$62,3),印刷用データ!$AM$3:$AM$62,0)),"") -> 両方 | P7: =IFERROR(INDEX(印刷用データ!$AJ$3:$AJ$62,MATCH(SMALL(印刷用データ!$AM$3:$AM$62,3),印刷用データ!$AM$3:$AM$62,0)),"") -> 70.62287 | Q7: =IF(P7="","",P7-100) -> -29.37713 | R7: =IFERROR(INDEX(印刷用データ!$AL$3:$AL$62,MATCH(SMALL(印刷用データ!$AM$3:$AM$62,3),印刷用データ!$AM$3:$AM$62,0)),"") -> 両工程を見直し
M8: =IFERROR(IF(SMALL(印刷用データ!$AM$3:$AM$62,4)>0,4,""),"") -> 4 | N8: =IFERROR(INDEX(印刷用データ!$AG$3:$AG$62,MATCH(SMALL(印刷用データ!$AM$3:$AM$62,4),印刷用データ!$AM$3:$AM$62,0)),"") -> 片岡達也 | O8: =IFERROR(INDEX(印刷用データ!$AK$3:$AK$62,MATCH(SMALL(印刷用データ!$AM$3:$AM$62,4),印刷用データ!$AM$3:$AM$62,0)),"") -> PKのみ | P8: =IFERROR(INDEX(印刷用データ!$AJ$3:$AJ$62,MATCH(SMALL(印刷用データ!$AM$3:$AM$62,4),印刷用データ!$AM$3:$AM$62,0)),"") -> 76.883663 | Q8: =IF(P8="","",P8-100) -> -23.116337 | R8: =IFERROR(INDEX(印刷用データ!$AL$3:$AL$62,MATCH(SMALL(印刷用データ!$AM$3:$AM$62,4),印刷用データ!$AM$3:$AM$62,0)),"") -> ピッキング改善
M9: =IFERROR(IF(SMALL(印刷用データ!$AM$3:$AM$62,5)>0,5,""),"") -> 5 | N9: =IFERROR(INDEX(印刷用データ!$AG$3:$AG$62,MATCH(SMALL(印刷用データ!$AM$3:$AM$62,5),印刷用データ!$AM$3:$AM$62,0)),"") -> 木村千鶴 | O9: =IFERROR(INDEX(印刷用データ!$AK$3:$AK$62,MATCH(SMALL(印刷用データ!$AM$3:$AM$62,5),印刷用データ!$AM$3:$AM$62,0)),"") -> 両方 | P9: =IFERROR(INDEX(印刷用データ!$AJ$3:$AJ$62,MATCH(SMALL(印刷用データ!$AM$3:$AM$62,5),印刷用データ!$AM$3:$AM$62,0)),"") -> 79.319605 | Q9: =IF(P9="","",P9-100) -> -20.680395 | R9: =IFERROR(INDEX(印刷用データ!$AL$3:$AL$62,MATCH(SMALL(印刷用データ!$AM$3:$AM$62,5),印刷用データ!$AM$3:$AM$62,0)),"") -> 両工程を見直し
M10: =IFERROR(IF(SMALL(印刷用データ!$AM$3:$AM$62,6)>0,6,""),"") -> 6 | N10: =IFERROR(INDEX(印刷用データ!$AG$3:$AG$62,MATCH(SMALL(印刷用データ!$AM$3:$AM$62,6),印刷用データ!$AM$3:$AM$62,0)),"") -> 上村和恵 | O10: =IFERROR(INDEX(印刷用データ!$AK$3:$AK$62,MATCH(SMALL(印刷用データ!$AM$3:$AM$62,6),印刷用データ!$AM$3:$AM$62,0)),"") -> PKのみ | P10: =IFERROR(INDEX(印刷用データ!$AJ$3:$AJ$62,MATCH(SMALL(印刷用データ!$AM$3:$AM$62,6),印刷用データ!$AM$3:$AM$62,0)),"") -> 79.358161 | Q10: =IF(P10="","",P10-100) -> -20.641839 | R10: =IFERROR(INDEX(印刷用データ!$AL$3:$AL$62,MATCH(SMALL(印刷用データ!$AM$3:$AM$62,6),印刷用データ!$AM$3:$AM$62,0)),"") -> ピッキング改善
M11: =IFERROR(IF(SMALL(印刷用データ!$AM$3:$AM$62,7)>0,7,""),"") -> 7 | N11: =IFERROR(INDEX(印刷用データ!$AG$3:$AG$62,MATCH(SMALL(印刷用データ!$AM$3:$AM$62,7),印刷用データ!$AM$3:$AM$62,0)),"") -> 秋草文恵 | O11: =IFERROR(INDEX(印刷用データ!$AK$3:$AK$62,MATCH(SMALL(印刷用データ!$AM$3:$AM$62,7),印刷用データ!$AM$3:$AM$62,0)),"") -> PKのみ | P11: =IFERROR(INDEX(印刷用データ!$AJ$3:$AJ$62,MATCH(SMALL(印刷用データ!$AM$3:$AM$62,7),印刷用データ!$AM$3:$AM$62,0)),"") -> 80.289637 | Q11: =IF(P11="","",P11-100) -> -19.710363 | R11: =IFERROR(INDEX(印刷用データ!$AL$3:$AL$62,MATCH(SMALL(印刷用データ!$AM$3:$AM$62,7),印刷用データ!$AM$3:$AM$62,0)),"") -> ピッキング改善
M12: =IFERROR(IF(SMALL(印刷用データ!$AM$3:$AM$62,8)>0,8,""),"") -> 8 | N12: =IFERROR(INDEX(印刷用データ!$AG$3:$AG$62,MATCH(SMALL(印刷用データ!$AM$3:$AM$62,8),印刷用データ!$AM$3:$AM$62,0)),"") -> 高橋正美 | O12: =IFERROR(INDEX(印刷用データ!$AK$3:$AK$62,MATCH(SMALL(印刷用データ!$AM$3:$AM$62,8),印刷用データ!$AM$3:$AM$62,0)),"") -> PKのみ | P12: =IFERROR(INDEX(印刷用データ!$AJ$3:$AJ$62,MATCH(SMALL(印刷用データ!$AM$3:$AM$62,8),印刷用データ!$AM$3:$AM$62,0)),"") -> 80.891633 | Q12: =IF(P12="","",P12-100) -> -19.108367 | R12: =IFERROR(INDEX(印刷用データ!$AL$3:$AL$62,MATCH(SMALL(印刷用データ!$AM$3:$AM$62,8),印刷用データ!$AM$3:$AM$62,0)),"") -> ピッキング改善
M13: =IFERROR(IF(SMALL(印刷用データ!$AM$3:$AM$62,9)>0,9,""),"") -> 9 | N13: =IFERROR(INDEX(印刷用データ!$AG$3:$AG$62,MATCH(SMALL(印刷用データ!$AM$3:$AM$62,9),印刷用データ!$AM$3:$AM$62,0)),"") -> 中村美佳 | O13: =IFERROR(INDEX(印刷用データ!$AK$3:$AK$62,MATCH(SMALL(印刷用データ!$AM$3:$AM$62,9),印刷用データ!$AM$3:$AM$62,0)),"") -> 両方 | P13: =IFERROR(INDEX(印刷用データ!$AJ$3:$AJ$62,MATCH(SMALL(印刷用データ!$AM$3:$AM$62,9),印刷用データ!$AM$3:$AM$62,0)),"") -> 87.373529 | Q13: =IF(P13="","",P13-100) -> -12.626471 | R13: =IFERROR(INDEX(印刷用データ!$AL$3:$AL$62,MATCH(SMALL(印刷用データ!$AM$3:$AM$62,9),印刷用データ!$AM$3:$AM$62,0)),"") -> 梱包手順を改善
M14: =IFERROR(IF(SMALL(印刷用データ!$AM$3:$AM$62,10)>0,10,""),"") -> 10 | N14: =IFERROR(INDEX(印刷用データ!$AG$3:$AG$62,MATCH(SMALL(印刷用データ!$AM$3:$AM$62,10),印刷用データ!$AM$3:$AM$62,0)),"") -> 廣瀬こずえ | O14: =IFERROR(INDEX(印刷用データ!$AK$3:$AK$62,MATCH(SMALL(印刷用データ!$AM$3:$AM$62,10),印刷用データ!$AM$3:$AM$62,0)),"") -> PKのみ | P14: =IFERROR(INDEX(印刷用データ!$AJ$3:$AJ$62,MATCH(SMALL(印刷用データ!$AM$3:$AM$62,10),印刷用データ!$AM$3:$AM$62,0)),"") -> 88.026623 | Q14: =IF(P14="","",P14-100) -> -11.973377 | R14: =IFERROR(INDEX(印刷用データ!$AL$3:$AL$62,MATCH(SMALL(印刷用データ!$AM$3:$AM$62,10),印刷用データ!$AM$3:$AM$62,0)),"") -> ピッキング改善
M15: =IFERROR(IF(SMALL(印刷用データ!$AM$3:$AM$62,11)>0,11,""),"") -> 11 | N15: =IFERROR(INDEX(印刷用データ!$AG$3:$AG$62,MATCH(SMALL(印刷用データ!$AM$3:$AM$62,11),印刷用データ!$AM$3:$AM$62,0)),"") -> 向井ひかり | O15: =IFERROR(INDEX(印刷用データ!$AK$3:$AK$62,MATCH(SMALL(印刷用データ!$AM$3:$AM$62,11),印刷用データ!$AM$3:$AM$62,0)),"") -> PKのみ | P15: =IFERROR(INDEX(印刷用データ!$AJ$3:$AJ$62,MATCH(SMALL(印刷用データ!$AM$3:$AM$62,11),印刷用データ!$AM$3:$AM$62,0)),"") -> 89.993337 | Q15: =IF(P15="","",P15-100) -> -10.006663 | R15: =IFERROR(INDEX(印刷用データ!$AL$3:$AL$62,MATCH(SMALL(印刷用データ!$AM$3:$AM$62,11),印刷用データ!$AM$3:$AM$62,0)),"") -> ピッキング改善
M16: =IFERROR(IF(SMALL(印刷用データ!$AM$3:$AM$62,12)>0,12,""),"") -> 12 | N16: =IFERROR(INDEX(印刷用データ!$AG$3:$AG$62,MATCH(SMALL(印刷用データ!$AM$3:$AM$62,12),印刷用データ!$AM$3:$AM$62,0)),"") -> 奥野愛海 | O16: =IFERROR(INDEX(印刷用データ!$AK$3:$AK$62,MATCH(SMALL(印刷用データ!$AM$3:$AM$62,12),印刷用データ!$AM$3:$AM$62,0)),"") -> PKのみ | P16: =IFERROR(INDEX(印刷用データ!$AJ$3:$AJ$62,MATCH(SMALL(印刷用データ!$AM$3:$AM$62,12),印刷用データ!$AM$3:$AM$62,0)),"") -> 91.348649 | Q16: =IF(P16="","",P16-100) -> -8.6513514 | R16: =IFERROR(INDEX(印刷用データ!$AL$3:$AL$62,MATCH(SMALL(印刷用データ!$AM$3:$AM$62,12),印刷用データ!$AM$3:$AM$62,0)),"") -> ピッキング改善
M17: =IFERROR(IF(SMALL(印刷用データ!$AM$3:$AM$62,13)>0,13,""),"") -> 13 | N17: =IFERROR(INDEX(印刷用データ!$AG$3:$AG$62,MATCH(SMALL(印刷用データ!$AM$3:$AM$62,13),印刷用データ!$AM$3:$AM$62,0)),"") -> 森本久美 | O17: =IFERROR(INDEX(印刷用データ!$AK$3:$AK$62,MATCH(SMALL(印刷用データ!$AM$3:$AM$62,13),印刷用データ!$AM$3:$AM$62,0)),"") -> 両方 | P17: =IFERROR(INDEX(印刷用データ!$AJ$3:$AJ$62,MATCH(SMALL(印刷用データ!$AM$3:$AM$62,13),印刷用データ!$AM$3:$AM$62,0)),"") -> 94.972882 | Q17: =IF(P17="","",P17-100) -> -5.0271181 | R17: =IFERROR(INDEX(印刷用データ!$AL$3:$AL$62,MATCH(SMALL(印刷用データ!$AM$3:$AM$62,13),印刷用データ!$AM$3:$AM$62,0)),"") -> ピッキング改善 | T17: ="③ 改善優先度マトリクス（両工程 "&COUNT(印刷用データ!$N$3:$N$62)&"名）" -> ③ 改善優先度マトリクス（両工程 19名）
M18: =IFERROR(IF(SMALL(印刷用データ!$AM$3:$AM$62,14)>0,14,""),"") -> 14 | N18: =IFERROR(INDEX(印刷用データ!$AG$3:$AG$62,MATCH(SMALL(印刷用データ!$AM$3:$AM$62,14),印刷用データ!$AM$3:$AM$62,0)),"") -> 中納沙織 | O18: =IFERROR(INDEX(印刷用データ!$AK$3:$AK$62,MATCH(SMALL(印刷用データ!$AM$3:$AM$62,14),印刷用データ!$AM$3:$AM$62,0)),"") -> 両方 | P18: =IFERROR(INDEX(印刷用データ!$AJ$3:$AJ$62,MATCH(SMALL(印刷用データ!$AM$3:$AM$62,14),印刷用データ!$AM$3:$AM$62,0)),"") -> 95.657021 | Q18: =IF(P18="","",P18-100) -> -4.3429792 | R18: =IFERROR(INDEX(印刷用データ!$AL$3:$AL$62,MATCH(SMALL(印刷用データ!$AM$3:$AM$62,14),印刷用データ!$AM$3:$AM$62,0)),"") -> 梱包手順を改善
M19: =IFERROR(IF(SMALL(印刷用データ!$AM$3:$AM$62,15)>0,15,""),"") -> 15 | N19: =IFERROR(INDEX(印刷用データ!$AG$3:$AG$62,MATCH(SMALL(印刷用データ!$AM$3:$AM$62,15),印刷用データ!$AM$3:$AM$62,0)),"") -> 山本祥吉 | O19: =IFERROR(INDEX(印刷用データ!$AK$3:$AK$62,MATCH(SMALL(印刷用データ!$AM$3:$AM$62,15),印刷用データ!$AM$3:$AM$62,0)),"") -> 両方 | P19: =IFERROR(INDEX(印刷用データ!$AJ$3:$AJ$62,MATCH(SMALL(印刷用データ!$AM$3:$AM$62,15),印刷用データ!$AM$3:$AM$62,0)),"") -> 96.753234 | Q19: =IF(P19="","",P19-100) -> -3.2467664 | R19: =IFERROR(INDEX(印刷用データ!$AL$3:$AL$62,MATCH(SMALL(印刷用データ!$AM$3:$AM$62,15),印刷用データ!$AM$3:$AM$62,0)),"") -> 梱包手順を改善
M20: =IFERROR(IF(SMALL(印刷用データ!$AM$3:$AM$62,16)>0,16,""),"") -> 16 | N20: =IFERROR(INDEX(印刷用データ!$AG$3:$AG$62,MATCH(SMALL(印刷用データ!$AM$3:$AM$62,16),印刷用データ!$AM$3:$AM$62,0)),"") -> 鈴木香織 | O20: =IFERROR(INDEX(印刷用データ!$AK$3:$AK$62,MATCH(SMALL(印刷用データ!$AM$3:$AM$62,16),印刷用データ!$AM$3:$AM$62,0)),"") -> 両方 | P20: =IFERROR(INDEX(印刷用データ!$AJ$3:$AJ$62,MATCH(SMALL(印刷用データ!$AM$3:$AM$62,16),印刷用データ!$AM$3:$AM$62,0)),"") -> 97.198895 | Q20: =IF(P20="","",P20-100) -> -2.801105 | R20: =IFERROR(INDEX(印刷用データ!$AL$3:$AL$62,MATCH(SMALL(印刷用データ!$AM$3:$AM$62,16),印刷用データ!$AM$3:$AM$62,0)),"") -> 両工程を見直し
M21: =IFERROR(IF(SMALL(印刷用データ!$AM$3:$AM$62,17)>0,17,""),"") -> 17 | N21: =IFERROR(INDEX(印刷用データ!$AG$3:$AG$62,MATCH(SMALL(印刷用データ!$AM$3:$AM$62,17),印刷用データ!$AM$3:$AM$62,0)),"") -> 高橋佐織 | O21: =IFERROR(INDEX(印刷用データ!$AK$3:$AK$62,MATCH(SMALL(印刷用データ!$AM$3:$AM$62,17),印刷用データ!$AM$3:$AM$62,0)),"") -> 両方 | P21: =IFERROR(INDEX(印刷用データ!$AJ$3:$AJ$62,MATCH(SMALL(印刷用データ!$AM$3:$AM$62,17),印刷用データ!$AM$3:$AM$62,0)),"") -> 97.612314 | Q21: =IF(P21="","",P21-100) -> -2.3876855 | R21: =IFERROR(INDEX(印刷用データ!$AL$3:$AL$62,MATCH(SMALL(印刷用データ!$AM$3:$AM$62,17),印刷用データ!$AM$3:$AM$62,0)),"") -> 梱包手順を改善
M22: =IFERROR(IF(SMALL(印刷用データ!$AM$3:$AM$62,18)>0,18,""),"") -> 18 | N22: =IFERROR(INDEX(印刷用データ!$AG$3:$AG$62,MATCH(SMALL(印刷用データ!$AM$3:$AM$62,18),印刷用データ!$AM$3:$AM$62,0)),"") -> 後藤克行 | O22: =IFERROR(INDEX(印刷用データ!$AK$3:$AK$62,MATCH(SMALL(印刷用データ!$AM$3:$AM$62,18),印刷用データ!$AM$3:$AM$62,0)),"") -> 両方 | P22: =IFERROR(INDEX(印刷用データ!$AJ$3:$AJ$62,MATCH(SMALL(印刷用データ!$AM$3:$AM$62,18),印刷用データ!$AM$3:$AM$62,0)),"") -> 97.996795 | Q22: =IF(P22="","",P22-100) -> -2.0032046 | R22: =IFERROR(INDEX(印刷用データ!$AL$3:$AL$62,MATCH(SMALL(印刷用データ!$AM$3:$AM$62,18),印刷用データ!$AM$3:$AM$62,0)),"") -> 梱包手順を改善
M23: =IFERROR(IF(SMALL(印刷用データ!$AM$3:$AM$62,19)>0,19,""),"") -> 19 | N23: =IFERROR(INDEX(印刷用データ!$AG$3:$AG$62,MATCH(SMALL(印刷用データ!$AM$3:$AM$62,19),印刷用データ!$AM$3:$AM$62,0)),"") -> 石戸谷亜子 | O23: =IFERROR(INDEX(印刷用データ!$AK$3:$AK$62,MATCH(SMALL(印刷用データ!$AM$3:$AM$62,19),印刷用データ!$AM$3:$AM$62,0)),"") -> PKのみ | P23: =IFERROR(INDEX(印刷用データ!$AJ$3:$AJ$62,MATCH(SMALL(印刷用データ!$AM$3:$AM$62,19),印刷用データ!$AM$3:$AM$62,0)),"") -> 100.59262 | Q23: =IF(P23="","",P23-100) -> 0.59261745 | R23: =IFERROR(INDEX(印刷用データ!$AL$3:$AL$62,MATCH(SMALL(印刷用データ!$AM$3:$AM$62,19),印刷用データ!$AM$3:$AM$62,0)),"") -> 目標達成
M24: =IFERROR(IF(SMALL(印刷用データ!$AM$3:$AM$62,20)>0,20,""),"") -> 20 | N24: =IFERROR(INDEX(印刷用データ!$AG$3:$AG$62,MATCH(SMALL(印刷用データ!$AM$3:$AM$62,20),印刷用データ!$AM$3:$AM$62,0)),"") -> 澤田凌 | O24: =IFERROR(INDEX(印刷用データ!$AK$3:$AK$62,MATCH(SMALL(印刷用データ!$AM$3:$AM$62,20),印刷用データ!$AM$3:$AM$62,0)),"") -> 両方 | P24: =IFERROR(INDEX(印刷用データ!$AJ$3:$AJ$62,MATCH(SMALL(印刷用データ!$AM$3:$AM$62,20),印刷用データ!$AM$3:$AM$62,0)),"") -> 102.38282 | Q24: =IF(P24="","",P24-100) -> 2.3828228 | R24: =IFERROR(INDEX(印刷用データ!$AL$3:$AL$62,MATCH(SMALL(印刷用データ!$AM$3:$AM$62,20),印刷用データ!$AM$3:$AM$62,0)),"") -> 梱包手順を改善
M25: =IFERROR(IF(SMALL(印刷用データ!$AM$3:$AM$62,21)>0,21,""),"") -> 21 | N25: =IFERROR(INDEX(印刷用データ!$AG$3:$AG$62,MATCH(SMALL(印刷用データ!$AM$3:$AM$62,21),印刷用データ!$AM$3:$AM$62,0)),"") -> 河野忠 | O25: =IFERROR(INDEX(印刷用データ!$AK$3:$AK$62,MATCH(SMALL(印刷用データ!$AM$3:$AM$62,21),印刷用データ!$AM$3:$AM$62,0)),"") -> 両方 | P25: =IFERROR(INDEX(印刷用データ!$AJ$3:$AJ$62,MATCH(SMALL(印刷用データ!$AM$3:$AM$62,21),印刷用データ!$AM$3:$AM$62,0)),"") -> 108.2471 | Q25: =IF(P25="","",P25-100) -> 8.2471032 | R25: =IFERROR(INDEX(印刷用データ!$AL$3:$AL$62,MATCH(SMALL(印刷用データ!$AM$3:$AM$62,21),印刷用データ!$AM$3:$AM$62,0)),"") -> ピッキング改善
M26: =IFERROR(IF(SMALL(印刷用データ!$AM$3:$AM$62,22)>0,22,""),"") -> 22 | N26: =IFERROR(INDEX(印刷用データ!$AG$3:$AG$62,MATCH(SMALL(印刷用データ!$AM$3:$AM$62,22),印刷用データ!$AM$3:$AM$62,0)),"") -> 飯田由加里 | O26: =IFERROR(INDEX(印刷用データ!$AK$3:$AK$62,MATCH(SMALL(印刷用データ!$AM$3:$AM$62,22),印刷用データ!$AM$3:$AM$62,0)),"") -> 両方 | P26: =IFERROR(INDEX(印刷用データ!$AJ$3:$AJ$62,MATCH(SMALL(印刷用データ!$AM$3:$AM$62,22),印刷用データ!$AM$3:$AM$62,0)),"") -> 110.48528 | Q26: =IF(P26="","",P26-100) -> 10.485277 | R26: =IFERROR(INDEX(印刷用データ!$AL$3:$AL$62,MATCH(SMALL(印刷用データ!$AM$3:$AM$62,22),印刷用データ!$AM$3:$AM$62,0)),"") -> ピッキング改善
M27: =IFERROR(IF(SMALL(印刷用データ!$AM$3:$AM$62,23)>0,23,""),"") -> 23 | N27: =IFERROR(INDEX(印刷用データ!$AG$3:$AG$62,MATCH(SMALL(印刷用データ!$AM$3:$AM$62,23),印刷用データ!$AM$3:$AM$62,0)),"") -> 晩田恵美 | O27: =IFERROR(INDEX(印刷用データ!$AK$3:$AK$62,MATCH(SMALL(印刷用データ!$AM$3:$AM$62,23),印刷用データ!$AM$3:$AM$62,0)),"") -> 両方 | P27: =IFERROR(INDEX(印刷用データ!$AJ$3:$AJ$62,MATCH(SMALL(印刷用データ!$AM$3:$AM$62,23),印刷用データ!$AM$3:$AM$62,0)),"") -> 117.94028 | Q27: =IF(P27="","",P27-100) -> 17.940283 | R27: =IFERROR(INDEX(印刷用データ!$AL$3:$AL$62,MATCH(SMALL(印刷用データ!$AM$3:$AM$62,23),印刷用データ!$AM$3:$AM$62,0)),"") -> 目標達成
M28: =IFERROR(IF(SMALL(印刷用データ!$AM$3:$AM$62,24)>0,24,""),"") -> 24 | N28: =IFERROR(INDEX(印刷用データ!$AG$3:$AG$62,MATCH(SMALL(印刷用データ!$AM$3:$AM$62,24),印刷用データ!$AM$3:$AM$62,0)),"") -> 北田倫子 | O28: =IFERROR(INDEX(印刷用データ!$AK$3:$AK$62,MATCH(SMALL(印刷用データ!$AM$3:$AM$62,24),印刷用データ!$AM$3:$AM$62,0)),"") -> 両方 | P28: =IFERROR(INDEX(印刷用データ!$AJ$3:$AJ$62,MATCH(SMALL(印刷用データ!$AM$3:$AM$62,24),印刷用データ!$AM$3:$AM$62,0)),"") -> 123.8076 | Q28: =IF(P28="","",P28-100) -> 23.807599 | R28: =IFERROR(INDEX(印刷用データ!$AL$3:$AL$62,MATCH(SMALL(印刷用データ!$AM$3:$AM$62,24),印刷用データ!$AM$3:$AM$62,0)),"") -> 目標達成
M29: =IFERROR(IF(SMALL(印刷用データ!$AM$3:$AM$62,25)>0,25,""),"") -> 25 | N29: =IFERROR(INDEX(印刷用データ!$AG$3:$AG$62,MATCH(SMALL(印刷用データ!$AM$3:$AM$62,25),印刷用データ!$AM$3:$AM$62,0)),"") -> 春谷智子 | O29: =IFERROR(INDEX(印刷用データ!$AK$3:$AK$62,MATCH(SMALL(印刷用データ!$AM$3:$AM$62,25),印刷用データ!$AM$3:$AM$62,0)),"") -> PKのみ | P29: =IFERROR(INDEX(印刷用データ!$AJ$3:$AJ$62,MATCH(SMALL(印刷用データ!$AM$3:$AM$62,25),印刷用データ!$AM$3:$AM$62,0)),"") -> 126.55952 | Q29: =IF(P29="","",P29-100) -> 26.559524 | R29: =IFERROR(INDEX(印刷用データ!$AL$3:$AL$62,MATCH(SMALL(印刷用データ!$AM$3:$AM$62,25),印刷用データ!$AM$3:$AM$62,0)),"") -> 目標達成
M30: =IFERROR(IF(SMALL(印刷用データ!$AM$3:$AM$62,26)>0,26,""),"") -> 26 | N30: =IFERROR(INDEX(印刷用データ!$AG$3:$AG$62,MATCH(SMALL(印刷用データ!$AM$3:$AM$62,26),印刷用データ!$AM$3:$AM$62,0)),"") -> 大江美記子 | O30: =IFERROR(INDEX(印刷用データ!$AK$3:$AK$62,MATCH(SMALL(印刷用データ!$AM$3:$AM$62,26),印刷用データ!$AM$3:$AM$62,0)),"") -> 両方 | P30: =IFERROR(INDEX(印刷用データ!$AJ$3:$AJ$62,MATCH(SMALL(印刷用データ!$AM$3:$AM$62,26),印刷用データ!$AM$3:$AM$62,0)),"") -> 131.46289 | Q30: =IF(P30="","",P30-100) -> 31.462894 | R30: =IFERROR(INDEX(印刷用データ!$AL$3:$AL$62,MATCH(SMALL(印刷用データ!$AM$3:$AM$62,26),印刷用データ!$AM$3:$AM$62,0)),"") -> 目標達成
M31: =IFERROR(IF(SMALL(印刷用データ!$AM$3:$AM$62,27)>0,27,""),"") -> 27 | N31: =IFERROR(INDEX(印刷用データ!$AG$3:$AG$62,MATCH(SMALL(印刷用データ!$AM$3:$AM$62,27),印刷用データ!$AM$3:$AM$62,0)),"") -> 佐藤辰成 | O31: =IFERROR(INDEX(印刷用データ!$AK$3:$AK$62,MATCH(SMALL(印刷用データ!$AM$3:$AM$62,27),印刷用データ!$AM$3:$AM$62,0)),"") -> 両方 | P31: =IFERROR(INDEX(印刷用データ!$AJ$3:$AJ$62,MATCH(SMALL(印刷用データ!$AM$3:$AM$62,27),印刷用データ!$AM$3:$AM$62,0)),"") -> 131.99836 | Q31: =IF(P31="","",P31-100) -> 31.998356 | R31: =IFERROR(INDEX(印刷用データ!$AL$3:$AL$62,MATCH(SMALL(印刷用データ!$AM$3:$AM$62,27),印刷用データ!$AM$3:$AM$62,0)),"") -> 目標達成
M32: =IFERROR(IF(SMALL(印刷用データ!$AM$3:$AM$62,28)>0,28,""),"") -> 28 | N32: =IFERROR(INDEX(印刷用データ!$AG$3:$AG$62,MATCH(SMALL(印刷用データ!$AM$3:$AM$62,28),印刷用データ!$AM$3:$AM$62,0)),"") -> 佐々木千恵 | O32: =IFERROR(INDEX(印刷用データ!$AK$3:$AK$62,MATCH(SMALL(印刷用データ!$AM$3:$AM$62,28),印刷用データ!$AM$3:$AM$62,0)),"") -> 両方 | P32: =IFERROR(INDEX(印刷用データ!$AJ$3:$AJ$62,MATCH(SMALL(印刷用データ!$AM$3:$AM$62,28),印刷用データ!$AM$3:$AM$62,0)),"") -> 133.65803 | Q32: =IF(P32="","",P32-100) -> 33.658027 | R32: =IFERROR(INDEX(印刷用データ!$AL$3:$AL$62,MATCH(SMALL(印刷用データ!$AM$3:$AM$62,28),印刷用データ!$AM$3:$AM$62,0)),"") -> 目標達成
M33: =IFERROR(IF(SMALL(印刷用データ!$AM$3:$AM$62,29)>0,29,""),"") -> 29 | N33: =IFERROR(INDEX(印刷用データ!$AG$3:$AG$62,MATCH(SMALL(印刷用データ!$AM$3:$AM$62,29),印刷用データ!$AM$3:$AM$62,0)),"") -> 本吉有美子 | O33: =IFERROR(INDEX(印刷用データ!$AK$3:$AK$62,MATCH(SMALL(印刷用データ!$AM$3:$AM$62,29),印刷用データ!$AM$3:$AM$62,0)),"") -> 両方 | P33: =IFERROR(INDEX(印刷用データ!$AJ$3:$AJ$62,MATCH(SMALL(印刷用データ!$AM$3:$AM$62,29),印刷用データ!$AM$3:$AM$62,0)),"") -> 143.93786 | Q33: =IF(P33="","",P33-100) -> 43.937865 | R33: =IFERROR(INDEX(印刷用データ!$AL$3:$AL$62,MATCH(SMALL(印刷用データ!$AM$3:$AM$62,29),印刷用データ!$AM$3:$AM$62,0)),"") -> 目標達成
M34: =IFERROR(IF(SMALL(印刷用データ!$AM$3:$AM$62,30)>0,30,""),"") | N34: =IFERROR(INDEX(印刷用データ!$AG$3:$AG$62,MATCH(SMALL(印刷用データ!$AM$3:$AM$62,30),印刷用データ!$AM$3:$AM$62,0)),"") | O34: =IFERROR(INDEX(印刷用データ!$AK$3:$AK$62,MATCH(SMALL(印刷用データ!$AM$3:$AM$62,30),印刷用データ!$AM$3:$AM$62,0)),"") | P34: =IFERROR(INDEX(印刷用データ!$AJ$3:$AJ$62,MATCH(SMALL(印刷用データ!$AM$3:$AM$62,30),印刷用データ!$AM$3:$AM$62,0)),"") | Q34: =IF(P34="","",P34-100) | R34: =IFERROR(INDEX(印刷用データ!$AL$3:$AL$62,MATCH(SMALL(印刷用データ!$AM$3:$AM$62,30),印刷用データ!$AM$3:$AM$62,0)),"")
M35: =IFERROR(IF(SMALL(印刷用データ!$AM$3:$AM$62,31)>0,31,""),"") | N35: =IFERROR(INDEX(印刷用データ!$AG$3:$AG$62,MATCH(SMALL(印刷用データ!$AM$3:$AM$62,31),印刷用データ!$AM$3:$AM$62,0)),"") | O35: =IFERROR(INDEX(印刷用データ!$AK$3:$AK$62,MATCH(SMALL(印刷用データ!$AM$3:$AM$62,31),印刷用データ!$AM$3:$AM$62,0)),"") | P35: =IFERROR(INDEX(印刷用データ!$AJ$3:$AJ$62,MATCH(SMALL(印刷用データ!$AM$3:$AM$62,31),印刷用データ!$AM$3:$AM$62,0)),"") | Q35: =IF(P35="","",P35-100) | R35: =IFERROR(INDEX(印刷用データ!$AL$3:$AL$62,MATCH(SMALL(印刷用データ!$AM$3:$AM$62,31),印刷用データ!$AM$3:$AM$62,0)),"")
M36: =IFERROR(IF(SMALL(印刷用データ!$AM$3:$AM$62,32)>0,32,""),"") | N36: =IFERROR(INDEX(印刷用データ!$AG$3:$AG$62,MATCH(SMALL(印刷用データ!$AM$3:$AM$62,32),印刷用データ!$AM$3:$AM$62,0)),"") | O36: =IFERROR(INDEX(印刷用データ!$AK$3:$AK$62,MATCH(SMALL(印刷用データ!$AM$3:$AM$62,32),印刷用データ!$AM$3:$AM$62,0)),"") | P36: =IFERROR(INDEX(印刷用データ!$AJ$3:$AJ$62,MATCH(SMALL(印刷用データ!$AM$3:$AM$62,32),印刷用データ!$AM$3:$AM$62,0)),"") | Q36: =IF(P36="","",P36-100) | R36: =IFERROR(INDEX(印刷用データ!$AL$3:$AL$62,MATCH(SMALL(印刷用データ!$AM$3:$AM$62,32),印刷用データ!$AM$3:$AM$62,0)),"")
M37: =IFERROR(IF(SMALL(印刷用データ!$AM$3:$AM$62,33)>0,33,""),"") | N37: =IFERROR(INDEX(印刷用データ!$AG$3:$AG$62,MATCH(SMALL(印刷用データ!$AM$3:$AM$62,33),印刷用データ!$AM$3:$AM$62,0)),"") | O37: =IFERROR(INDEX(印刷用データ!$AK$3:$AK$62,MATCH(SMALL(印刷用データ!$AM$3:$AM$62,33),印刷用データ!$AM$3:$AM$62,0)),"") | P37: =IFERROR(INDEX(印刷用データ!$AJ$3:$AJ$62,MATCH(SMALL(印刷用データ!$AM$3:$AM$62,33),印刷用データ!$AM$3:$AM$62,0)),"") | Q37: =IF(P37="","",P37-100) | R37: =IFERROR(INDEX(印刷用データ!$AL$3:$AL$62,MATCH(SMALL(印刷用データ!$AM$3:$AM$62,33),印刷用データ!$AM$3:$AM$62,0)),"")
M38: =IFERROR(IF(SMALL(印刷用データ!$AM$3:$AM$62,34)>0,34,""),"") | N38: =IFERROR(INDEX(印刷用データ!$AG$3:$AG$62,MATCH(SMALL(印刷用データ!$AM$3:$AM$62,34),印刷用データ!$AM$3:$AM$62,0)),"") | O38: =IFERROR(INDEX(印刷用データ!$AK$3:$AK$62,MATCH(SMALL(印刷用データ!$AM$3:$AM$62,34),印刷用データ!$AM$3:$AM$62,0)),"") | P38: =IFERROR(INDEX(印刷用データ!$AJ$3:$AJ$62,MATCH(SMALL(印刷用データ!$AM$3:$AM$62,34),印刷用データ!$AM$3:$AM$62,0)),"") | Q38: =IF(P38="","",P38-100) | R38: =IFERROR(INDEX(印刷用データ!$AL$3:$AL$62,MATCH(SMALL(印刷用データ!$AM$3:$AM$62,34),印刷用データ!$AM$3:$AM$62,0)),"")
M39: =IFERROR(IF(SMALL(印刷用データ!$AM$3:$AM$62,35)>0,35,""),"") | N39: =IFERROR(INDEX(印刷用データ!$AG$3:$AG$62,MATCH(SMALL(印刷用データ!$AM$3:$AM$62,35),印刷用データ!$AM$3:$AM$62,0)),"") | O39: =IFERROR(INDEX(印刷用データ!$AK$3:$AK$62,MATCH(SMALL(印刷用データ!$AM$3:$AM$62,35),印刷用データ!$AM$3:$AM$62,0)),"") | P39: =IFERROR(INDEX(印刷用データ!$AJ$3:$AJ$62,MATCH(SMALL(印刷用データ!$AM$3:$AM$62,35),印刷用データ!$AM$3:$AM$62,0)),"") | Q39: =IF(P39="","",P39-100) | R39: =IFERROR(INDEX(印刷用データ!$AL$3:$AL$62,MATCH(SMALL(印刷用データ!$AM$3:$AM$62,35),印刷用データ!$AM$3:$AM$62,0)),"")
M40: =IFERROR(IF(SMALL(印刷用データ!$AM$3:$AM$62,36)>0,36,""),"") | N40: =IFERROR(INDEX(印刷用データ!$AG$3:$AG$62,MATCH(SMALL(印刷用データ!$AM$3:$AM$62,36),印刷用データ!$AM$3:$AM$62,0)),"") | O40: =IFERROR(INDEX(印刷用データ!$AK$3:$AK$62,MATCH(SMALL(印刷用データ!$AM$3:$AM$62,36),印刷用データ!$AM$3:$AM$62,0)),"") | P40: =IFERROR(INDEX(印刷用データ!$AJ$3:$AJ$62,MATCH(SMALL(印刷用データ!$AM$3:$AM$62,36),印刷用データ!$AM$3:$AM$62,0)),"") | Q40: =IF(P40="","",P40-100) | R40: =IFERROR(INDEX(印刷用データ!$AL$3:$AL$62,MATCH(SMALL(印刷用データ!$AM$3:$AM$62,36),印刷用データ!$AM$3:$AM$62,0)),"")
M41: =IFERROR(IF(SMALL(印刷用データ!$AM$3:$AM$62,37)>0,37,""),"") | N41: =IFERROR(INDEX(印刷用データ!$AG$3:$AG$62,MATCH(SMALL(印刷用データ!$AM$3:$AM$62,37),印刷用データ!$AM$3:$AM$62,0)),"") | O41: =IFERROR(INDEX(印刷用データ!$AK$3:$AK$62,MATCH(SMALL(印刷用データ!$AM$3:$AM$62,37),印刷用データ!$AM$3:$AM$62,0)),"") | P41: =IFERROR(INDEX(印刷用データ!$AJ$3:$AJ$62,MATCH(SMALL(印刷用データ!$AM$3:$AM$62,37),印刷用データ!$AM$3:$AM$62,0)),"") | Q41: =IF(P41="","",P41-100) | R41: =IFERROR(INDEX(印刷用データ!$AL$3:$AL$62,MATCH(SMALL(印刷用データ!$AM$3:$AM$62,37),印刷用データ!$AM$3:$AM$62,0)),"")
M42: =IFERROR(IF(SMALL(印刷用データ!$AM$3:$AM$62,38)>0,38,""),"") | N42: =IFERROR(INDEX(印刷用データ!$AG$3:$AG$62,MATCH(SMALL(印刷用データ!$AM$3:$AM$62,38),印刷用データ!$AM$3:$AM$62,0)),"") | O42: =IFERROR(INDEX(印刷用データ!$AK$3:$AK$62,MATCH(SMALL(印刷用データ!$AM$3:$AM$62,38),印刷用データ!$AM$3:$AM$62,0)),"") | P42: =IFERROR(INDEX(印刷用データ!$AJ$3:$AJ$62,MATCH(SMALL(印刷用データ!$AM$3:$AM$62,38),印刷用データ!$AM$3:$AM$62,0)),"") | Q42: =IF(P42="","",P42-100) | R42: =IFERROR(INDEX(印刷用データ!$AL$3:$AL$62,MATCH(SMALL(印刷用データ!$AM$3:$AM$62,38),印刷用データ!$AM$3:$AM$62,0)),"")
M43: =IFERROR(IF(SMALL(印刷用データ!$AM$3:$AM$62,39)>0,39,""),"") | N43: =IFERROR(INDEX(印刷用データ!$AG$3:$AG$62,MATCH(SMALL(印刷用データ!$AM$3:$AM$62,39),印刷用データ!$AM$3:$AM$62,0)),"") | O43: =IFERROR(INDEX(印刷用データ!$AK$3:$AK$62,MATCH(SMALL(印刷用データ!$AM$3:$AM$62,39),印刷用データ!$AM$3:$AM$62,0)),"") | P43: =IFERROR(INDEX(印刷用データ!$AJ$3:$AJ$62,MATCH(SMALL(印刷用データ!$AM$3:$AM$62,39),印刷用データ!$AM$3:$AM$62,0)),"") | Q43: =IF(P43="","",P43-100) | R43: =IFERROR(INDEX(印刷用データ!$AL$3:$AL$62,MATCH(SMALL(印刷用データ!$AM$3:$AM$62,39),印刷用データ!$AM$3:$AM$62,0)),"")
M44: =IFERROR(IF(SMALL(印刷用データ!$AM$3:$AM$62,40)>0,40,""),"") | N44: =IFERROR(INDEX(印刷用データ!$AG$3:$AG$62,MATCH(SMALL(印刷用データ!$AM$3:$AM$62,40),印刷用データ!$AM$3:$AM$62,0)),"") | O44: =IFERROR(INDEX(印刷用データ!$AK$3:$AK$62,MATCH(SMALL(印刷用データ!$AM$3:$AM$62,40),印刷用データ!$AM$3:$AM$62,0)),"") | P44: =IFERROR(INDEX(印刷用データ!$AJ$3:$AJ$62,MATCH(SMALL(印刷用データ!$AM$3:$AM$62,40),印刷用データ!$AM$3:$AM$62,0)),"") | Q44: =IF(P44="","",P44-100) | R44: =IFERROR(INDEX(印刷用データ!$AL$3:$AL$62,MATCH(SMALL(印刷用データ!$AM$3:$AM$62,40),印刷用データ!$AM$3:$AM$62,0)),"")
M45: =IFERROR(IF(SMALL(印刷用データ!$AM$3:$AM$62,41)>0,41,""),"") | N45: =IFERROR(INDEX(印刷用データ!$AG$3:$AG$62,MATCH(SMALL(印刷用データ!$AM$3:$AM$62,41),印刷用データ!$AM$3:$AM$62,0)),"") | O45: =IFERROR(INDEX(印刷用データ!$AK$3:$AK$62,MATCH(SMALL(印刷用データ!$AM$3:$AM$62,41),印刷用データ!$AM$3:$AM$62,0)),"") | P45: =IFERROR(INDEX(印刷用データ!$AJ$3:$AJ$62,MATCH(SMALL(印刷用データ!$AM$3:$AM$62,41),印刷用データ!$AM$3:$AM$62,0)),"") | Q45: =IF(P45="","",P45-100) | R45: =IFERROR(INDEX(印刷用データ!$AL$3:$AL$62,MATCH(SMALL(印刷用データ!$AM$3:$AM$62,41),印刷用データ!$AM$3:$AM$62,0)),"")
M46: =IFERROR(IF(SMALL(印刷用データ!$AM$3:$AM$62,42)>0,42,""),"") | N46: =IFERROR(INDEX(印刷用データ!$AG$3:$AG$62,MATCH(SMALL(印刷用データ!$AM$3:$AM$62,42),印刷用データ!$AM$3:$AM$62,0)),"") | O46: =IFERROR(INDEX(印刷用データ!$AK$3:$AK$62,MATCH(SMALL(印刷用データ!$AM$3:$AM$62,42),印刷用データ!$AM$3:$AM$62,0)),"") | P46: =IFERROR(INDEX(印刷用データ!$AJ$3:$AJ$62,MATCH(SMALL(印刷用データ!$AM$3:$AM$62,42),印刷用データ!$AM$3:$AM$62,0)),"") | Q46: =IF(P46="","",P46-100) | R46: =IFERROR(INDEX(印刷用データ!$AL$3:$AL$62,MATCH(SMALL(印刷用データ!$AM$3:$AM$62,42),印刷用データ!$AM$3:$AM$62,0)),"")
M47: =IFERROR(IF(SMALL(印刷用データ!$AM$3:$AM$62,43)>0,43,""),"") | N47: =IFERROR(INDEX(印刷用データ!$AG$3:$AG$62,MATCH(SMALL(印刷用データ!$AM$3:$AM$62,43),印刷用データ!$AM$3:$AM$62,0)),"") | O47: =IFERROR(INDEX(印刷用データ!$AK$3:$AK$62,MATCH(SMALL(印刷用データ!$AM$3:$AM$62,43),印刷用データ!$AM$3:$AM$62,0)),"") | P47: =IFERROR(INDEX(印刷用データ!$AJ$3:$AJ$62,MATCH(SMALL(印刷用データ!$AM$3:$AM$62,43),印刷用データ!$AM$3:$AM$62,0)),"") | Q47: =IF(P47="","",P47-100) | R47: =IFERROR(INDEX(印刷用データ!$AL$3:$AL$62,MATCH(SMALL(印刷用データ!$AM$3:$AM$62,43),印刷用データ!$AM$3:$AM$62,0)),"")
M48: =IFERROR(IF(SMALL(印刷用データ!$AM$3:$AM$62,44)>0,44,""),"") | N48: =IFERROR(INDEX(印刷用データ!$AG$3:$AG$62,MATCH(SMALL(印刷用データ!$AM$3:$AM$62,44),印刷用データ!$AM$3:$AM$62,0)),"") | O48: =IFERROR(INDEX(印刷用データ!$AK$3:$AK$62,MATCH(SMALL(印刷用データ!$AM$3:$AM$62,44),印刷用データ!$AM$3:$AM$62,0)),"") | P48: =IFERROR(INDEX(印刷用データ!$AJ$3:$AJ$62,MATCH(SMALL(印刷用データ!$AM$3:$AM$62,44),印刷用データ!$AM$3:$AM$62,0)),"") | Q48: =IF(P48="","",P48-100) | R48: =IFERROR(INDEX(印刷用データ!$AL$3:$AL$62,MATCH(SMALL(印刷用データ!$AM$3:$AM$62,44),印刷用データ!$AM$3:$AM$62,0)),"")
M49: =IFERROR(IF(SMALL(印刷用データ!$AM$3:$AM$62,45)>0,45,""),"") | N49: =IFERROR(INDEX(印刷用データ!$AG$3:$AG$62,MATCH(SMALL(印刷用データ!$AM$3:$AM$62,45),印刷用データ!$AM$3:$AM$62,0)),"") | O49: =IFERROR(INDEX(印刷用データ!$AK$3:$AK$62,MATCH(SMALL(印刷用データ!$AM$3:$AM$62,45),印刷用データ!$AM$3:$AM$62,0)),"") | P49: =IFERROR(INDEX(印刷用データ!$AJ$3:$AJ$62,MATCH(SMALL(印刷用データ!$AM$3:$AM$62,45),印刷用データ!$AM$3:$AM$62,0)),"") | Q49: =IF(P49="","",P49-100) | R49: =IFERROR(INDEX(印刷用データ!$AL$3:$AL$62,MATCH(SMALL(印刷用データ!$AM$3:$AM$62,45),印刷用データ!$AM$3:$AM$62,0)),"")
M50: =IFERROR(IF(SMALL(印刷用データ!$AM$3:$AM$62,46)>0,46,""),"") | N50: =IFERROR(INDEX(印刷用データ!$AG$3:$AG$62,MATCH(SMALL(印刷用データ!$AM$3:$AM$62,46),印刷用データ!$AM$3:$AM$62,0)),"") | O50: =IFERROR(INDEX(印刷用データ!$AK$3:$AK$62,MATCH(SMALL(印刷用データ!$AM$3:$AM$62,46),印刷用データ!$AM$3:$AM$62,0)),"") | P50: =IFERROR(INDEX(印刷用データ!$AJ$3:$AJ$62,MATCH(SMALL(印刷用データ!$AM$3:$AM$62,46),印刷用データ!$AM$3:$AM$62,0)),"") | Q50: =IF(P50="","",P50-100) | R50: =IFERROR(INDEX(印刷用データ!$AL$3:$AL$62,MATCH(SMALL(印刷用データ!$AM$3:$AM$62,46),印刷用データ!$AM$3:$AM$62,0)),"")
M51: =IFERROR(IF(SMALL(印刷用データ!$AM$3:$AM$62,47)>0,47,""),"") | N51: =IFERROR(INDEX(印刷用データ!$AG$3:$AG$62,MATCH(SMALL(印刷用データ!$AM$3:$AM$62,47),印刷用データ!$AM$3:$AM$62,0)),"") | O51: =IFERROR(INDEX(印刷用データ!$AK$3:$AK$62,MATCH(SMALL(印刷用データ!$AM$3:$AM$62,47),印刷用データ!$AM$3:$AM$62,0)),"") | P51: =IFERROR(INDEX(印刷用データ!$AJ$3:$AJ$62,MATCH(SMALL(印刷用データ!$AM$3:$AM$62,47),印刷用データ!$AM$3:$AM$62,0)),"") | Q51: =IF(P51="","",P51-100) | R51: =IFERROR(INDEX(印刷用データ!$AL$3:$AL$62,MATCH(SMALL(印刷用データ!$AM$3:$AM$62,47),印刷用データ!$AM$3:$AM$62,0)),"")
M52: =IFERROR(IF(SMALL(印刷用データ!$AM$3:$AM$62,48)>0,48,""),"") | N52: =IFERROR(INDEX(印刷用データ!$AG$3:$AG$62,MATCH(SMALL(印刷用データ!$AM$3:$AM$62,48),印刷用データ!$AM$3:$AM$62,0)),"") | O52: =IFERROR(INDEX(印刷用データ!$AK$3:$AK$62,MATCH(SMALL(印刷用データ!$AM$3:$AM$62,48),印刷用データ!$AM$3:$AM$62,0)),"") | P52: =IFERROR(INDEX(印刷用データ!$AJ$3:$AJ$62,MATCH(SMALL(印刷用データ!$AM$3:$AM$62,48),印刷用データ!$AM$3:$AM$62,0)),"") | Q52: =IF(P52="","",P52-100) | R52: =IFERROR(INDEX(印刷用データ!$AL$3:$AL$62,MATCH(SMALL(印刷用データ!$AM$3:$AM$62,48),印刷用データ!$AM$3:$AM$62,0)),"")
M53: =IFERROR(IF(SMALL(印刷用データ!$AM$3:$AM$62,49)>0,49,""),"") | N53: =IFERROR(INDEX(印刷用データ!$AG$3:$AG$62,MATCH(SMALL(印刷用データ!$AM$3:$AM$62,49),印刷用データ!$AM$3:$AM$62,0)),"") | O53: =IFERROR(INDEX(印刷用データ!$AK$3:$AK$62,MATCH(SMALL(印刷用データ!$AM$3:$AM$62,49),印刷用データ!$AM$3:$AM$62,0)),"") | P53: =IFERROR(INDEX(印刷用データ!$AJ$3:$AJ$62,MATCH(SMALL(印刷用データ!$AM$3:$AM$62,49),印刷用データ!$AM$3:$AM$62,0)),"") | Q53: =IF(P53="","",P53-100) | R53: =IFERROR(INDEX(印刷用データ!$AL$3:$AL$62,MATCH(SMALL(印刷用データ!$AM$3:$AM$62,49),印刷用データ!$AM$3:$AM$62,0)),"")
M54: =IFERROR(IF(SMALL(印刷用データ!$AM$3:$AM$62,50)>0,50,""),"") | N54: =IFERROR(INDEX(印刷用データ!$AG$3:$AG$62,MATCH(SMALL(印刷用データ!$AM$3:$AM$62,50),印刷用データ!$AM$3:$AM$62,0)),"") | O54: =IFERROR(INDEX(印刷用データ!$AK$3:$AK$62,MATCH(SMALL(印刷用データ!$AM$3:$AM$62,50),印刷用データ!$AM$3:$AM$62,0)),"") | P54: =IFERROR(INDEX(印刷用データ!$AJ$3:$AJ$62,MATCH(SMALL(印刷用データ!$AM$3:$AM$62,50),印刷用データ!$AM$3:$AM$62,0)),"") | Q54: =IF(P54="","",P54-100) | R54: =IFERROR(INDEX(印刷用データ!$AL$3:$AL$62,MATCH(SMALL(印刷用データ!$AM$3:$AM$62,50),印刷用データ!$AM$3:$AM$62,0)),"")
B61: ※ 達成率 ＝ 標準時間合計 ÷ 実測時間合計 × 100。標準時間 ＝ a×企業数 ＋ b×件数（係数は「設定」シート。変更すればこのページも自動で追随します）。
B62: ="※ ①④ は実績のある全員 "&COUNT(印刷用データ!AS3:AS62)&" 名。「工程」が PKのみ の人は、その工程だけの標準時間 ÷ 実測時間です。②③ は両工程に実績のある "&COUNT(印刷用データ!N3:N62)&" 名。出典: 2026年4月 実績。" -> ※ ①④ は実績のある全員 29 名。「工程」が PKのみ の人は、その工程だけの標準時間 ÷ 実測時間です。②③ は両工程に実績のある 19 名。出典: 2026年4月 実績。

Sheet 入力
B2: 個人別 作業実績 入力シート
B3: 黄色のセルだけ入力してください。空欄の行は自動で無視されます（最大60名）。
B4: 「分/個」ではなく、件数・時間・企業数をそのまま入れます。丸め誤差がなくなり、公平目標を人ごとに出せます。
B6: ← ダッシュボードへ戻る
C8: ピッキング | G8: 梱包
A9: No | B9: 担当者名 | C9: 件数 | D9: 時間 (分) | E9: 企業数 | F9: 記録 日数 | G9: 件数 | H9: 時間 (分) | I9: 企業数 | J9: 記録 日数 | L9: 入力のしかた
A10: =IF(B10="","",COUNTA($B$10:B10)) -> 1 | B10: 本吉有美子 | C10: 1454 | D10: 2028 | E10: 611 | F10: 18 | G10: 2493 | H10: 2599 | I10: 653 | J10: 20 | L10: 件数 … その月に処理したアイテム数
A11: =IF(B11="","",COUNTA($B$10:B11)) -> 2 | B11: 澤田凌 | C11: 790 | D11: 1245 | E11: 475 | F11: 11 | G11: 634 | H11: 1530 | I11: 249 | J11: 10 | L11: 時間 … 実際にかかった時間（分）
A12: =IF(B12="","",COUNTA($B$10:B12)) -> 3 | B12: 大江美記子 | C12: 981 | D12: 1535 | E12: 481 | F12: 16 | G12: 2616 | H12: 3060 | I12: 675 | J12: 19 | L12: 企業数 … 担当したリストの枚数（＝企業の延べ数）
A13: =IF(B13="","",COUNTA($B$10:B13)) -> 4 | B13: 佐藤辰成 | C13: 667 | D13: 810 | E13: 148 | F13: 10 | G13: 284 | H13: 305 | I13: 49 | J13: 7 | L13: 記録日数 … 実績を記録した日数
A14: =IF(B14="","",COUNTA($B$10:B14)) -> 5 | B14: 春谷智子 | C14: 122 | D14: 210 | E14: 73 | F14: 4
A15: =IF(B15="","",COUNTA($B$10:B15)) -> 6 | B15: 後藤克行 | C15: 2007 | D15: 3585 | E15: 959 | F15: 20 | G15: 1421 | H15: 2760 | I15: 372 | J15: 20 | L15: 企業数が空欄の人は、段取り補正なしで計算されます。
A16: =IF(B16="","",COUNTA($B$10:B16)) -> 7 | B16: 中村美佳 | C16: 79 | D16: 120 | E16: 30 | F16: 3 | G16: 375 | H16: 730 | I16: 106 | J16: 4 | L16: 記録日数が空欄の人は、判定が「日数未入力」になります。
A17: =IF(B17="","",COUNTA($B$10:B17)) -> 8 | B17: 晩田恵美 | C17: 877 | D17: 1346 | E17: 231 | F17: 14 | G17: 2881 | H17: 4007 | I17: 988 | J17: 19
A18: =IF(B18="","",COUNTA($B$10:B18)) -> 9 | B18: 高橋佐織 | C18: 941 | D18: 1685 | E18: 400 | F18: 16 | G18: 2422 | H18: 4132 | I18: 699 | J18: 20 | L18: ※ 時間の記録漏れがあると、その人の効率は
A19: =IF(B19="","",COUNTA($B$10:B19)) -> 10 | B19: 山本祥吉 | C19: 2129 | D19: 3589 | E19: 736 | F19: 20 | G19: 1548 | H19: 2828 | I19: 393 | J19: 20 | L19: 実力以上に高く出ます。もれなく記入してください。
A20: =IF(B20="","",COUNTA($B$10:B20)) -> 11 | B20: 佐々木千恵 | C20: 681 | D20: 1082 | E20: 191 | F20: 10 | G20: 890 | H20: 770 | I20: 191 | J20: 7
A21: =IF(B21="","",COUNTA($B$10:B21)) -> 12 | B21: 北田倫子 | C21: 468 | D21: 1001 | E21: 281 | F21: 14 | G21: 1442 | H21: 1758 | I21: 472 | J21: 13
A22: =IF(B22="","",COUNTA($B$10:B22)) -> 13 | B22: 中納沙織 | C22: 1143 | D22: 2255 | E22: 556 | F22: 9 | G22: 224 | H22: 475 | I22: 38 | J22: 3
A23: =IF(B23="","",COUNTA($B$10:B23)) -> 14 | B23: 石戸谷亜子 | C23: 846 | D23: 1490 | E23: 282 | F23: 8
A24: =IF(B24="","",COUNTA($B$10:B24)) -> 15 | B24: 森田美加 | C24: 218 | D24: 450 | E24: 109 | F24: 5 | G24: 630 | H24: 1945 | I24: 187 | J24: 10
A25: =IF(B25="","",COUNTA($B$10:B25)) -> 16 | B25: 河野忠 | C25: 280 | D25: 552 | E25: 123 | F25: 6 | G25: 593 | H25: 685 | I25: 72 | J25: 7
A26: =IF(B26="","",COUNTA($B$10:B26)) -> 17 | B26: 木村千鶴 | C26: 691 | D26: 1396 | E26: 339 | F26: 16 | G26: 1750 | H26: 3788 | I26: 452 | J26: 20
A27: =IF(B27="","",COUNTA($B$10:B27)) -> 18 | B27: 奥野愛海 | C27: 416 | D27: 925 | E27: 209 | F27: 3
A28: =IF(B28="","",COUNTA($B$10:B28)) -> 19 | B28: 鈴木香織 | C28: 231 | D28: 505 | E28: 128 | F28: 10 | G28: 1050 | H28: 1848 | I28: 380 | J28: 12
A29: =IF(B29="","",COUNTA($B$10:B29)) -> 20 | B29: 向井ひかり | C29: 866 | D29: 1876 | E29: 389 | F29: 12
A30: =IF(B30="","",COUNTA($B$10:B30)) -> 21 | B30: 片岡達也 | C30: 66 | D30: 202 | E30: 47 | F30: 4
A31: =IF(B31="","",COUNTA($B$10:B31)) -> 22 | B31: 廣瀬こずえ | C31: 838 | D31: 1972 | E31: 443 | F31: 12
A32: =IF(B32="","",COUNTA($B$10:B32)) -> 23 | B32: 森本久美 | C32: 335 | D32: 716 | E32: 107 | F32: 9 | G32: 970 | H32: 1558 | I32: 293 | J32: 9
A33: =IF(B33="","",COUNTA($B$10:B33)) -> 24 | B33: 菊池敬 | C33: 422 | D33: 950 | E33: 185 | F33: 17 | G33: 1183 | H33: 2943 | I33: 367 | J33: 17
A34: =IF(B34="","",COUNTA($B$10:B34)) -> 25 | B34: 高橋正美 | C34: 1090 | D34: 2510 | E34: 428 | F34: 12
A35: =IF(B35="","",COUNTA($B$10:B35)) -> 26 | B35: 秋草文恵 | C35: 858 | D35: 2094 | E35: 391 | F35: 12
A36: =IF(B36="","",COUNTA($B$10:B36)) -> 27 | B36: 上村和恵 | C36: 1112 | D36: 2665 | E36: 465 | F36: 13
A37: =IF(B37="","",COUNTA($B$10:B37)) -> 28 | B37: 平田学 | C37: 370 | D37: 1225 | E37: 148 | F37: 4
A38: =IF(B38="","",COUNTA($B$10:B38)) -> 29 | B38: 飯田由加里 | C38: 271 | D38: 764 | E38: 149 | F38: 11 | G38: 1061 | H38: 1466 | I38: 433 | J38: 12
A39: =IF(B39="","",COUNTA($B$10:B39))
A40: =IF(B40="","",COUNTA($B$10:B40))
A41: =IF(B41="","",COUNTA($B$10:B41))
A42: =IF(B42="","",COUNTA($B$10:B42))
A43: =IF(B43="","",COUNTA($B$10:B43))
A44: =IF(B44="","",COUNTA($B$10:B44))
A45: =IF(B45="","",COUNTA($B$10:B45))
A46: =IF(B46="","",COUNTA($B$10:B46))
A47: =IF(B47="","",COUNTA($B$10:B47))
A48: =IF(B48="","",COUNTA($B$10:B48))
A49: =IF(B49="","",COUNTA($B$10:B49))
A50: =IF(B50="","",COUNTA($B$10:B50))
... A69: =IF(B69="","",COUNTA($B$10:B69))

Sheet ピッキング
B2: ピッキング 公平評価 | S2: 集計
B3: 標準時間 ＝ a × 企業数 ＋ b × 件数 効率 ＝ 標準時間 ÷ 実測時間 × 100 | S3: 全体平均 効率(%) | T3: =IFERROR(SUM(U7:U66)/SUMIF(I7:I66,">0",C7:C66),"") -> 103.50536
B4: 自動計算です。入力は「入力」シートで行ってください。判定は信頼区間が全体平均をまたぐかどうかで決めます。 | S4: （件数で重みづけ）
B5: ← ダッシュボードへ戻る | S5: 人数 | T5: =COUNT(L7:L66) -> 29
A6: 順位 | B6: 担当者名 | C6: 件数 | D6: 時間 (分) | E6: 企業数 | F6: 件/社 | G6: 素の 秒/件 | H6: 段取り (分) | I6: 標準時間 (分) | J6: 段取り 比率 | K6: 効率 % | L6: 縮小後 効率% | M6: 下限 95% | N6: 上限 95% | O6: 判定 | P6: 純速度 秒/件 | Q6: 公平目標 分/個 | S6: ◎ 上位 | T6: =COUNTIF(O7:O66,"◎上位") -> 3
A7: =IF(L7="","",RANK(L7,$L$7:$L$66,0)) -> 1 | B7: =IF(入力!$B$10="","",入力!$B$10) -> 本吉有美子 | C7: =IF(AND(入力!$B$10<>"",ISNUMBER(入力!$C$10),ISNUMBER(入力!$D$10),入力!$C$10>0,入力!$D$10>0),入力!$C$10,"") -> 1454 | D7: =IF(AND(入力!$B$10<>"",ISNUMBER(入力!$C$10),ISNUMBER(入力!$D$10),入力!$C$10>0,入力!$D$10>0),入力!$D$10,"") -> 2028 | E7: =IF(AND(AND(入力!$B$10<>"",ISNUMBER(入力!$C$10),ISNUMBER(入力!$D$10),入力!$C$10>0,入力!$D$10>0),ISNUMBER(入力!$E$10),入力!$E$10>0),入力!$E$10,"") -> 611 | F7: =IF(C7="","",IF(E7="","",C7/E7)) -> 2.3797054 | G7: =IF(C7="","",D7*60/C7) -> 83.686382 | H7: =IF(AND(入力!$B$10<>"",ISNUMBER(入力!$C$10),ISNUMBER(入力!$D$10),入力!$C$10>0,入力!$D$10>0),IF(AND(AND(入力!$B$10<>"",ISNUMBER(入力!$C$10),ISNUMBER(入力!$D$10),入力!$C$10>0,入力!$D$10>0),ISNUMBER(入力!$E$10),入力!$E$10>0),設定!$E$6*入力!$E$10/60,0),"") -> 937.885 | I7: =IF(AND(入力!$B$10<>"",ISNUMBER(入力!$C$10),ISNUMBER(入力!$D$10),入力!$C$10>0,入力!$D$10>0),H7+設定!$E$7*C7/60,"") -> 2769.925 | J7: =IF(I7="","",H7/I7) -> 0.33859581 | K7: =IF(I7="","",I7/D7*100) -> 136.58407 | L7: =IF(K7="","",IF(AND(K7<>"",ISNUMBER(入力!$F$10),入力!$F$10>0),$T$3+(設定!$D$14/(設定!$D$14+設定!$D$15/入力!$F$10))*(K7-$T$3),K7)) -> 127.28975 | M7: =IF(AND(K7<>"",ISNUMBER(入力!$F$10),入力!$F$10>0),L7-設定!$C$21*SQRT((設定!$D$14/(設定!$D$14+設定!$D$15/入力!$F$10))*設定!$D$15/入力!$F$10),"") -> 112.05234 | N7: =IF(AND(K7<>"",ISNUMBER(入力!$F$10),入力!$F$10>0),L7+設定!$C$21*SQRT((設定!$D$14/(設定!$D$14+設定!$D$15/入力!$F$10))*設定!$D$15/入力!$F$10),"") -> 142.52715 | O7: =IF(L7="","",IF(M7="","日数未入力",IF(M7>$T$3,"◎上位",IF(N7<$T$3,"△要支援","○標準")))) -> ◎上位 | P7: =IF(C7="","",(D7-H7)*60/C7) -> 44.984113 | Q7: =IF(I7="","",I7/C7) -> 1.9050378 | S7: ○ 標準 | T7: =COUNTIF(O7:O66,"○標準") -> 26 | U7: =IF(K7="",0,K7*C7) -> 198593.24
A8: =IF(L8="","",RANK(L8,$L$7:$L$66,0)) -> 2 | B8: =IF(入力!$B$11="","",入力!$B$11) -> 澤田凌 | C8: =IF(AND(入力!$B$11<>"",ISNUMBER(入力!$C$11),ISNUMBER(入力!$D$11),入力!$C$11>0,入力!$D$11>0),入力!$C$11,"") -> 790 | D8: =IF(AND(入力!$B$11<>"",ISNUMBER(入力!$C$11),ISNUMBER(入力!$D$11),入力!$C$11>0,入力!$D$11>0),入力!$D$11,"") -> 1245 | E8: =IF(AND(AND(入力!$B$11<>"",ISNUMBER(入力!$C$11),ISNUMBER(入力!$D$11),入力!$C$11>0,入力!$D$11>0),ISNUMBER(入力!$E$11),入力!$E$11>0),入力!$E$11,"") -> 475 | F8: =IF(C8="","",IF(E8="","",C8/E8)) -> 1.6631579 | G8: =IF(C8="","",D8*60/C8) -> 94.556962 | H8: =IF(AND(入力!$B$11<>"",ISNUMBER(入力!$C$11),ISNUMBER(入力!$D$11),入力!$C$11>0,入力!$D$11>0),IF(AND(AND(入力!$B$11<>"",ISNUMBER(入力!$C$11),ISNUMBER(入力!$D$11),入力!$C$11>0,入力!$D$11>0),ISNUMBER(入力!$E$11),入力!$E$11>0),設定!$E$6*入力!$E$11/60,0),"") -> 729.125 | I8: =IF(AND(入力!$B$11<>"",ISNUMBER(入力!$C$11),ISNUMBER(入力!$D$11),入力!$C$11>0,入力!$D$11>0),H8+設定!$E$7*C8/60,"") -> 1724.525 | J8: =IF(I8="","",H8/I8) -> 0.42279758 | K8: =IF(I8="","",I8/D8*100) -> 138.51606 | L8: =IF(K8="","",IF(AND(K8<>"",ISNUMBER(入力!$F$11),入力!$F$11>0),$T$3+(設定!$D$14/(設定!$D$14+設定!$D$15/入力!$F$11))*(K8-$T$3),K8)) -> 124.86053 | M8: =IF(AND(K8<>"",ISNUMBER(入力!$F$11),入力!$F$11>0),L8-設定!$C$21*SQRT((設定!$D$14/(設定!$D$14+設定!$D$15/入力!$F$11))*設定!$D$15/入力!$F$11),"") -> 106.90781 | N8: =IF(AND(K8<>"",ISNUMBER(入力!$F$11),入力!$F$11>0),L8+設定!$C$21*SQRT((設定!$D$14/(設定!$D$14+設定!$D$15/入力!$F$11))*設定!$D$15/入力!$F$11),"") -> 142.81325 | O8: =IF(L8="","",IF(M8="","日数未入力",IF(M8>$T$3,"◎上位",IF(N8<$T$3,"△要支援","○標準")))) -> ◎上位 | P8: =IF(C8="","",(D8-H8)*60/C8) -> 39.18038 | Q8: =IF(I8="","",I8/C8) -> 2.182943 | S8: △ 要支援 | T8: =COUNTIF(O7:O66,"△要支援") -> 0 | U8: =IF(K8="",0,K8*C8) -> 109427.69
A9: =IF(L9="","",RANK(L9,$L$7:$L$66,0)) -> 3 | B9: =IF(入力!$B$12="","",入力!$B$12) -> 大江美記子 | C9: =IF(AND(入力!$B$12<>"",ISNUMBER(入力!$C$12),ISNUMBER(入力!$D$12),入力!$C$12>0,入力!$D$12>0),入力!$C$12,"") -> 981 | D9: =IF(AND(入力!$B$12<>"",ISNUMBER(入力!$C$12),ISNUMBER(入力!$D$12),入力!$C$12>0,入力!$D$12>0),入力!$D$12,"") -> 1535 | E9: =IF(AND(AND(入力!$B$12<>"",ISNUMBER(入力!$C$12),ISNUMBER(入力!$D$12),入力!$C$12>0,入力!$D$12>0),ISNUMBER(入力!$E$12),入力!$E$12>0),入力!$E$12,"") -> 481 | F9: =IF(C9="","",IF(E9="","",C9/E9)) -> 2.039501 | G9: =IF(C9="","",D9*60/C9) -> 93.883792 | H9: =IF(AND(入力!$B$12<>"",ISNUMBER(入力!$C$12),ISNUMBER(入力!$D$12),入力!$C$12>0,入力!$D$12>0),IF(AND(AND(入力!$B$12<>"",ISNUMBER(入力!$C$12),ISNUMBER(入力!$D$12),入力!$C$12>0,入力!$D$12>0),ISNUMBER(入力!$E$12),入力!$E$12>0),設定!$E$6*入力!$E$12/60,0),"") -> 738.335 | I9: =IF(AND(入力!$B$12<>"",ISNUMBER(入力!$C$12),ISNUMBER(入力!$D$12),入力!$C$12>0,入力!$D$12>0),H9+設定!$E$7*C9/60,"") -> 1974.395 | J9: =IF(I9="","",H9/I9) -> 0.37395506 | K9: =IF(I9="","",I9/D9*100) -> 128.62508 | L9: =IF(K9="","",IF(AND(K9<>"",ISNUMBER(入力!$F$12),入力!$F$12>0),$T$3+(設定!$D$14/(設定!$D$14+設定!$D$15/入力!$F$12))*(K9-$T$3),K9)) -> 120.9542 | M9: =IF(AND(K9<>"",ISNUMBER(入力!$F$12),入力!$F$12>0),L9-設定!$C$21*SQRT((設定!$D$14/(設定!$D$14+設定!$D$15/入力!$F$12))*設定!$D$15/入力!$F$12),"") -> 105.06905 | N9: =IF(AND(K9<>"",ISNUMBER(入力!$F$12),入力!$F$12>0),L9+設定!$C$21*SQRT((設定!$D$14/(設定!$D$14+設定!$D$15/入力!$F$12))*設定!$D$15/入力!$F$12),"") -> 136.83936 | O9: =IF(L9="","",IF(M9="","日数未入力",IF(M9>$T$3,"◎上位",IF(N9<$T$3,"△要支援","○標準")))) -> ◎上位 | P9: =IF(C9="","",(D9-H9)*60/C9) -> 48.725688 | Q9: =IF(I9="","",I9/C9) -> 2.0126351 | U9: =IF(K9="",0,K9*C9) -> 126181.2
A10: =IF(L10="","",RANK(L10,$L$7:$L$66,0)) -> 4 | B10: =IF(入力!$B$13="","",入力!$B$13) -> 佐藤辰成 | C10: =IF(AND(入力!$B$13<>"",ISNUMBER(入力!$C$13),ISNUMBER(入力!$D$13),入力!$C$13>0,入力!$D$13>0),入力!$C$13,"") -> 667 | D10: =IF(AND(入力!$B$13<>"",ISNUMBER(入力!$C$13),ISNUMBER(入力!$D$13),入力!$C$13>0,入力!$D$13>0),入力!$D$13,"") -> 810 | E10: =IF(AND(AND(入力!$B$13<>"",ISNUMBER(入力!$C$13),ISNUMBER(入力!$D$13),入力!$C$13>0,入力!$D$13>0),ISNUMBER(入力!$E$13),入力!$E$13>0),入力!$E$13,"") -> 148 | F10: =IF(C10="","",IF(E10="","",C10/E10)) -> 4.5067568 | G10: =IF(C10="","",D10*60/C10) -> 72.863568 | H10: =IF(AND(入力!$B$13<>"",ISNUMBER(入力!$C$13),ISNUMBER(入力!$D$13),入力!$C$13>0,入力!$D$13>0),IF(AND(AND(入力!$B$13<>"",ISNUMBER(入力!$C$13),ISNUMBER(入力!$D$13),入力!$C$13>0,入力!$D$13>0),ISNUMBER(入力!$E$13),入力!$E$13>0),設定!$E$6*入力!$E$13/60,0),"") -> 227.18 | I10: =IF(AND(入力!$B$13<>"",ISNUMBER(入力!$C$13),ISNUMBER(入力!$D$13),入力!$C$13>0,入力!$D$13>0),H10+設定!$E$7*C10/60,"") -> 1067.6 | J10: =IF(I10="","",H10/I10) -> 0.21279505 | K10: =IF(I10="","",I10/D10*100) -> 131.80247 | L10: =IF(K10="","",IF(AND(K10<>"",ISNUMBER(入力!$F$13),入力!$F$13>0),$T$3+(設定!$D$14/(設定!$D$14+設定!$D$15/入力!$F$13))*(K10-$T$3),K10)) -> 120.11755 | M10: =IF(AND(K10<>"",ISNUMBER(入力!$F$13),入力!$F$13>0),L10-設定!$C$21*SQRT((設定!$D$14/(設定!$D$14+設定!$D$15/入力!$F$13))*設定!$D$15/入力!$F$13),"") -> 101.64538 | N10: =IF(AND(K10<>"",ISNUMBER(入力!$F$13),入力!$F$13>0),L10+設定!$C$21*SQRT((設定!$D$14/(設定!$D$14+設定!$D$15/入力!$F$13))*設定!$D$15/入力!$F$13),"") -> 138.58973 | O10: =IF(L10="","",IF(M10="","日数未入力",IF(M10>$T$3,"◎上位",IF(N10<$T$3,"△要支援","○標準")))) -> ○標準 | P10: =IF(C10="","",(D10-H10)*60/C10) -> 52.427586 | Q10: =IF(I10="","",I10/C10) -> 1.6005997 | S10: 件数 計 | T10: =SUMIF(I7:I66,">0",C7:C66) -> 21249 | U10: =IF(K10="",0,K10*C10) -> 87912.247
A11: =IF(L11="","",RANK(L11,$L$7:$L$66,0)) -> 5 | B11: =IF(入力!$B$14="","",入力!$B$14) -> 春谷智子 | C11: =IF(AND(入力!$B$14<>"",ISNUMBER(入力!$C$14),ISNUMBER(入力!$D$14),入力!$C$14>0,入力!$D$14>0),入力!$C$14,"") -> 122 | D11: =IF(AND(入力!$B$14<>"",ISNUMBER(入力!$C$14),ISNUMBER(入力!$D$14),入力!$C$14>0,入力!$D$14>0),入力!$D$14,"") -> 210 | E11: =IF(AND(AND(入力!$B$14<>"",ISNUMBER(入力!$C$14),ISNUMBER(入力!$D$14),入力!$C$14>0,入力!$D$14>0),ISNUMBER(入力!$E$14),入力!$E$14>0),入力!$E$14,"") -> 73 | F11: =IF(C11="","",IF(E11="","",C11/E11)) -> 1.6712329 | G11: =IF(C11="","",D11*60/C11) -> 103.27869 | H11: =IF(AND(入力!$B$14<>"",ISNUMBER(入力!$C$14),ISNUMBER(入力!$D$14),入力!$C$14>0,入力!$D$14>0),IF(AND(AND(入力!$B$14<>"",ISNUMBER(入力!$C$14),ISNUMBER(入力!$D$14),入力!$C$14>0,入力!$D$14>0),ISNUMBER(入力!$E$14),入力!$E$14>0),設定!$E$6*入力!$E$14/60,0),"") -> 112.055 | I11: =IF(AND(入力!$B$14<>"",ISNUMBER(入力!$C$14),ISNUMBER(入力!$D$14),入力!$C$14>0,入力!$D$14>0),H11+設定!$E$7*C11/60,"") -> 265.775 | J11: =IF(I11="","",H11/I11) -> 0.42161603 | K11: =IF(I11="","",I11/D11*100) -> 126.55952 | L11: =IF(K11="","",IF(AND(K11<>"",ISNUMBER(入力!$F$14),入力!$F$14>0),$T$3+(設定!$D$14/(設定!$D$14+設定!$D$15/入力!$F$14))*(K11-$T$3),K11)) -> 111.86291 | M11: =IF(AND(K11<>"",ISNUMBER(入力!$F$14),入力!$F$14>0),L11-設定!$C$21*SQRT((設定!$D$14/(設定!$D$14+設定!$D$15/入力!$F$14))*設定!$D$15/入力!$F$14),"") -> 88.911448 | N11: =IF(AND(K11<>"",ISNUMBER(入力!$F$14),入力!$F$14>0),L11+設定!$C$21*SQRT((設定!$D$14/(設定!$D$14+設定!$D$15/入力!$F$14))*設定!$D$15/入力!$F$14),"") -> 134.81436 | O11: =IF(L11="","",IF(M11="","日数未入力",IF(M11>$T$3,"◎上位",IF(N11<$T$3,"△要支援","○標準")))) -> ○標準 | P11: =IF(C11="","",(D11-H11)*60/C11) -> 48.169672 | Q11: =IF(I11="","",I11/C11) -> 2.1784836 | S11: 企業数 計 | T11: =SUMIF(I7:I66,">0",E7:E66) -> 9114 | U11: =IF(K11="",0,K11*C11) -> 15440.262
A12: =IF(L12="","",RANK(L12,$L$7:$L$66,0)) -> 6 | B12: =IF(入力!$B$15="","",入力!$B$15) -> 後藤克行 | C12: =IF(AND(入力!$B$15<>"",ISNUMBER(入力!$C$15),ISNUMBER(入力!$D$15),入力!$C$15>0,入力!$D$15>0),入力!$C$15,"") -> 2007 | D12: =IF(AND(入力!$B$15<>"",ISNUMBER(入力!$C$15),ISNUMBER(入力!$D$15),入力!$C$15>0,入力!$D$15>0),入力!$D$15,"") -> 3585 | E12: =IF(AND(AND(入力!$B$15<>"",ISNUMBER(入力!$C$15),ISNUMBER(入力!$D$15),入力!$C$15>0,入力!$D$15>0),ISNUMBER(入力!$E$15),入力!$E$15>0),入力!$E$15,"") -> 959 | F12: =IF(C12="","",IF(E12="","",C12/E12)) -> 2.092805 | G12: =IF(C12="","",D12*60/C12) -> 107.17489 | H12: =IF(AND(入力!$B$15<>"",ISNUMBER(入力!$C$15),ISNUMBER(入力!$D$15),入力!$C$15>0,入力!$D$15>0),IF(AND(AND(入力!$B$15<>"",ISNUMBER(入力!$C$15),ISNUMBER(入力!$D$15),入力!$C$15>0,入力!$D$15>0),ISNUMBER(入力!$E$15),入力!$E$15>0),設定!$E$6*入力!$E$15/60,0),"") -> 1472.065 | I12: =IF(AND(入力!$B$15<>"",ISNUMBER(入力!$C$15),ISNUMBER(入力!$D$15),入力!$C$15>0,入力!$D$15>0),H12+設定!$E$7*C12/60,"") -> 4000.885 | J12: =IF(I12="","",H12/I12) -> 0.36793484 | K12: =IF(I12="","",I12/D12*100) -> 111.6007 | L12: =IF(K12="","",IF(AND(K12<>"",ISNUMBER(入力!$F$15),入力!$F$15>0),$T$3+(設定!$D$14/(設定!$D$14+設定!$D$15/入力!$F$15))*(K12-$T$3),K12)) -> 109.49438 | M12: =IF(AND(K12<>"",ISNUMBER(入力!$F$15),入力!$F$15>0),L12-設定!$C$21*SQRT((設定!$D$14/(設定!$D$14+設定!$D$15/入力!$F$15))*設定!$D$15/入力!$F$15),"") -> 94.831444 | N12: =IF(AND(K12<>"",ISNUMBER(入力!$F$15),入力!$F$15>0),L12+設定!$C$21*SQRT((設定!$D$14/(設定!$D$14+設定!$D$15/入力!$F$15))*設定!$D$15/入力!$F$15),"") -> 124.15731 | O12: =IF(L12="","",IF(M12="","日数未入力",IF(M12>$T$3,"◎上位",IF(N12<$T$3,"△要支援","○標準")))) -> ○標準 | P12: =IF(C12="","",(D12-H12)*60/C12) -> 63.166966 | Q12: =IF(I12="","",I12/C12) -> 1.9934654 | S12: 実測時間 計(分) | T12: =SUMIF(I7:I66,">0",D7:D66) -> 40783 | U12: =IF(K12="",0,K12*C12) -> 223982.6
A13: =IF(L13="","",RANK(L13,$L$7:$L$66,0)) -> 7 | B13: =IF(入力!$B$16="","",入力!$B$16) -> 中村美佳 | C13: =IF(AND(入力!$B$16<>"",ISNUMBER(入力!$C$16),ISNUMBER(入力!$D$16),入力!$C$16>0,入力!$D$16>0),入力!$C$16,"") -> 79 | D13: =IF(AND(入力!$B$16<>"",ISNUMBER(入力!$C$16),ISNUMBER(入力!$D$16),入力!$C$16>0,入力!$D$16>0),入力!$D$16,"") -> 120 | E13: =IF(AND(AND(入力!$B$16<>"",ISNUMBER(入力!$C$16),ISNUMBER(入力!$D$16),入力!$C$16>0,入力!$D$16>0),ISNUMBER(入力!$E$16),入力!$E$16>0),入力!$E$16,"") -> 30 | F13: =IF(C13="","",IF(E13="","",C13/E13)) -> 2.6333333 | G13: =IF(C13="","",D13*60/C13) -> 91.139241 | H13: =IF(AND(入力!$B$16<>"",ISNUMBER(入力!$C$16),ISNUMBER(入力!$D$16),入力!$C$16>0,入力!$D$16>0),IF(AND(AND(入力!$B$16<>"",ISNUMBER(入力!$C$16),ISNUMBER(入力!$D$16),入力!$C$16>0,入力!$D$16>0),ISNUMBER(入力!$E$16),入力!$E$16>0),設定!$E$6*入力!$E$16/60,0),"") -> 46.05 | I13: =IF(AND(入力!$B$16<>"",ISNUMBER(入力!$C$16),ISNUMBER(入力!$D$16),入力!$C$16>0,入力!$D$16>0),H13+設定!$E$7*C13/60,"") -> 145.59 | J13: =IF(I13="","",H13/I13) -> 0.3162992 | K13: =IF(I13="","",I13/D13*100) -> 121.325 | L13: =IF(K13="","",IF(AND(K13<>"",ISNUMBER(入力!$F$16),入力!$F$16>0),$T$3+(設定!$D$14/(設定!$D$14+設定!$D$15/入力!$F$16))*(K13-$T$3),K13)) -> 108.83317 | M13: =IF(AND(K13<>"",ISNUMBER(入力!$F$16),入力!$F$16>0),L13-設定!$C$21*SQRT((設定!$D$14/(設定!$D$14+設定!$D$15/入力!$F$16))*設定!$D$15/入力!$F$16),"") -> 84.765178 | N13: =IF(AND(K13<>"",ISNUMBER(入力!$F$16),入力!$F$16>0),L13+設定!$C$21*SQRT((設定!$D$14/(設定!$D$14+設定!$D$15/入力!$F$16))*設定!$D$15/入力!$F$16),"") -> 132.90116 | O13: =IF(L13="","",IF(M13="","日数未入力",IF(M13>$T$3,"◎上位",IF(N13<$T$3,"△要支援","○標準")))) -> ○標準 | P13: =IF(C13="","",(D13-H13)*60/C13) -> 56.164557 | Q13: =IF(I13="","",I13/C13) -> 1.8429114 | S13: 段取り時間 計(分) | T13: =SUMIF(I7:I66,">0",H7:H66) -> 13989.99 | U13: =IF(K13="",0,K13*C13) -> 9584.675
A14: =IF(L14="","",RANK(L14,$L$7:$L$66,0)) -> 8 | B14: =IF(入力!$B$17="","",入力!$B$17) -> 晩田恵美 | C14: =IF(AND(入力!$B$17<>"",ISNUMBER(入力!$C$17),ISNUMBER(入力!$D$17),入力!$C$17>0,入力!$D$17>0),入力!$C$17,"") -> 877 | D14: =IF(AND(入力!$B$17<>"",ISNUMBER(入力!$C$17),ISNUMBER(入力!$D$17),入力!$C$17>0,入力!$D$17>0),入力!$D$17,"") -> 1346 | E14: =IF(AND(AND(入力!$B$17<>"",ISNUMBER(入力!$C$17),ISNUMBER(入力!$D$17),入力!$C$17>0,入力!$D$17>0),ISNUMBER(入力!$E$17),入力!$E$17>0),入力!$E$17,"") -> 231 | F14: =IF(C14="","",IF(E14="","",C14/E14)) -> 3.7965368 | G14: =IF(C14="","",D14*60/C14) -> 92.086659 | H14: =IF(AND(入力!$B$17<>"",ISNUMBER(入力!$C$17),ISNUMBER(入力!$D$17),入力!$C$17>0,入力!$D$17>0),IF(AND(AND(入力!$B$17<>"",ISNUMBER(入力!$C$17),ISNUMBER(入力!$D$17),入力!$C$17>0,入力!$D$17>0),ISNUMBER(入力!$E$17),入力!$E$17>0),設定!$E$6*入力!$E$17/60,0),"") -> 354.585 | I14: =IF(AND(入力!$B$17<>"",ISNUMBER(入力!$C$17),ISNUMBER(入力!$D$17),入力!$C$17>0,入力!$D$17>0),H14+設定!$E$7*C14/60,"") -> 1459.605 | J14: =IF(I14="","",H14/I14) -> 0.24293216 | K14: =IF(I14="","",I14/D14*100) -> 108.44019 | L14: =IF(K14="","",IF(AND(K14<>"",ISNUMBER(入力!$F$17),入力!$F$17>0),$T$3+(設定!$D$14/(設定!$D$14+設定!$D$15/入力!$F$17))*(K14-$T$3),K14)) -> 106.78994 | M14: =IF(AND(K14<>"",ISNUMBER(入力!$F$17),入力!$F$17>0),L14-設定!$C$21*SQRT((設定!$D$14/(設定!$D$14+設定!$D$15/入力!$F$17))*設定!$D$15/入力!$F$17),"") -> 90.166716 | N14: =IF(AND(K14<>"",ISNUMBER(入力!$F$17),入力!$F$17>0),L14+設定!$C$21*SQRT((設定!$D$14/(設定!$D$14+設定!$D$15/入力!$F$17))*設定!$D$15/入力!$F$17),"") -> 123.41316 | O14: =IF(L14="","",IF(M14="","日数未入力",IF(M14>$T$3,"◎上位",IF(N14<$T$3,"△要支援","○標準")))) -> ○標準 | P14: =IF(C14="","",(D14-H14)*60/C14) -> 67.827708 | Q14: =IF(I14="","",I14/C14) -> 1.6643158 | S14: 標準時間 計(分) | T14: =SUM(I7:I66) -> 40763.73 | U14: =IF(K14="",0,K14*C14) -> 95102.049
A15: =IF(L15="","",RANK(L15,$L$7:$L$66,0)) -> 9 | B15: =IF(入力!$B$18="","",入力!$B$18) -> 高橋佐織 | C15: =IF(AND(入力!$B$18<>"",ISNUMBER(入力!$C$18),ISNUMBER(入力!$D$18),入力!$C$18>0,入力!$D$18>0),入力!$C$18,"") -> 941 | D15: =IF(AND(入力!$B$18<>"",ISNUMBER(入力!$C$18),ISNUMBER(入力!$D$18),入力!$C$18>0,入力!$D$18>0),入力!$D$18,"") -> 1685 | E15: =IF(AND(AND(入力!$B$18<>"",ISNUMBER(入力!$C$18),ISNUMBER(入力!$D$18),入力!$C$18>0,入力!$D$18>0),ISNUMBER(入力!$E$18),入力!$E$18>0),入力!$E$18,"") -> 400 | F15: =IF(C15="","",IF(E15="","",C15/E15)) -> 2.3525 | G15: =IF(C15="","",D15*60/C15) -> 107.43889 | H15: =IF(AND(入力!$B$18<>"",ISNUMBER(入力!$C$18),ISNUMBER(入力!$D$18),入力!$C$18>0,入力!$D$18>0),IF(AND(AND(入力!$B$18<>"",ISNUMBER(入力!$C$18),ISNUMBER(入力!$D$18),入力!$C$18>0,入力!$D$18>0),ISNUMBER(入力!$E$18),入力!$E$18>0),設定!$E$6*入力!$E$18/60,0),"") -> 614 | I15: =IF(AND(入力!$B$18<>"",ISNUMBER(入力!$C$18),ISNUMBER(入力!$D$18),入力!$C$18>0,入力!$D$18>0),H15+設定!$E$7*C15/60,"") -> 1799.66 | J15: =IF(I15="","",H15/I15) -> 0.34117556 | K15: =IF(I15="","",I15/D15*100) -> 106.80475 | L15: =IF(K15="","",IF(AND(K15<>"",ISNUMBER(入力!$F$18),入力!$F$18>0),$T$3+(設定!$D$14/(設定!$D$14+設定!$D$15/入力!$F$18))*(K15-$T$3),K15)) -> 105.7972 | M15: =IF(AND(K15<>"",ISNUMBER(入力!$F$18),入力!$F$18>0),L15-設定!$C$21*SQRT((設定!$D$14/(設定!$D$14+設定!$D$15/入力!$F$18))*設定!$D$15/入力!$F$18),"") -> 89.912049 | N15: =IF(AND(K15<>"",ISNUMBER(入力!$F$18),入力!$F$18>0),L15+設定!$C$21*SQRT((設定!$D$14/(設定!$D$14+設定!$D$15/入力!$F$18))*設定!$D$15/入力!$F$18),"") -> 121.68236 | O15: =IF(L15="","",IF(M15="","日数未入力",IF(M15>$T$3,"◎上位",IF(N15<$T$3,"△要支援","○標準")))) -> ○標準 | P15: =IF(C15="","",(D15-H15)*60/C15) -> 68.289054 | Q15: =IF(I15="","",I15/C15) -> 1.9124973 | S15: 段取り比率 | T15: =IFERROR(T13/T14,"") -> 0.343197 | U15: =IF(K15="",0,K15*C15) -> 100503.27
A16: =IF(L16="","",RANK(L16,$L$7:$L$66,0)) -> 10 | B16: =IF(入力!$B$19="","",入力!$B$19) -> 山本祥吉 | C16: =IF(AND(入力!$B$19<>"",ISNUMBER(入力!$C$19),ISNUMBER(入力!$D$19),入力!$C$19>0,入力!$D$19>0),入力!$C$19,"") -> 2129 | D16: =IF(AND(入力!$B$19<>"",ISNUMBER(入力!$C$19),ISNUMBER(入力!$D$19),入力!$C$19>0,入力!$D$19>0),入力!$D$19,"") -> 3589 | E16: =IF(AND(AND(入力!$B$19<>"",ISNUMBER(入力!$C$19),ISNUMBER(入力!$D$19),入力!$C$19>0,入力!$D$19>0),ISNUMBER(入力!$E$19),入力!$E$19>0),入力!$E$19,"") -> 736 | F16: =IF(C16="","",IF(E16="","",C16/E16)) -> 2.892663 | G16: =IF(C16="","",D16*60/C16) -> 101.14608 | H16: =IF(AND(入力!$B$19<>"",ISNUMBER(入力!$C$19),ISNUMBER(入力!$D$19),入力!$C$19>0,入力!$D$19>0),IF(AND(AND(入力!$B$19<>"",ISNUMBER(入力!$C$19),ISNUMBER(入力!$D$19),入力!$C$19>0,入力!$D$19>0),ISNUMBER(入力!$E$19),入力!$E$19>0),設定!$E$6*入力!$E$19/60,0),"") -> 1129.76 | I16: =IF(AND(入力!$B$19<>"",ISNUMBER(入力!$C$19),ISNUMBER(入力!$D$19),入力!$C$19>0,入力!$D$19>0),H16+設定!$E$7*C16/60,"") -> 3812.3 | J16: =IF(I16="","",H16/I16) -> 0.29634604 | K16: =IF(I16="","",I16/D16*100) -> 106.22179 | L16: =IF(K16="","",IF(AND(K16<>"",ISNUMBER(入力!$F$19),入力!$F$19>0),$T$3+(設定!$D$14/(設定!$D$14+設定!$D$15/入力!$F$19))*(K16-$T$3),K16)) -> 105.515 | M16: =IF(AND(K16<>"",ISNUMBER(入力!$F$19),入力!$F$19>0),L16-設定!$C$21*SQRT((設定!$D$14/(設定!$D$14+設定!$D$15/入力!$F$19))*設定!$D$15/入力!$F$19),"") -> 90.852069 | N16: =IF(AND(K16<>"",ISNUMBER(入力!$F$19),入力!$F$19>0),L16+設定!$C$21*SQRT((設定!$D$14/(設定!$D$14+設定!$D$15/入力!$F$19))*設定!$D$15/入力!$F$19),"") -> 120.17794 | O16: =IF(L16="","",IF(M16="","日数未入力",IF(M16>$T$3,"◎上位",IF(N16<$T$3,"△要支援","○標準")))) -> ○標準 | P16: =IF(C16="","",(D16-H16)*60/C16) -> 69.306905 | Q16: =IF(I16="","",I16/C16) -> 1.7906529 | S16: 平均 件/社 | T16: =IFERROR(T10/T11,"") -> 2.3314681 | U16: =IF(K16="",0,K16*C16) -> 226146.19
A17: =IF(L17="","",RANK(L17,$L$7:$L$66,0)) -> 11 | B17: =IF(入力!$B$20="","",入力!$B$20) -> 佐々木千恵 | C17: =IF(AND(入力!$B$20<>"",ISNUMBER(入力!$C$20),ISNUMBER(入力!$D$20),入力!$C$20>0,入力!$D$20>0),入力!$C$20,"") -> 681 | D17: =IF(AND(入力!$B$20<>"",ISNUMBER(入力!$C$20),ISNUMBER(入力!$D$20),入力!$C$20>0,入力!$D$20>0),入力!$D$20,"") -> 1082 | E17: =IF(AND(AND(入力!$B$20<>"",ISNUMBER(入力!$C$20),ISNUMBER(入力!$D$20),入力!$C$20>0,入力!$D$20>0),ISNUMBER(入力!$E$20),入力!$E$20>0),入力!$E$20,"") -> 191 | F17: =IF(C17="","",IF(E17="","",C17/E17)) -> 3.565445 | G17: =IF(C17="","",D17*60/C17) -> 95.330396 | H17: =IF(AND(入力!$B$20<>"",ISNUMBER(入力!$C$20),ISNUMBER(入力!$D$20),入力!$C$20>0,入力!$D$20>0),IF(AND(AND(入力!$B$20<>"",ISNUMBER(入力!$C$20),ISNUMBER(入力!$D$20),入力!$C$20>0,入力!$D$20>0),ISNUMBER(入力!$E$20),入力!$E$20>0),設定!$E$6*入力!$E$20/60,0),"") -> 293.185 | I17: =IF(AND(入力!$B$20<>"",ISNUMBER(入力!$C$20),ISNUMBER(入力!$D$20),入力!$C$20>0,入力!$D$20>0),H17+設定!$E$7*C17/60,"") -> 1151.245 | J17: =IF(I17="","",H17/I17) -> 0.25466777 | K17: =IF(I17="","",I17/D17*100) -> 106.39972 | L17: =IF(K17="","",IF(AND(K17<>"",ISNUMBER(入力!$F$20),入力!$F$20>0),$T$3+(設定!$D$14/(設定!$D$14+設定!$D$15/入力!$F$20))*(K17-$T$3),K17)) -> 105.20453 | M17: =IF(AND(K17<>"",ISNUMBER(入力!$F$20),入力!$F$20>0),L17-設定!$C$21*SQRT((設定!$D$14/(設定!$D$14+設定!$D$15/入力!$F$20))*設定!$D$15/入力!$F$20),"") -> 86.732359 | N17: =IF(AND(K17<>"",ISNUMBER(入力!$F$20),入力!$F$20>0),L17+設定!$C$21*SQRT((設定!$D$14/(設定!$D$14+設定!$D$15/入力!$F$20))*設定!$D$15/入力!$F$20),"") -> 123.67671 | O17: =IF(L17="","",IF(M17="","日数未入力",IF(M17>$T$3,"◎上位",IF(N17<$T$3,"△要支援","○標準")))) -> ○標準 | P17: =IF(C17="","",(D17-H17)*60/C17) -> 69.499119 | Q17: =IF(I17="","",I17/C17) -> 1.6905213 | S17: 1件あたり実測(秒) | T17: =IFERROR(T12*60/T10,"") -> 115.15742 | U17: =IF(K17="",0,K17*C17) -> 72458.211
A18: =IF(L18="","",RANK(L18,$L$7:$L$66,0)) -> 12 | B18: =IF(入力!$B$21="","",入力!$B$21) -> 北田倫子 | C18: =IF(AND(入力!$B$21<>"",ISNUMBER(入力!$C$21),ISNUMBER(入力!$D$21),入力!$C$21>0,入力!$D$21>0),入力!$C$21,"") -> 468 | D18: =IF(AND(入力!$B$21<>"",ISNUMBER(入力!$C$21),ISNUMBER(入力!$D$21),入力!$C$21>0,入力!$D$21>0),入力!$D$21,"") -> 1001 | E18: =IF(AND(AND(入力!$B$21<>"",ISNUMBER(入力!$C$21),ISNUMBER(入力!$D$21),入力!$C$21>0,入力!$D$21>0),ISNUMBER(入力!$E$21),入力!$E$21>0),入力!$E$21,"") -> 281 | F18: =IF(C18="","",IF(E18="","",C18/E18)) -> 1.6654804 | G18: =IF(C18="","",D18*60/C18) -> 128.33333 | H18: =IF(AND(入力!$B$21<>"",ISNUMBER(入力!$C$21),ISNUMBER(入力!$D$21),入力!$C$21>0,入力!$D$21>0),IF(AND(AND(入力!$B$21<>"",ISNUMBER(入力!$C$21),ISNUMBER(入力!$D$21),入力!$C$21>0,入力!$D$21>0),ISNUMBER(入力!$E$21),入力!$E$21>0),設定!$E$6*入力!$E$21/60,0),"") -> 431.335 | I18: =IF(AND(入力!$B$21<>"",ISNUMBER(入力!$C$21),ISNUMBER(入力!$D$21),入力!$C$21>0,入力!$D$21>0),H18+設定!$E$7*C18/60,"") -> 1021.015 | J18: =IF(I18="","",H18/I18) -> 0.42245706 | K18: =IF(I18="","",I18/D18*100) -> 101.9995 | L18: =IF(K18="","",IF(AND(K18<>"",ISNUMBER(入力!$F$21),入力!$F$21>0),$T$3+(設定!$D$14/(設定!$D$14+設定!$D$15/入力!$F$21))*(K18-$T$3),K18)) -> 102.50307 | M18: =IF(AND(K18<>"",ISNUMBER(入力!$F$21),入力!$F$21>0),L18-設定!$C$21*SQRT((設定!$D$14/(設定!$D$14+設定!$D$15/入力!$F$21))*設定!$D$15/入力!$F$21),"") -> 85.879849 | N18: =IF(AND(K18<>"",ISNUMBER(入力!$F$21),入力!$F$21>0),L18+設定!$C$21*SQRT((設定!$D$14/(設定!$D$14+設定!$D$15/入力!$F$21))*設定!$D$15/入力!$F$21),"") -> 119.1263 | O18: =IF(L18="","",IF(M18="","日数未入力",IF(M18>$T$3,"◎上位",IF(N18<$T$3,"△要支援","○標準")))) -> ○標準 | P18: =IF(C18="","",(D18-H18)*60/C18) -> 73.033974 | Q18: =IF(I18="","",I18/C18) -> 2.181656 | U18: =IF(K18="",0,K18*C18) -> 47735.766
A19: =IF(L19="","",RANK(L19,$L$7:$L$66,0)) -> 13 | B19: =IF(入力!$B$22="","",入力!$B$22) -> 中納沙織 | C19: =IF(AND(入力!$B$22<>"",ISNUMBER(入力!$C$22),ISNUMBER(入力!$D$22),入力!$C$22>0,入力!$D$22>0),入力!$C$22,"") -> 1143 | D19: =IF(AND(入力!$B$22<>"",ISNUMBER(入力!$C$22),ISNUMBER(入力!$D$22),入力!$C$22>0,入力!$D$22>0),入力!$D$22,"") -> 2255 | E19: =IF(AND(AND(入力!$B$22<>"",ISNUMBER(入力!$C$22),ISNUMBER(入力!$D$22),入力!$C$22>0,入力!$D$22>0),ISNUMBER(入力!$E$22),入力!$E$22>0),入力!$E$22,"") -> 556 | F19: =IF(C19="","",IF(E19="","",C19/E19)) -> 2.0557554 | G19: =IF(C19="","",D19*60/C19) -> 118.3727 | H19: =IF(AND(入力!$B$22<>"",ISNUMBER(入力!$C$22),ISNUMBER(入力!$D$22),入力!$C$22>0,入力!$D$22>0),IF(AND(AND(入力!$B$22<>"",ISNUMBER(入力!$C$22),ISNUMBER(入力!$D$22),入力!$C$22>0,入力!$D$22>0),ISNUMBER(入力!$E$22),入力!$E$22>0),設定!$E$6*入力!$E$22/60,0),"") -> 853.46 | I19: =IF(AND(入力!$B$22<>"",ISNUMBER(入力!$C$22),ISNUMBER(入力!$D$22),入力!$C$22>0,入力!$D$22>0),H19+設定!$E$7*C19/60,"") -> 2293.64 | J19: =IF(I19="","",H19/I19) -> 0.3720985 | K19: =IF(I19="","",I19/D19*100) -> 101.71353 | L19: =IF(K19="","",IF(AND(K19<>"",ISNUMBER(入力!$F$22),入力!$F$22>0),$T$3+(設定!$D$14/(設定!$D$14+設定!$D$15/入力!$F$22))*(K19-$T$3),K19)) -> 102.49959 | M19: =IF(AND(K19<>"",ISNUMBER(入力!$F$22),入力!$F$22>0),L19-設定!$C$21*SQRT((設定!$D$14/(設定!$D$14+設定!$D$15/入力!$F$22))*設定!$D$15/入力!$F$22),"") -> 83.46009 | N19: =IF(AND(K19<>"",ISNUMBER(入力!$F$22),入力!$F$22>0),L19+設定!$C$21*SQRT((設定!$D$14/(設定!$D$14+設定!$D$15/入力!$F$22))*設定!$D$15/入力!$F$22),"") -> 121.53908 | O19: =IF(L19="","",IF(M19="","日数未入力",IF(M19>$T$3,"◎上位",IF(N19<$T$3,"△要支援","○標準")))) -> ○標準 | P19: =IF(C19="","",(D19-H19)*60/C19) -> 73.571654 | Q19: =IF(I19="","",I19/C19) -> 2.0066842 | U19: =IF(K19="",0,K19*C19) -> 116258.56
A20: =IF(L20="","",RANK(L20,$L$7:$L$66,0)) -> 14 | B20: =IF(入力!$B$23="","",入力!$B$23) -> 石戸谷亜子 | C20: =IF(AND(入力!$B$23<>"",ISNUMBER(入力!$C$23),ISNUMBER(入力!$D$23),入力!$C$23>0,入力!$D$23>0),入力!$C$23,"") -> 846 | D20: =IF(AND(入力!$B$23<>"",ISNUMBER(入力!$C$23),ISNUMBER(入力!$D$23),入力!$C$23>0,入力!$D$23>0),入力!$D$23,"") -> 1490 | E20: =IF(AND(AND(入力!$B$23<>"",ISNUMBER(入力!$C$23),ISNUMBER(入力!$D$23),入力!$C$23>0,入力!$D$23>0),ISNUMBER(入力!$E$23),入力!$E$23>0),入力!$E$23,"") -> 282 | F20: =IF(C20="","",IF(E20="","",C20/E20)) -> 3 | G20: =IF(C20="","",D20*60/C20) -> 105.67376 | H20: =IF(AND(入力!$B$23<>"",ISNUMBER(入力!$C$23),ISNUMBER(入力!$D$23),入力!$C$23>0,入力!$D$23>0),IF(AND(AND(入力!$B$23<>"",ISNUMBER(入力!$C$23),ISNUMBER(入力!$D$23),入力!$C$23>0,入力!$D$23>0),ISNUMBER(入力!$E$23),入力!$E$23>0),設定!$E$6*入力!$E$23/60,0),"") -> 432.87 | I20: =IF(AND(入力!$B$23<>"",ISNUMBER(入力!$C$23),ISNUMBER(入力!$D$23),入力!$C$23>0,入力!$D$23>0),H20+設定!$E$7*C20/60,"") -> 1498.83 | J20: =IF(I20="","",H20/I20) -> 0.28880527 | K20: =IF(I20="","",I20/D20*100) -> 100.59262 | L20: =IF(K20="","",IF(AND(K20<>"",ISNUMBER(入力!$F$23),入力!$F$23>0),$T$3+(設定!$D$14/(設定!$D$14+設定!$D$15/入力!$F$23))*(K20-$T$3),K20)) -> 101.9554 | M20: =IF(AND(K20<>"",ISNUMBER(入力!$F$23),入力!$F$23>0),L20-設定!$C$21*SQRT((設定!$D$14/(設定!$D$14+設定!$D$15/入力!$F$23))*設定!$D$15/入力!$F$23),"") -> 82.292884 | N20: =IF(AND(K20<>"",ISNUMBER(入力!$F$23),入力!$F$23>0),L20+設定!$C$21*SQRT((設定!$D$14/(設定!$D$14+設定!$D$15/入力!$F$23))*設定!$D$15/入力!$F$23),"") -> 121.61792 | O20: =IF(L20="","",IF(M20="","日数未入力",IF(M20>$T$3,"◎上位",IF(N20<$T$3,"△要支援","○標準")))) -> ○標準 | P20: =IF(C20="","",(D20-H20)*60/C20) -> 74.973759 | Q20: =IF(I20="","",I20/C20) -> 1.7716667 | U20: =IF(K20="",0,K20*C20) -> 85101.354
A21: =IF(L21="","",RANK(L21,$L$7:$L$66,0)) -> 15 | B21: =IF(入力!$B$24="","",入力!$B$24) -> 森田美加 | C21: =IF(AND(入力!$B$24<>"",ISNUMBER(入力!$C$24),ISNUMBER(入力!$D$24),入力!$C$24>0,入力!$D$24>0),入力!$C$24,"") -> 218 | D21: =IF(AND(入力!$B$24<>"",ISNUMBER(入力!$C$24),ISNUMBER(入力!$D$24),入力!$C$24>0,入力!$D$24>0),入力!$D$24,"") -> 450 | E21: =IF(AND(AND(入力!$B$24<>"",ISNUMBER(入力!$C$24),ISNUMBER(入力!$D$24),入力!$C$24>0,入力!$D$24>0),ISNUMBER(入力!$E$24),入力!$E$24>0),入力!$E$24,"") -> 109 | F21: =IF(C21="","",IF(E21="","",C21/E21)) -> 2 | G21: =IF(C21="","",D21*60/C21) -> 123.85321 | H21: =IF(AND(入力!$B$24<>"",ISNUMBER(入力!$C$24),ISNUMBER(入力!$D$24),入力!$C$24>0,入力!$D$24>0),IF(AND(AND(入力!$B$24<>"",ISNUMBER(入力!$C$24),ISNUMBER(入力!$D$24),入力!$C$24>0,入力!$D$24>0),ISNUMBER(入力!$E$24),入力!$E$24>0),設定!$E$6*入力!$E$24/60,0),"") -> 167.315 | I21: =IF(AND(入力!$B$24<>"",ISNUMBER(入力!$C$24),ISNUMBER(入力!$D$24),入力!$C$24>0,入力!$D$24>0),H21+設定!$E$7*C21/60,"") -> 441.995 | J21: =IF(I21="","",H21/I21) -> 0.37854501 | K21: =IF(I21="","",I21/D21*100) -> 98.221111 | L21: =IF(K21="","",IF(AND(K21<>"",ISNUMBER(入力!$F$24),入力!$F$24>0),$T$3+(設定!$D$14/(設定!$D$14+設定!$D$15/入力!$F$24))*(K21-$T$3),K21)) -> 101.3098 | M21: =IF(AND(K21<>"",ISNUMBER(入力!$F$24),入力!$F$24>0),L21-設定!$C$21*SQRT((設定!$D$14/(設定!$D$14+設定!$D$15/入力!$F$24))*設定!$D$15/入力!$F$24),"") -> 79.332633 | N21: =IF(AND(K21<>"",ISNUMBER(入力!$F$24),入力!$F$24>0),L21+設定!$C$21*SQRT((設定!$D$14/(設定!$D$14+設定!$D$15/入力!$F$24))*設定!$D$15/入力!$F$24),"") -> 123.28696 | O21: =IF(L21="","",IF(M21="","日数未入力",IF(M21>$T$3,"◎上位",IF(N21<$T$3,"△要支援","○標準")))) -> ○標準 | P21: =IF(C21="","",(D21-H21)*60/C21) -> 77.803211 | Q21: =IF(I21="","",I21/C21) -> 2.0275 | U21: =IF(K21="",0,K21*C21) -> 21412.202
A22: =IF(L22="","",RANK(L22,$L$7:$L$66,0)) -> 16 | B22: =IF(入力!$B$25="","",入力!$B$25) -> 河野忠 | C22: =IF(AND(入力!$B$25<>"",ISNUMBER(入力!$C$25),ISNUMBER(入力!$D$25),入力!$C$25>0,入力!$D$25>0),入力!$C$25,"") -> 280 | D22: =IF(AND(入力!$B$25<>"",ISNUMBER(入力!$C$25),ISNUMBER(入力!$D$25),入力!$C$25>0,入力!$D$25>0),入力!$D$25,"") -> 552 | E22: =IF(AND(AND(入力!$B$25<>"",ISNUMBER(入力!$C$25),ISNUMBER(入力!$D$25),入力!$C$25>0,入力!$D$25>0),ISNUMBER(入力!$E$25),入力!$E$25>0),入力!$E$25,"") -> 123 | F22: =IF(C22="","",IF(E22="","",C22/E22)) -> 2.2764228 | G22: =IF(C22="","",D22*60/C22) -> 118.28571 | H22: =IF(AND(入力!$B$25<>"",ISNUMBER(入力!$C$25),ISNUMBER(入力!$D$25),入力!$C$25>0,入力!$D$25>0),IF(AND(AND(入力!$B$25<>"",ISNUMBER(入力!$C$25),ISNUMBER(入力!$D$25),入力!$C$25>0,入力!$D$25>0),ISNUMBER(入力!$E$25),入力!$E$25>0),設定!$E$6*入力!$E$25/60,0),"") -> 188.805 | I22: =IF(AND(入力!$B$25<>"",ISNUMBER(入力!$C$25),ISNUMBER(入力!$D$25),入力!$C$25>0,入力!$D$25>0),H22+設定!$E$7*C22/60,"") -> 541.605 | J22: =IF(I22="","",H22/I22) -> 0.34860276 | K22: =IF(I22="","",I22/D22*100) -> 98.116848 | L22: =IF(K22="","",IF(AND(K22<>"",ISNUMBER(入力!$F$25),入力!$F$25>0),$T$3+(設定!$D$14/(設定!$D$14+設定!$D$15/入力!$F$25))*(K22-$T$3),K22)) -> 101.02483 | M22: =IF(AND(K22<>"",ISNUMBER(入力!$F$25),入力!$F$25>0),L22-設定!$C$21*SQRT((設定!$D$14/(設定!$D$14+設定!$D$15/入力!$F$25))*設定!$D$15/入力!$F$25),"") -> 79.907562 | N22: =IF(AND(K22<>"",ISNUMBER(入力!$F$25),入力!$F$25>0),L22+設定!$C$21*SQRT((設定!$D$14/(設定!$D$14+設定!$D$15/入力!$F$25))*設定!$D$15/入力!$F$25),"") -> 122.1421 | O22: =IF(L22="","",IF(M22="","日数未入力",IF(M22>$T$3,"◎上位",IF(N22<$T$3,"△要支援","○標準")))) -> ○標準 | P22: =IF(C22="","",(D22-H22)*60/C22) -> 77.8275 | Q22: =IF(I22="","",I22/C22) -> 1.9343036 | U22: =IF(K22="",0,K22*C22) -> 27472.717
A23: =IF(L23="","",RANK(L23,$L$7:$L$66,0)) -> 17 | B23: =IF(入力!$B$26="","",入力!$B$26) -> 木村千鶴 | C23: =IF(AND(入力!$B$26<>"",ISNUMBER(入力!$C$26),ISNUMBER(入力!$D$26),入力!$C$26>0,入力!$D$26>0),入力!$C$26,"") -> 691 | D23: =IF(AND(入力!$B$26<>"",ISNUMBER(入力!$C$26),ISNUMBER(入力!$D$26),入力!$C$26>0,入力!$D$26>0),入力!$D$26,"") -> 1396 | E23: =IF(AND(AND(入力!$B$26<>"",ISNUMBER(入力!$C$26),ISNUMBER(入力!$D$26),入力!$C$26>0,入力!$D$26>0),ISNUMBER(入力!$E$26),入力!$E$26>0),入力!$E$26,"") -> 339 | F23: =IF(C23="","",IF(E23="","",C23/E23)) -> 2.0383481 | G23: =IF(C23="","",D23*60/C23) -> 121.21563 | H23: =IF(AND(入力!$B$26<>"",ISNUMBER(入力!$C$26),ISNUMBER(入力!$D$26),入力!$C$26>0,入力!$D$26>0),IF(AND(AND(入力!$B$26<>"",ISNUMBER(入力!$C$26),ISNUMBER(入力!$D$26),入力!$C$26>0,入力!$D$26>0),ISNUMBER(入力!$E$26),入力!$E$26>0),設定!$E$6*入力!$E$26/60,0),"") -> 520.365 | I23: =IF(AND(入力!$B$26<>"",ISNUMBER(入力!$C$26),ISNUMBER(入力!$D$26),入力!$C$26>0,入力!$D$26>0),H23+設定!$E$7*C23/60,"") -> 1391.025 | J23: =IF(I23="","",H23/I23) -> 0.37408745 | K23: =IF(I23="","",I23/D23*100) -> 99.643625 | L23: =IF(K23="","",IF(AND(K23<>"",ISNUMBER(入力!$F$26),入力!$F$26>0),$T$3+(設定!$D$14/(設定!$D$14+設定!$D$15/入力!$F$26))*(K23-$T$3),K23)) -> 100.82289 | M23: =IF(AND(K23<>"",ISNUMBER(入力!$F$26),入力!$F$26>0),L23-設定!$C$21*SQRT((設定!$D$14/(設定!$D$14+設定!$D$15/入力!$F$26))*設定!$D$15/入力!$F$26),"") -> 84.937738 | N23: =IF(AND(K23<>"",ISNUMBER(入力!$F$26),入力!$F$26>0),L23+設定!$C$21*SQRT((設定!$D$14/(設定!$D$14+設定!$D$15/入力!$F$26))*設定!$D$15/入力!$F$26),"") -> 116.70805 | O23: =IF(L23="","",IF(M23="","日数未入力",IF(M23>$T$3,"◎上位",IF(N23<$T$3,"△要支援","○標準")))) -> ○標準 | P23: =IF(C23="","",(D23-H23)*60/C23) -> 76.031983 | Q23: =IF(I23="","",I23/C23) -> 2.0130608 | U23: =IF(K23="",0,K23*C23) -> 68853.745
A24: =IF(L24="","",RANK(L24,$L$7:$L$66,0)) -> 18 | B24: =IF(入力!$B$27="","",入力!$B$27) -> 奥野愛海 | C24: =IF(AND(入力!$B$27<>"",ISNUMBER(入力!$C$27),ISNUMBER(入力!$D$27),入力!$C$27>0,入力!$D$27>0),入力!$C$27,"") -> 416 | D24: =IF(AND(入力!$B$27<>"",ISNUMBER(入力!$C$27),ISNUMBER(入力!$D$27),入力!$C$27>0,入力!$D$27>0),入力!$D$27,"") -> 925 | E24: =IF(AND(AND(入力!$B$27<>"",ISNUMBER(入力!$C$27),ISNUMBER(入力!$D$27),入力!$C$27>0,入力!$D$27>0),ISNUMBER(入力!$E$27),入力!$E$27>0),入力!$E$27,"") -> 209 | F24: =IF(C24="","",IF(E24="","",C24/E24)) -> 1.9904306 | G24: =IF(C24="","",D24*60/C24) -> 133.41346 | H24: =IF(AND(入力!$B$27<>"",ISNUMBER(入力!$C$27),ISNUMBER(入力!$D$27),入力!$C$27>0,入力!$D$27>0),IF(AND(AND(入力!$B$27<>"",ISNUMBER(入力!$C$27),ISNUMBER(入力!$D$27),入力!$C$27>0,入力!$D$27>0),ISNUMBER(入力!$E$27),入力!$E$27>0),設定!$E$6*入力!$E$27/60,0),"") -> 320.815 | I24: =IF(AND(入力!$B$27<>"",ISNUMBER(入力!$C$27),ISNUMBER(入力!$D$27),入力!$C$27>0,入力!$D$27>0),H24+設定!$E$7*C24/60,"") -> 844.975 | J24: =IF(I24="","",H24/I24) -> 0.37967395 | K24: =IF(I24="","",I24/D24*100) -> 91.348649 | L24: =IF(K24="","",IF(AND(K24<>"",ISNUMBER(入力!$F$27),入力!$F$27>0),$T$3+(設定!$D$14/(設定!$D$14+設定!$D$15/入力!$F$27))*(K24-$T$3),K24)) -> 99.87068 | M24: =IF(AND(K24<>"",ISNUMBER(入力!$F$27),入力!$F$27>0),L24-設定!$C$21*SQRT((設定!$D$14/(設定!$D$14+設定!$D$15/入力!$F$27))*設定!$D$15/入力!$F$27),"") -> 75.80269 | N24: =IF(AND(K24<>"",ISNUMBER(入力!$F$27),入力!$F$27>0),L24+設定!$C$21*SQRT((設定!$D$14/(設定!$D$14+設定!$D$15/入力!$F$27))*設定!$D$15/入力!$F$27),"") -> 123.93867 | O24: =IF(L24="","",IF(M24="","日数未入力",IF(M24>$T$3,"◎上位",IF(N24<$T$3,"△要支援","○標準")))) -> ○標準 | P24: =IF(C24="","",(D24-H24)*60/C24) -> 87.142067 | Q24: =IF(I24="","",I24/C24) -> 2.0311899 | U24: =IF(K24="",0,K24*C24) -> 38001.038
A25: =IF(L25="","",RANK(L25,$L$7:$L$66,0)) -> 19 | B25: =IF(入力!$B$28="","",入力!$B$28) -> 鈴木香織 | C25: =IF(AND(入力!$B$28<>"",ISNUMBER(入力!$C$28),ISNUMBER(入力!$D$28),入力!$C$28>0,入力!$D$28>0),入力!$C$28,"") -> 231 | D25: =IF(AND(入力!$B$28<>"",ISNUMBER(入力!$C$28),ISNUMBER(入力!$D$28),入力!$C$28>0,入力!$D$28>0),入力!$D$28,"") -> 505 | E25: =IF(AND(AND(入力!$B$28<>"",ISNUMBER(入力!$C$28),ISNUMBER(入力!$D$28),入力!$C$28>0,入力!$D$28>0),ISNUMBER(入力!$E$28),入力!$E$28>0),入力!$E$28,"") -> 128 | F25: =IF(C25="","",IF(E25="","",C25/E25)) -> 1.8046875 | G25: =IF(C25="","",D25*60/C25) -> 131.16883 | H25: =IF(AND(入力!$B$28<>"",ISNUMBER(入力!$C$28),ISNUMBER(入力!$D$28),入力!$C$28>0,入力!$D$28>0),IF(AND(AND(入力!$B$28<>"",ISNUMBER(入力!$C$28),ISNUMBER(入力!$D$28),入力!$C$28>0,入力!$D$28>0),ISNUMBER(入力!$E$28),入力!$E$28>0),設定!$E$6*入力!$E$28/60,0),"") -> 196.48 | I25: =IF(AND(入力!$B$28<>"",ISNUMBER(入力!$C$28),ISNUMBER(入力!$D$28),入力!$C$28>0,入力!$D$28>0),H25+設定!$E$7*C25/60,"") -> 487.54 | J25: =IF(I25="","",H25/I25) -> 0.40300283 | K25: =IF(I25="","",I25/D25*100) -> 96.542574 | L25: =IF(K25="","",IF(AND(K25<>"",ISNUMBER(入力!$F$28),入力!$F$28>0),$T$3+(設定!$D$14/(設定!$D$14+設定!$D$15/入力!$F$28))*(K25-$T$3),K25)) -> 99.417763 | M25: =IF(AND(K25<>"",ISNUMBER(入力!$F$28),入力!$F$28>0),L25-設定!$C$21*SQRT((設定!$D$14/(設定!$D$14+設定!$D$15/入力!$F$28))*設定!$D$15/入力!$F$28),"") -> 80.945589 | N25: =IF(AND(K25<>"",ISNUMBER(入力!$F$28),入力!$F$28>0),L25+設定!$C$21*SQRT((設定!$D$14/(設定!$D$14+設定!$D$15/入力!$F$28))*設定!$D$15/入力!$F$28),"") -> 117.88994 | O25: =IF(L25="","",IF(M25="","日数未入力",IF(M25>$T$3,"◎上位",IF(N25<$T$3,"△要支援","○標準")))) -> ○標準 | P25: =IF(C25="","",(D25-H25)*60/C25) -> 80.135065 | Q25: =IF(I25="","",I25/C25) -> 2.1105628 | U25: =IF(K25="",0,K25*C25) -> 22301.335
A26: =IF(L26="","",RANK(L26,$L$7:$L$66,0)) -> 20 | B26: =IF(入力!$B$29="","",入力!$B$29) -> 向井ひかり | C26: =IF(AND(入力!$B$29<>"",ISNUMBER(入力!$C$29),ISNUMBER(入力!$D$29),入力!$C$29>0,入力!$D$29>0),入力!$C$29,"") -> 866 | D26: =IF(AND(入力!$B$29<>"",ISNUMBER(入力!$C$29),ISNUMBER(入力!$D$29),入力!$C$29>0,入力!$D$29>0),入力!$D$29,"") -> 1876 | E26: =IF(AND(AND(入力!$B$29<>"",ISNUMBER(入力!$C$29),ISNUMBER(入力!$D$29),入力!$C$29>0,入力!$D$29>0),ISNUMBER(入力!$E$29),入力!$E$29>0),入力!$E$29,"") -> 389 | F26: =IF(C26="","",IF(E26="","",C26/E26)) -> 2.2262211 | G26: =IF(C26="","",D26*60/C26) -> 129.97691 | H26: =IF(AND(入力!$B$29<>"",ISNUMBER(入力!$C$29),ISNUMBER(入力!$D$29),入力!$C$29>0,入力!$D$29>0),IF(AND(AND(入力!$B$29<>"",ISNUMBER(入力!$C$29),ISNUMBER(入力!$D$29),入力!$C$29>0,入力!$D$29>0),ISNUMBER(入力!$E$29),入力!$E$29>0),設定!$E$6*入力!$E$29/60,0),"") -> 597.115 | I26: =IF(AND(入力!$B$29<>"",ISNUMBER(入力!$C$29),ISNUMBER(入力!$D$29),入力!$C$29>0,入力!$D$29>0),H26+設定!$E$7*C26/60,"") -> 1688.275 | J26: =IF(I26="","",H26/I26) -> 0.35368349 | K26: =IF(I26="","",I26/D26*100) -> 89.993337 | L26: =IF(K26="","",IF(AND(K26<>"",ISNUMBER(入力!$F$29),入力!$F$29>0),$T$3+(設定!$D$14/(設定!$D$14+設定!$D$15/入力!$F$29))*(K26-$T$3),K26)) -> 94.986666 | M26: =IF(AND(K26<>"",ISNUMBER(入力!$F$29),入力!$F$29>0),L26-設定!$C$21*SQRT((設定!$D$14/(設定!$D$14+設定!$D$15/入力!$F$29))*設定!$D$15/入力!$F$29),"") -> 77.511906 | N26: =IF(AND(K26<>"",ISNUMBER(入力!$F$29),入力!$F$29>0),L26+設定!$C$21*SQRT((設定!$D$14/(設定!$D$14+設定!$D$15/入力!$F$29))*設定!$D$15/入力!$F$29),"") -> 112.46143 | O26: =IF(L26="","",IF(M26="","日数未入力",IF(M26>$T$3,"◎上位",IF(N26<$T$3,"△要支援","○標準")))) -> ○標準 | P26: =IF(C26="","",(D26-H26)*60/C26) -> 88.606351 | Q26: =IF(I26="","",I26/C26) -> 1.9495092 | U26: =IF(K26="",0,K26*C26) -> 77934.23
A27: =IF(L27="","",RANK(L27,$L$7:$L$66,0)) -> 21 | B27: =IF(入力!$B$30="","",入力!$B$30) -> 片岡達也 | C27: =IF(AND(入力!$B$30<>"",ISNUMBER(入力!$C$30),ISNUMBER(入力!$D$30),入力!$C$30>0,入力!$D$30>0),入力!$C$30,"") -> 66 | D27: =IF(AND(入力!$B$30<>"",ISNUMBER(入力!$C$30),ISNUMBER(入力!$D$30),入力!$C$30>0,入力!$D$30>0),入力!$D$30,"") -> 202 | E27: =IF(AND(AND(入力!$B$30<>"",ISNUMBER(入力!$C$30),ISNUMBER(入力!$D$30),入力!$C$30>0,入力!$D$30>0),ISNUMBER(入力!$E$30),入力!$E$30>0),入力!$E$30,"") -> 47 | F27: =IF(C27="","",IF(E27="","",C27/E27)) -> 1.4042553 | G27: =IF(C27="","",D27*60/C27) -> 183.63636 | H27: =IF(AND(入力!$B$30<>"",ISNUMBER(入力!$C$30),ISNUMBER(入力!$D$30),入力!$C$30>0,入力!$D$30>0),IF(AND(AND(入力!$B$30<>"",ISNUMBER(入力!$C$30),ISNUMBER(入力!$D$30),入力!$C$30>0,入力!$D$30>0),ISNUMBER(入力!$E$30),入力!$E$30>0),設定!$E$6*入力!$E$30/60,0),"") -> 72.145 | I27: =IF(AND(入力!$B$30<>"",ISNUMBER(入力!$C$30),ISNUMBER(入力!$D$30),入力!$C$30>0,入力!$D$30>0),H27+設定!$E$7*C27/60,"") -> 155.305 | J27: =IF(I27="","",H27/I27) -> 0.46453752 | K27: =IF(I27="","",I27/D27*100) -> 76.883663 | L27: =IF(K27="","",IF(AND(K27<>"",ISNUMBER(入力!$F$30),入力!$F$30>0),$T$3+(設定!$D$14/(設定!$D$14+設定!$D$15/入力!$F$30))*(K27-$T$3),K27)) -> 93.854517 | M27: =IF(AND(K27<>"",ISNUMBER(入力!$F$30),入力!$F$30>0),L27-設定!$C$21*SQRT((設定!$D$14/(設定!$D$14+設定!$D$15/入力!$F$30))*設定!$D$15/入力!$F$30),"") -> 70.903059 | N27: =IF(AND(K27<>"",ISNUMBER(入力!$F$30),入力!$F$30>0),L27+設定!$C$21*SQRT((設定!$D$14/(設定!$D$14+設定!$D$15/入力!$F$30))*設定!$D$15/入力!$F$30),"") -> 116.80597 | O27: =IF(L27="","",IF(M27="","日数未入力",IF(M27>$T$3,"◎上位",IF(N27<$T$3,"△要支援","○標準")))) -> ○標準 | P27: =IF(C27="","",(D27-H27)*60/C27) -> 118.05 | Q27: =IF(I27="","",I27/C27) -> 2.3531061 | U27: =IF(K27="",0,K27*C27) -> 5074.3218
A28: =IF(L28="","",RANK(L28,$L$7:$L$66,0)) -> 22 | B28: =IF(入力!$B$31="","",入力!$B$31) -> 廣瀬こずえ | C28: =IF(AND(入力!$B$31<>"",ISNUMBER(入力!$C$31),ISNUMBER(入力!$D$31),入力!$C$31>0,入力!$D$31>0),入力!$C$31,"") -> 838 | D28: =IF(AND(入力!$B$31<>"",ISNUMBER(入力!$C$31),ISNUMBER(入力!$D$31),入力!$C$31>0,入力!$D$31>0),入力!$D$31,"") -> 1972 | E28: =IF(AND(AND(入力!$B$31<>"",ISNUMBER(入力!$C$31),ISNUMBER(入力!$D$31),入力!$C$31>0,入力!$D$31>0),ISNUMBER(入力!$E$31),入力!$E$31>0),入力!$E$31,"") -> 443 | F28: =IF(C28="","",IF(E28="","",C28/E28)) -> 1.8916479 | G28: =IF(C28="","",D28*60/C28) -> 141.19332 | H28: =IF(AND(入力!$B$31<>"",ISNUMBER(入力!$C$31),ISNUMBER(入力!$D$31),入力!$C$31>0,入力!$D$31>0),IF(AND(AND(入力!$B$31<>"",ISNUMBER(入力!$C$31),ISNUMBER(入力!$D$31),入力!$C$31>0,入力!$D$31>0),ISNUMBER(入力!$E$31),入力!$E$31>0),設定!$E$6*入力!$E$31/60,0),"") -> 680.005 | I28: =IF(AND(入力!$B$31<>"",ISNUMBER(入力!$C$31),ISNUMBER(入力!$D$31),入力!$C$31>0,入力!$D$31>0),H28+設定!$E$7*C28/60,"") -> 1735.885 | J28: =IF(I28="","",H28/I28) -> 0.3917339 | K28: =IF(I28="","",I28/D28*100) -> 88.026623 | L28: =IF(K28="","",IF(AND(K28<>"",ISNUMBER(入力!$F$31),入力!$F$31>0),$T$3+(設定!$D$14/(設定!$D$14+設定!$D$15/入力!$F$31))*(K28-$T$3),K28)) -> 93.746745 | M28: =IF(AND(K28<>"",ISNUMBER(入力!$F$31),入力!$F$31>0),L28-設定!$C$21*SQRT((設定!$D$14/(設定!$D$14+設定!$D$15/入力!$F$31))*設定!$D$15/入力!$F$31),"") -> 76.271986 | N28: =IF(AND(K28<>"",ISNUMBER(入力!$F$31),入力!$F$31>0),L28+設定!$C$21*SQRT((設定!$D$14/(設定!$D$14+設定!$D$15/入力!$F$31))*設定!$D$15/入力!$F$31),"") -> 111.22151 | O28: =IF(L28="","",IF(M28="","日数未入力",IF(M28>$T$3,"◎上位",IF(N28<$T$3,"△要支援","○標準")))) -> ○標準 | P28: =IF(C28="","",(D28-H28)*60/C28) -> 92.505609 | Q28: =IF(I28="","",I28/C28) -> 2.0714618 | U28: =IF(K28="",0,K28*C28) -> 73766.31
A29: =IF(L29="","",RANK(L29,$L$7:$L$66,0)) -> 23 | B29: =IF(入力!$B$32="","",入力!$B$32) -> 森本久美 | C29: =IF(AND(入力!$B$32<>"",ISNUMBER(入力!$C$32),ISNUMBER(入力!$D$32),入力!$C$32>0,入力!$D$32>0),入力!$C$32,"") -> 335 | D29: =IF(AND(入力!$B$32<>"",ISNUMBER(入力!$C$32),ISNUMBER(入力!$D$32),入力!$C$32>0,入力!$D$32>0),入力!$D$32,"") -> 716 | E29: =IF(AND(AND(入力!$B$32<>"",ISNUMBER(入力!$C$32),ISNUMBER(入力!$D$32),入力!$C$32>0,入力!$D$32>0),ISNUMBER(入力!$E$32),入力!$E$32>0),入力!$E$32,"") -> 107 | F29: =IF(C29="","",IF(E29="","",C29/E29)) -> 3.1308411 | G29: =IF(C29="","",D29*60/C29) -> 128.23881 | H29: =IF(AND(入力!$B$32<>"",ISNUMBER(入力!$C$32),ISNUMBER(入力!$D$32),入力!$C$32>0,入力!$D$32>0),IF(AND(AND(入力!$B$32<>"",ISNUMBER(入力!$C$32),ISNUMBER(入力!$D$32),入力!$C$32>0,入力!$D$32>0),ISNUMBER(入力!$E$32),入力!$E$32>0),設定!$E$6*入力!$E$32/60,0),"") -> 164.245 | I29: =IF(AND(入力!$B$32<>"",ISNUMBER(入力!$C$32),ISNUMBER(入力!$D$32),入力!$C$32>0,入力!$D$32>0),H29+設定!$E$7*C29/60,"") -> 586.345 | J29: =IF(I29="","",H29/I29) -> 0.28011665 | K29: =IF(I29="","",I29/D29*100) -> 81.89176 | L29: =IF(K29="","",IF(AND(K29<>"",ISNUMBER(入力!$F$32),入力!$F$32>0),$T$3+(設定!$D$14/(設定!$D$14+設定!$D$15/入力!$F$32))*(K29-$T$3),K29)) -> 91.373442 | M29: =IF(AND(K29<>"",ISNUMBER(入力!$F$32),入力!$F$32>0),L29-設定!$C$21*SQRT((設定!$D$14/(設定!$D$14+設定!$D$15/入力!$F$32))*設定!$D$15/入力!$F$32),"") -> 72.333946 | N29: =IF(AND(K29<>"",ISNUMBER(入力!$F$32),入力!$F$32>0),L29+設定!$C$21*SQRT((設定!$D$14/(設定!$D$14+設定!$D$15/入力!$F$32))*設定!$D$15/入力!$F$32),"") -> 110.41294 | O29: =IF(L29="","",IF(M29="","日数未入力",IF(M29>$T$3,"◎上位",IF(N29<$T$3,"△要支援","○標準")))) -> ○標準 | P29: =IF(C29="","",(D29-H29)*60/C29) -> 98.821791 | Q29: =IF(I29="","",I29/C29) -> 1.7502836 | U29: =IF(K29="",0,K29*C29) -> 27433.74
A30: =IF(L30="","",RANK(L30,$L$7:$L$66,0)) -> 24 | B30: =IF(入力!$B$33="","",入力!$B$33) -> 菊池敬 | C30: =IF(AND(入力!$B$33<>"",ISNUMBER(入力!$C$33),ISNUMBER(入力!$D$33),入力!$C$33>0,入力!$D$33>0),入力!$C$33,"") -> 422 | D30: =IF(AND(入力!$B$33<>"",ISNUMBER(入力!$C$33),ISNUMBER(入力!$D$33),入力!$C$33>0,入力!$D$33>0),入力!$D$33,"") -> 950 | E30: =IF(AND(AND(入力!$B$33<>"",ISNUMBER(入力!$C$33),ISNUMBER(入力!$D$33),入力!$C$33>0,入力!$D$33>0),ISNUMBER(入力!$E$33),入力!$E$33>0),入力!$E$33,"") -> 185 | F30: =IF(C30="","",IF(E30="","",C30/E30)) -> 2.2810811 | G30: =IF(C30="","",D30*60/C30) -> 135.07109 | H30: =IF(AND(入力!$B$33<>"",ISNUMBER(入力!$C$33),ISNUMBER(入力!$D$33),入力!$C$33>0,入力!$D$33>0),IF(AND(AND(入力!$B$33<>"",ISNUMBER(入力!$C$33),ISNUMBER(入力!$D$33),入力!$C$33>0,入力!$D$33>0),ISNUMBER(入力!$E$33),入力!$E$33>0),設定!$E$6*入力!$E$33/60,0),"") -> 283.975 | I30: =IF(AND(入力!$B$33<>"",ISNUMBER(入力!$C$33),ISNUMBER(入力!$D$33),入力!$C$33>0,入力!$D$33>0),H30+設定!$E$7*C30/60,"") -> 815.695 | J30: =IF(I30="","",H30/I30) -> 0.3481387 | K30: =IF(I30="","",I30/D30*100) -> 85.862632 | L30: =IF(K30="","",IF(AND(K30<>"",ISNUMBER(入力!$F$33),入力!$F$33>0),$T$3+(設定!$D$14/(設定!$D$14+設定!$D$15/入力!$F$33))*(K30-$T$3),K30)) -> 91.026073 | M30: =IF(AND(K30<>"",ISNUMBER(入力!$F$33),入力!$F$33>0),L30-設定!$C$21*SQRT((設定!$D$14/(設定!$D$14+設定!$D$15/入力!$F$33))*設定!$D$15/入力!$F$33),"") -> 75.474903 | N30: =IF(AND(K30<>"",ISNUMBER(入力!$F$33),入力!$F$33>0),L30+設定!$C$21*SQRT((設定!$D$14/(設定!$D$14+設定!$D$15/入力!$F$33))*設定!$D$15/入力!$F$33),"") -> 106.57724 | O30: =IF(L30="","",IF(M30="","日数未入力",IF(M30>$T$3,"◎上位",IF(N30<$T$3,"△要支援","○標準")))) -> ○標準 | P30: =IF(C30="","",(D30-H30)*60/C30) -> 94.695498 | Q30: =IF(I30="","",I30/C30) -> 1.9329265 | U30: =IF(K30="",0,K30*C30) -> 36234.031
A31: =IF(L31="","",RANK(L31,$L$7:$L$66,0)) -> 25 | B31: =IF(入力!$B$34="","",入力!$B$34) -> 高橋正美 | C31: =IF(AND(入力!$B$34<>"",ISNUMBER(入力!$C$34),ISNUMBER(入力!$D$34),入力!$C$34>0,入力!$D$34>0),入力!$C$34,"") -> 1090 | D31: =IF(AND(入力!$B$34<>"",ISNUMBER(入力!$C$34),ISNUMBER(入力!$D$34),入力!$C$34>0,入力!$D$34>0),入力!$D$34,"") -> 2510 | E31: =IF(AND(AND(入力!$B$34<>"",ISNUMBER(入力!$C$34),ISNUMBER(入力!$D$34),入力!$C$34>0,入力!$D$34>0),ISNUMBER(入力!$E$34),入力!$E$34>0),入力!$E$34,"") -> 428 | F31: =IF(C31="","",IF(E31="","",C31/E31)) -> 2.546729 | G31: =IF(C31="","",D31*60/C31) -> 138.16514 | H31: =IF(AND(入力!$B$34<>"",ISNUMBER(入力!$C$34),ISNUMBER(入力!$D$34),入力!$C$34>0,入力!$D$34>0),IF(AND(AND(入力!$B$34<>"",ISNUMBER(入力!$C$34),ISNUMBER(入力!$D$34),入力!$C$34>0,入力!$D$34>0),ISNUMBER(入力!$E$34),入力!$E$34>0),設定!$E$6*入力!$E$34/60,0),"") -> 656.98 | I31: =IF(AND(入力!$B$34<>"",ISNUMBER(入力!$C$34),ISNUMBER(入力!$D$34),入力!$C$34>0,入力!$D$34>0),H31+設定!$E$7*C31/60,"") -> 2030.38 | J31: =IF(I31="","",H31/I31) -> 0.3235749 | K31: =IF(I31="","",I31/D31*100) -> 80.891633 | L31: =IF(K31="","",IF(AND(K31<>"",ISNUMBER(入力!$F$34),入力!$F$34>0),$T$3+(設定!$D$14/(設定!$D$14+設定!$D$15/入力!$F$34))*(K31-$T$3),K31)) -> 89.248471 | M31: =IF(AND(K31<>"",ISNUMBER(入力!$F$34),入力!$F$34>0),L31-設定!$C$21*SQRT((設定!$D$14/(設定!$D$14+設定!$D$15/入力!$F$34))*設定!$D$15/入力!$F$34),"") -> 71.773711 | N31: =IF(AND(K31<>"",ISNUMBER(入力!$F$34),入力!$F$34>0),L31+設定!$C$21*SQRT((設定!$D$14/(設定!$D$14+設定!$D$15/入力!$F$34))*設定!$D$15/入力!$F$34),"") -> 106.72323 | O31: =IF(L31="","",IF(M31="","日数未入力",IF(M31>$T$3,"◎上位",IF(N31<$T$3,"△要支援","○標準")))) -> ○標準 | P31: =IF(C31="","",(D31-H31)*60/C31) -> 102.0011 | Q31: =IF(I31="","",I31/C31) -> 1.8627339 | U31: =IF(K31="",0,K31*C31) -> 88171.88
A32: =IF(L32="","",RANK(L32,$L$7:$L$66,0)) -> 26 | B32: =IF(入力!$B$35="","",入力!$B$35) -> 秋草文恵 | C32: =IF(AND(入力!$B$35<>"",ISNUMBER(入力!$C$35),ISNUMBER(入力!$D$35),入力!$C$35>0,入力!$D$35>0),入力!$C$35,"") -> 858 | D32: =IF(AND(入力!$B$35<>"",ISNUMBER(入力!$C$35),ISNUMBER(入力!$D$35),入力!$C$35>0,入力!$D$35>0),入力!$D$35,"") -> 2094 | E32: =IF(AND(AND(入力!$B$35<>"",ISNUMBER(入力!$C$35),ISNUMBER(入力!$D$35),入力!$C$35>0,入力!$D$35>0),ISNUMBER(入力!$E$35),入力!$E$35>0),入力!$E$35,"") -> 391 | F32: =IF(C32="","",IF(E32="","",C32/E32)) -> 2.1943734 | G32: =IF(C32="","",D32*60/C32) -> 146.43357 | H32: =IF(AND(入力!$B$35<>"",ISNUMBER(入力!$C$35),ISNUMBER(入力!$D$35),入力!$C$35>0,入力!$D$35>0),IF(AND(AND(入力!$B$35<>"",ISNUMBER(入力!$C$35),ISNUMBER(入力!$D$35),入力!$C$35>0,入力!$D$35>0),ISNUMBER(入力!$E$35),入力!$E$35>0),設定!$E$6*入力!$E$35/60,0),"") -> 600.185 | I32: =IF(AND(入力!$B$35<>"",ISNUMBER(入力!$C$35),ISNUMBER(入力!$D$35),入力!$C$35>0,入力!$D$35>0),H32+設定!$E$7*C32/60,"") -> 1681.265 | J32: =IF(I32="","",H32/I32) -> 0.35698418 | K32: =IF(I32="","",I32/D32*100) -> 80.289637 | L32: =IF(K32="","",IF(AND(K32<>"",ISNUMBER(入力!$F$35),入力!$F$35>0),$T$3+(設定!$D$14/(設定!$D$14+設定!$D$15/入力!$F$35))*(K32-$T$3),K32)) -> 88.868941 | M32: =IF(AND(K32<>"",ISNUMBER(入力!$F$35),入力!$F$35>0),L32-設定!$C$21*SQRT((設定!$D$14/(設定!$D$14+設定!$D$15/入力!$F$35))*設定!$D$15/入力!$F$35),"") -> 71.394181 | N32: =IF(AND(K32<>"",ISNUMBER(入力!$F$35),入力!$F$35>0),L32+設定!$C$21*SQRT((設定!$D$14/(設定!$D$14+設定!$D$15/入力!$F$35))*設定!$D$15/入力!$F$35),"") -> 106.3437 | O32: =IF(L32="","",IF(M32="","日数未入力",IF(M32>$T$3,"◎上位",IF(N32<$T$3,"△要支援","○標準")))) -> ○標準 | P32: =IF(C32="","",(D32-H32)*60/C32) -> 104.46259 | Q32: =IF(I32="","",I32/C32) -> 1.9595163 | U32: =IF(K32="",0,K32*C32) -> 68888.509
A33: =IF(L33="","",RANK(L33,$L$7:$L$66,0)) -> 27 | B33: =IF(入力!$B$36="","",入力!$B$36) -> 上村和恵 | C33: =IF(AND(入力!$B$36<>"",ISNUMBER(入力!$C$36),ISNUMBER(入力!$D$36),入力!$C$36>0,入力!$D$36>0),入力!$C$36,"") -> 1112 | D33: =IF(AND(入力!$B$36<>"",ISNUMBER(入力!$C$36),ISNUMBER(入力!$D$36),入力!$C$36>0,入力!$D$36>0),入力!$D$36,"") -> 2665 | E33: =IF(AND(AND(入力!$B$36<>"",ISNUMBER(入力!$C$36),ISNUMBER(入力!$D$36),入力!$C$36>0,入力!$D$36>0),ISNUMBER(入力!$E$36),入力!$E$36>0),入力!$E$36,"") -> 465 | F33: =IF(C33="","",IF(E33="","",C33/E33)) -> 2.3913978 | G33: =IF(C33="","",D33*60/C33) -> 143.79496 | H33: =IF(AND(入力!$B$36<>"",ISNUMBER(入力!$C$36),ISNUMBER(入力!$D$36),入力!$C$36>0,入力!$D$36>0),IF(AND(AND(入力!$B$36<>"",ISNUMBER(入力!$C$36),ISNUMBER(入力!$D$36),入力!$C$36>0,入力!$D$36>0),ISNUMBER(入力!$E$36),入力!$E$36>0),設定!$E$6*入力!$E$36/60,0),"") -> 713.775 | I33: =IF(AND(入力!$B$36<>"",ISNUMBER(入力!$C$36),ISNUMBER(入力!$D$36),入力!$C$36>0,入力!$D$36>0),H33+設定!$E$7*C33/60,"") -> 2114.895 | J33: =IF(I33="","",H33/I33) -> 0.33749902 | K33: =IF(I33="","",I33/D33*100) -> 79.358161 | L33: =IF(K33="","",IF(AND(K33<>"",ISNUMBER(入力!$F$36),入力!$F$36>0),$T$3+(設定!$D$14/(設定!$D$14+設定!$D$15/入力!$F$36))*(K33-$T$3),K33)) -> 87.836269 | M33: =IF(AND(K33<>"",ISNUMBER(入力!$F$36),入力!$F$36>0),L33-設定!$C$21*SQRT((設定!$D$14/(設定!$D$14+設定!$D$15/入力!$F$36))*設定!$D$15/入力!$F$36),"") -> 70.803221 | N33: =IF(AND(K33<>"",ISNUMBER(入力!$F$36),入力!$F$36>0),L33+設定!$C$21*SQRT((設定!$D$14/(設定!$D$14+設定!$D$15/入力!$F$36))*設定!$D$15/入力!$F$36),"") -> 104.86932 | O33: =IF(L33="","",IF(M33="","日数未入力",IF(M33>$T$3,"◎上位",IF(N33<$T$3,"△要支援","○標準")))) -> ○標準 | P33: =IF(C33="","",(D33-H33)*60/C33) -> 105.28192 | Q33: =IF(I33="","",I33/C33) -> 1.901884 | U33: =IF(K33="",0,K33*C33) -> 88246.275
A34: =IF(L34="","",RANK(L34,$L$7:$L$66,0)) -> 28 | B34: =IF(入力!$B$37="","",入力!$B$37) -> 平田学 | C34: =IF(AND(入力!$B$37<>"",ISNUMBER(入力!$C$37),ISNUMBER(入力!$D$37),入力!$C$37>0,入力!$D$37>0),入力!$C$37,"") -> 370 | D34: =IF(AND(入力!$B$37<>"",ISNUMBER(入力!$C$37),ISNUMBER(入力!$D$37),入力!$C$37>0,入力!$D$37>0),入力!$D$37,"") -> 1225 | E34: =IF(AND(AND(入力!$B$37<>"",ISNUMBER(入力!$C$37),ISNUMBER(入力!$D$37),入力!$C$37>0,入力!$D$37>0),ISNUMBER(入力!$E$37),入力!$E$37>0),入力!$E$37,"") -> 148 | F34: =IF(C34="","",IF(E34="","",C34/E34)) -> 2.5 | G34: =IF(C34="","",D34*60/C34) -> 198.64865 | H34: =IF(AND(入力!$B$37<>"",ISNUMBER(入力!$C$37),ISNUMBER(入力!$D$37),入力!$C$37>0,入力!$D$37>0),IF(AND(AND(入力!$B$37<>"",ISNUMBER(入力!$C$37),ISNUMBER(入力!$D$37),入力!$C$37>0,入力!$D$37>0),ISNUMBER(入力!$E$37),入力!$E$37>0),設定!$E$6*入力!$E$37/60,0),"") -> 227.18 | I34: =IF(AND(入力!$B$37<>"",ISNUMBER(入力!$C$37),ISNUMBER(入力!$D$37),入力!$C$37>0,入力!$D$37>0),H34+設定!$E$7*C34/60,"") -> 693.38 | J34: =IF(I34="","",H34/I34) -> 0.32764141 | K34: =IF(I34="","",I34/D34*100) -> 56.602449 | L34: =IF(K34="","",IF(AND(K34<>"",ISNUMBER(入力!$F$37),入力!$F$37>0),$T$3+(設定!$D$14/(設定!$D$14+設定!$D$15/入力!$F$37))*(K34-$T$3),K34)) -> 86.502214 | M34: =IF(AND(K34<>"",ISNUMBER(入力!$F$37),入力!$F$37>0),L34-設定!$C$21*SQRT((設定!$D$14/(設定!$D$14+設定!$D$15/入力!$F$37))*設定!$D$15/入力!$F$37),"") -> 63.550756 | N34: =IF(AND(K34<>"",ISNUMBER(入力!$F$37),入力!$F$37>0),L34+設定!$C$21*SQRT((設定!$D$14/(設定!$D$14+設定!$D$15/入力!$F$37))*設定!$D$15/入力!$F$37),"") -> 109.45367 | O34: =IF(L34="","",IF(M34="","日数未入力",IF(M34>$T$3,"◎上位",IF(N34<$T$3,"△要支援","○標準")))) -> ○標準 | P34: =IF(C34="","",(D34-H34)*60/C34) -> 161.80865 | Q34: =IF(I34="","",I34/C34) -> 1.874 | U34: =IF(K34="",0,K34*C34) -> 20942.906
A35: =IF(L35="","",RANK(L35,$L$7:$L$66,0)) -> 29 | B35: =IF(入力!$B$38="","",入力!$B$38) -> 飯田由加里 | C35: =IF(AND(入力!$B$38<>"",ISNUMBER(入力!$C$38),ISNUMBER(入力!$D$38),入力!$C$38>0,入力!$D$38>0),入力!$C$38,"") -> 271 | D35: =IF(AND(入力!$B$38<>"",ISNUMBER(入力!$C$38),ISNUMBER(入力!$D$38),入力!$C$38>0,入力!$D$38>0),入力!$D$38,"") -> 764 | E35: =IF(AND(AND(入力!$B$38<>"",ISNUMBER(入力!$C$38),ISNUMBER(入力!$D$38),入力!$C$38>0,入力!$D$38>0),ISNUMBER(入力!$E$38),入力!$E$38>0),入力!$E$38,"") -> 149 | F35: =IF(C35="","",IF(E35="","",C35/E35)) -> 1.8187919 | G35: =IF(C35="","",D35*60/C35) -> 169.15129 | H35: =IF(AND(入力!$B$38<>"",ISNUMBER(入力!$C$38),ISNUMBER(入力!$D$38),入力!$C$38>0,入力!$D$38>0),IF(AND(AND(入力!$B$38<>"",ISNUMBER(入力!$C$38),ISNUMBER(入力!$D$38),入力!$C$38>0,入力!$D$38>0),ISNUMBER(入力!$E$38),入力!$E$38>0),設定!$E$6*入力!$E$38/60,0),"") -> 228.715 | I35: =IF(AND(入力!$B$38<>"",ISNUMBER(入力!$C$38),ISNUMBER(入力!$D$38),入力!$C$38>0,入力!$D$38>0),H35+設定!$E$7*C35/60,"") -> 570.175 | J35: =IF(I35="","",H35/I35) -> 0.40113123 | K35: =IF(I35="","",I35/D35*100) -> 74.630236 | L35: =IF(K35="","",IF(AND(K35<>"",ISNUMBER(入力!$F$38),入力!$F$38>0),$T$3+(設定!$D$14/(設定!$D$14+設定!$D$15/入力!$F$38))*(K35-$T$3),K35)) -> 85.892657 | M35: =IF(AND(K35<>"",ISNUMBER(入力!$F$38),入力!$F$38>0),L35-設定!$C$21*SQRT((設定!$D$14/(設定!$D$14+設定!$D$15/入力!$F$38))*設定!$D$15/入力!$F$38),"") -> 67.939938 | N35: =IF(AND(K35<>"",ISNUMBER(入力!$F$38),入力!$F$38>0),L35+設定!$C$21*SQRT((設定!$D$14/(設定!$D$14+設定!$D$15/入力!$F$38))*設定!$D$15/入力!$F$38),"") -> 103.84538 | O35: =IF(L35="","",IF(M35="","日数未入力",IF(M35>$T$3,"◎上位",IF(N35<$T$3,"△要支援","○標準")))) -> ○標準 | P35: =IF(C35="","",(D35-H35)*60/C35) -> 118.51328 | Q35: =IF(I35="","",I35/C35) -> 2.1039668 | U35: =IF(K35="",0,K35*C35) -> 20224.794
A36: =IF(L36="","",RANK(L36,$L$7:$L$66,0)) | B36: =IF(入力!$B$39="","",入力!$B$39) | C36: =IF(AND(入力!$B$39<>"",ISNUMBER(入力!$C$39),ISNUMBER(入力!$D$39),入力!$C$39>0,入力!$D$39>0),入力!$C$39,"") | D36: =IF(AND(入力!$B$39<>"",ISNUMBER(入力!$C$39),ISNUMBER(入力!$D$39),入力!$C$39>0,入力!$D$39>0),入力!$D$39,"") | E36: =IF(AND(AND(入力!$B$39<>"",ISNUMBER(入力!$C$39),ISNUMBER(入力!$D$39),入力!$C$39>0,入力!$D$39>0),ISNUMBER(入力!$E$39),入力!$E$39>0),入力!$E$39,"") | F36: =IF(C36="","",IF(E36="","",C36/E36)) | G36: =IF(C36="","",D36*60/C36) | H36: =IF(AND(入力!$B$39<>"",ISNUMBER(入力!$C$39),ISNUMBER(入力!$D$39),入力!$C$39>0,入力!$D$39>0),IF(AND(AND(入力!$B$39<>"",ISNUMBER(入力!$C$39),ISNUMBER(入力!$D$39),入力!$C$39>0,入力!$D$39>0),ISNUMBER(入力!$E$39),入力!$E$39>0),設定!$E$6*入力!$E$39/60,0),"") | I36: =IF(AND(入力!$B$39<>"",ISNUMBER(入力!$C$39),ISNUMBER(入力!$D$39),入力!$C$39>0,入力!$D$39>0),H36+設定!$E$7*C36/60,"") | J36: =IF(I36="","",H36/I36) | K36: =IF(I36="","",I36/D36*100) | L36: =IF(K36="","",IF(AND(K36<>"",ISNUMBER(入力!$F$39),入力!$F$39>0),$T$3+(設定!$D$14/(設定!$D$14+設定!$D$15/入力!$F$39))*(K36-$T$3),K36)) | M36: =IF(AND(K36<>"",ISNUMBER(入力!$F$39),入力!$F$39>0),L36-設定!$C$21*SQRT((設定!$D$14/(設定!$D$14+設定!$D$15/入力!$F$39))*設定!$D$15/入力!$F$39),"") | N36: =IF(AND(K36<>"",ISNUMBER(入力!$F$39),入力!$F$39>0),L36+設定!$C$21*SQRT((設定!$D$14/(設定!$D$14+設定!$D$15/入力!$F$39))*設定!$D$15/入力!$F$39),"") | O36: =IF(L36="","",IF(M36="","日数未入力",IF(M36>$T$3,"◎上位",IF(N36<$T$3,"△要支援","○標準")))) | P36: =IF(C36="","",(D36-H36)*60/C36) | Q36: =IF(I36="","",I36/C36) | U36: =IF(K36="",0,K36*C36) -> 0
A37: =IF(L37="","",RANK(L37,$L$7:$L$66,0)) | B37: =IF(入力!$B$40="","",入力!$B$40) | C37: =IF(AND(入力!$B$40<>"",ISNUMBER(入力!$C$40),ISNUMBER(入力!$D$40),入力!$C$40>0,入力!$D$40>0),入力!$C$40,"") | D37: =IF(AND(入力!$B$40<>"",ISNUMBER(入力!$C$40),ISNUMBER(入力!$D$40),入力!$C$40>0,入力!$D$40>0),入力!$D$40,"") | E37: =IF(AND(AND(入力!$B$40<>"",ISNUMBER(入力!$C$40),ISNUMBER(入力!$D$40),入力!$C$40>0,入力!$D$40>0),ISNUMBER(入力!$E$40),入力!$E$40>0),入力!$E$40,"") | F37: =IF(C37="","",IF(E37="","",C37/E37)) | G37: =IF(C37="","",D37*60/C37) | H37: =IF(AND(入力!$B$40<>"",ISNUMBER(入力!$C$40),ISNUMBER(入力!$D$40),入力!$C$40>0,入力!$D$40>0),IF(AND(AND(入力!$B$40<>"",ISNUMBER(入力!$C$40),ISNUMBER(入力!$D$40),入力!$C$40>0,入力!$D$40>0),ISNUMBER(入力!$E$40),入力!$E$40>0),設定!$E$6*入力!$E$40/60,0),"") | I37: =IF(AND(入力!$B$40<>"",ISNUMBER(入力!$C$40),ISNUMBER(入力!$D$40),入力!$C$40>0,入力!$D$40>0),H37+設定!$E$7*C37/60,"") | J37: =IF(I37="","",H37/I37) | K37: =IF(I37="","",I37/D37*100) | L37: =IF(K37="","",IF(AND(K37<>"",ISNUMBER(入力!$F$40),入力!$F$40>0),$T$3+(設定!$D$14/(設定!$D$14+設定!$D$15/入力!$F$40))*(K37-$T$3),K37)) | M37: =IF(AND(K37<>"",ISNUMBER(入力!$F$40),入力!$F$40>0),L37-設定!$C$21*SQRT((設定!$D$14/(設定!$D$14+設定!$D$15/入力!$F$40))*設定!$D$15/入力!$F$40),"") | N37: =IF(AND(K37<>"",ISNUMBER(入力!$F$40),入力!$F$40>0),L37+設定!$C$21*SQRT((設定!$D$14/(設定!$D$14+設定!$D$15/入力!$F$40))*設定!$D$15/入力!$F$40),"") | O37: =IF(L37="","",IF(M37="","日数未入力",IF(M37>$T$3,"◎上位",IF(N37<$T$3,"△要支援","○標準")))) | P37: =IF(C37="","",(D37-H37)*60/C37) | Q37: =IF(I37="","",I37/C37) | U37: =IF(K37="",0,K37*C37) -> 0
A38: =IF(L38="","",RANK(L38,$L$7:$L$66,0)) | B38: =IF(入力!$B$41="","",入力!$B$41) | C38: =IF(AND(入力!$B$41<>"",ISNUMBER(入力!$C$41),ISNUMBER(入力!$D$41),入力!$C$41>0,入力!$D$41>0),入力!$C$41,"") | D38: =IF(AND(入力!$B$41<>"",ISNUMBER(入力!$C$41),ISNUMBER(入力!$D$41),入力!$C$41>0,入力!$D$41>0),入力!$D$41,"") | E38: =IF(AND(AND(入力!$B$41<>"",ISNUMBER(入力!$C$41),ISNUMBER(入力!$D$41),入力!$C$41>0,入力!$D$41>0),ISNUMBER(入力!$E$41),入力!$E$41>0),入力!$E$41,"") | F38: =IF(C38="","",IF(E38="","",C38/E38)) | G38: =IF(C38="","",D38*60/C38) | H38: =IF(AND(入力!$B$41<>"",ISNUMBER(入力!$C$41),ISNUMBER(入力!$D$41),入力!$C$41>0,入力!$D$41>0),IF(AND(AND(入力!$B$41<>"",ISNUMBER(入力!$C$41),ISNUMBER(入力!$D$41),入力!$C$41>0,入力!$D$41>0),ISNUMBER(入力!$E$41),入力!$E$41>0),設定!$E$6*入力!$E$41/60,0),"") | I38: =IF(AND(入力!$B$41<>"",ISNUMBER(入力!$C$41),ISNUMBER(入力!$D$41),入力!$C$41>0,入力!$D$41>0),H38+設定!$E$7*C38/60,"") | J38: =IF(I38="","",H38/I38) | K38: =IF(I38="","",I38/D38*100) | L38: =IF(K38="","",IF(AND(K38<>"",ISNUMBER(入力!$F$41),入力!$F$41>0),$T$3+(設定!$D$14/(設定!$D$14+設定!$D$15/入力!$F$41))*(K38-$T$3),K38)) | M38: =IF(AND(K38<>"",ISNUMBER(入力!$F$41),入力!$F$41>0),L38-設定!$C$21*SQRT((設定!$D$14/(設定!$D$14+設定!$D$15/入力!$F$41))*設定!$D$15/入力!$F$41),"") | N38: =IF(AND(K38<>"",ISNUMBER(入力!$F$41),入力!$F$41>0),L38+設定!$C$21*SQRT((設定!$D$14/(設定!$D$14+設定!$D$15/入力!$F$41))*設定!$D$15/入力!$F$41),"") | O38: =IF(L38="","",IF(M38="","日数未入力",IF(M38>$T$3,"◎上位",IF(N38<$T$3,"△要支援","○標準")))) | P38: =IF(C38="","",(D38-H38)*60/C38) | Q38: =IF(I38="","",I38/C38) | U38: =IF(K38="",0,K38*C38) -> 0
A39: =IF(L39="","",RANK(L39,$L$7:$L$66,0)) | B39: =IF(入力!$B$42="","",入力!$B$42) | C39: =IF(AND(入力!$B$42<>"",ISNUMBER(入力!$C$42),ISNUMBER(入力!$D$42),入力!$C$42>0,入力!$D$42>0),入力!$C$42,"") | D39: =IF(AND(入力!$B$42<>"",ISNUMBER(入力!$C$42),ISNUMBER(入力!$D$42),入力!$C$42>0,入力!$D$42>0),入力!$D$42,"") | E39: =IF(AND(AND(入力!$B$42<>"",ISNUMBER(入力!$C$42),ISNUMBER(入力!$D$42),入力!$C$42>0,入力!$D$42>0),ISNUMBER(入力!$E$42),入力!$E$42>0),入力!$E$42,"") | F39: =IF(C39="","",IF(E39="","",C39/E39)) | G39: =IF(C39="","",D39*60/C39) | H39: =IF(AND(入力!$B$42<>"",ISNUMBER(入力!$C$42),ISNUMBER(入力!$D$42),入力!$C$42>0,入力!$D$42>0),IF(AND(AND(入力!$B$42<>"",ISNUMBER(入力!$C$42),ISNUMBER(入力!$D$42),入力!$C$42>0,入力!$D$42>0),ISNUMBER(入力!$E$42),入力!$E$42>0),設定!$E$6*入力!$E$42/60,0),"") | I39: =IF(AND(入力!$B$42<>"",ISNUMBER(入力!$C$42),ISNUMBER(入力!$D$42),入力!$C$42>0,入力!$D$42>0),H39+設定!$E$7*C39/60,"") | J39: =IF(I39="","",H39/I39) | K39: =IF(I39="","",I39/D39*100) | L39: =IF(K39="","",IF(AND(K39<>"",ISNUMBER(入力!$F$42),入力!$F$42>0),$T$3+(設定!$D$14/(設定!$D$14+設定!$D$15/入力!$F$42))*(K39-$T$3),K39)) | M39: =IF(AND(K39<>"",ISNUMBER(入力!$F$42),入力!$F$42>0),L39-設定!$C$21*SQRT((設定!$D$14/(設定!$D$14+設定!$D$15/入力!$F$42))*設定!$D$15/入力!$F$42),"") | N39: =IF(AND(K39<>"",ISNUMBER(入力!$F$42),入力!$F$42>0),L39+設定!$C$21*SQRT((設定!$D$14/(設定!$D$14+設定!$D$15/入力!$F$42))*設定!$D$15/入力!$F$42),"") | O39: =IF(L39="","",IF(M39="","日数未入力",IF(M39>$T$3,"◎上位",IF(N39<$T$3,"△要支援","○標準")))) | P39: =IF(C39="","",(D39-H39)*60/C39) | Q39: =IF(I39="","",I39/C39) | U39: =IF(K39="",0,K39*C39) -> 0
A40: =IF(L40="","",RANK(L40,$L$7:$L$66,0)) | B40: =IF(入力!$B$43="","",入力!$B$43) | C40: =IF(AND(入力!$B$43<>"",ISNUMBER(入力!$C$43),ISNUMBER(入力!$D$43),入力!$C$43>0,入力!$D$43>0),入力!$C$43,"") | D40: =IF(AND(入力!$B$43<>"",ISNUMBER(入力!$C$43),ISNUMBER(入力!$D$43),入力!$C$43>0,入力!$D$43>0),入力!$D$43,"") | E40: =IF(AND(AND(入力!$B$43<>"",ISNUMBER(入力!$C$43),ISNUMBER(入力!$D$43),入力!$C$43>0,入力!$D$43>0),ISNUMBER(入力!$E$43),入力!$E$43>0),入力!$E$43,"") | F40: =IF(C40="","",IF(E40="","",C40/E40)) | G40: =IF(C40="","",D40*60/C40) | H40: =IF(AND(入力!$B$43<>"",ISNUMBER(入力!$C$43),ISNUMBER(入力!$D$43),入力!$C$43>0,入力!$D$43>0),IF(AND(AND(入力!$B$43<>"",ISNUMBER(入力!$C$43),ISNUMBER(入力!$D$43),入力!$C$43>0,入力!$D$43>0),ISNUMBER(入力!$E$43),入力!$E$43>0),設定!$E$6*入力!$E$43/60,0),"") | I40: =IF(AND(入力!$B$43<>"",ISNUMBER(入力!$C$43),ISNUMBER(入力!$D$43),入力!$C$43>0,入力!$D$43>0),H40+設定!$E$7*C40/60,"") | J40: =IF(I40="","",H40/I40) | K40: =IF(I40="","",I40/D40*100) | L40: =IF(K40="","",IF(AND(K40<>"",ISNUMBER(入力!$F$43),入力!$F$43>0),$T$3+(設定!$D$14/(設定!$D$14+設定!$D$15/入力!$F$43))*(K40-$T$3),K40)) | M40: =IF(AND(K40<>"",ISNUMBER(入力!$F$43),入力!$F$43>0),L40-設定!$C$21*SQRT((設定!$D$14/(設定!$D$14+設定!$D$15/入力!$F$43))*設定!$D$15/入力!$F$43),"") | N40: =IF(AND(K40<>"",ISNUMBER(入力!$F$43),入力!$F$43>0),L40+設定!$C$21*SQRT((設定!$D$14/(設定!$D$14+設定!$D$15/入力!$F$43))*設定!$D$15/入力!$F$43),"") | O40: =IF(L40="","",IF(M40="","日数未入力",IF(M40>$T$3,"◎上位",IF(N40<$T$3,"△要支援","○標準")))) | P40: =IF(C40="","",(D40-H40)*60/C40) | Q40: =IF(I40="","",I40/C40) | U40: =IF(K40="",0,K40*C40) -> 0
A41: =IF(L41="","",RANK(L41,$L$7:$L$66,0)) | B41: =IF(入力!$B$44="","",入力!$B$44) | C41: =IF(AND(入力!$B$44<>"",ISNUMBER(入力!$C$44),ISNUMBER(入力!$D$44),入力!$C$44>0,入力!$D$44>0),入力!$C$44,"") | D41: =IF(AND(入力!$B$44<>"",ISNUMBER(入力!$C$44),ISNUMBER(入力!$D$44),入力!$C$44>0,入力!$D$44>0),入力!$D$44,"") | E41: =IF(AND(AND(入力!$B$44<>"",ISNUMBER(入力!$C$44),ISNUMBER(入力!$D$44),入力!$C$44>0,入力!$D$44>0),ISNUMBER(入力!$E$44),入力!$E$44>0),入力!$E$44,"") | F41: =IF(C41="","",IF(E41="","",C41/E41)) | G41: =IF(C41="","",D41*60/C41) | H41: =IF(AND(入力!$B$44<>"",ISNUMBER(入力!$C$44),ISNUMBER(入力!$D$44),入力!$C$44>0,入力!$D$44>0),IF(AND(AND(入力!$B$44<>"",ISNUMBER(入力!$C$44),ISNUMBER(入力!$D$44),入力!$C$44>0,入力!$D$44>0),ISNUMBER(入力!$E$44),入力!$E$44>0),設定!$E$6*入力!$E$44/60,0),"") | I41: =IF(AND(入力!$B$44<>"",ISNUMBER(入力!$C$44),ISNUMBER(入力!$D$44),入力!$C$44>0,入力!$D$44>0),H41+設定!$E$7*C41/60,"") | J41: =IF(I41="","",H41/I41) | K41: =IF(I41="","",I41/D41*100) | L41: =IF(K41="","",IF(AND(K41<>"",ISNUMBER(入力!$F$44),入力!$F$44>0),$T$3+(設定!$D$14/(設定!$D$14+設定!$D$15/入力!$F$44))*(K41-$T$3),K41)) | M41: =IF(AND(K41<>"",ISNUMBER(入力!$F$44),入力!$F$44>0),L41-設定!$C$21*SQRT((設定!$D$14/(設定!$D$14+設定!$D$15/入力!$F$44))*設定!$D$15/入力!$F$44),"") | N41: =IF(AND(K41<>"",ISNUMBER(入力!$F$44),入力!$F$44>0),L41+設定!$C$21*SQRT((設定!$D$14/(設定!$D$14+設定!$D$15/入力!$F$44))*設定!$D$15/入力!$F$44),"") | O41: =IF(L41="","",IF(M41="","日数未入力",IF(M41>$T$3,"◎上位",IF(N41<$T$3,"△要支援","○標準")))) | P41: =IF(C41="","",(D41-H41)*60/C41) | Q41: =IF(I41="","",I41/C41) | U41: =IF(K41="",0,K41*C41) -> 0
A42: =IF(L42="","",RANK(L42,$L$7:$L$66,0)) | B42: =IF(入力!$B$45="","",入力!$B$45) | C42: =IF(AND(入力!$B$45<>"",ISNUMBER(入力!$C$45),ISNUMBER(入力!$D$45),入力!$C$45>0,入力!$D$45>0),入力!$C$45,"") | D42: =IF(AND(入力!$B$45<>"",ISNUMBER(入力!$C$45),ISNUMBER(入力!$D$45),入力!$C$45>0,入力!$D$45>0),入力!$D$45,"") | E42: =IF(AND(AND(入力!$B$45<>"",ISNUMBER(入力!$C$45),ISNUMBER(入力!$D$45),入力!$C$45>0,入力!$D$45>0),ISNUMBER(入力!$E$45),入力!$E$45>0),入力!$E$45,"") | F42: =IF(C42="","",IF(E42="","",C42/E42)) | G42: =IF(C42="","",D42*60/C42) | H42: =IF(AND(入力!$B$45<>"",ISNUMBER(入力!$C$45),ISNUMBER(入力!$D$45),入力!$C$45>0,入力!$D$45>0),IF(AND(AND(入力!$B$45<>"",ISNUMBER(入力!$C$45),ISNUMBER(入力!$D$45),入力!$C$45>0,入力!$D$45>0),ISNUMBER(入力!$E$45),入力!$E$45>0),設定!$E$6*入力!$E$45/60,0),"") | I42: =IF(AND(入力!$B$45<>"",ISNUMBER(入力!$C$45),ISNUMBER(入力!$D$45),入力!$C$45>0,入力!$D$45>0),H42+設定!$E$7*C42/60,"") | J42: =IF(I42="","",H42/I42) | K42: =IF(I42="","",I42/D42*100) | L42: =IF(K42="","",IF(AND(K42<>"",ISNUMBER(入力!$F$45),入力!$F$45>0),$T$3+(設定!$D$14/(設定!$D$14+設定!$D$15/入力!$F$45))*(K42-$T$3),K42)) | M42: =IF(AND(K42<>"",ISNUMBER(入力!$F$45),入力!$F$45>0),L42-設定!$C$21*SQRT((設定!$D$14/(設定!$D$14+設定!$D$15/入力!$F$45))*設定!$D$15/入力!$F$45),"") | N42: =IF(AND(K42<>"",ISNUMBER(入力!$F$45),入力!$F$45>0),L42+設定!$C$21*SQRT((設定!$D$14/(設定!$D$14+設定!$D$15/入力!$F$45))*設定!$D$15/入力!$F$45),"") | O42: =IF(L42="","",IF(M42="","日数未入力",IF(M42>$T$3,"◎上位",IF(N42<$T$3,"△要支援","○標準")))) | P42: =IF(C42="","",(D42-H42)*60/C42) | Q42: =IF(I42="","",I42/C42) | U42: =IF(K42="",0,K42*C42) -> 0
A43: =IF(L43="","",RANK(L43,$L$7:$L$66,0)) | B43: =IF(入力!$B$46="","",入力!$B$46) | C43: =IF(AND(入力!$B$46<>"",ISNUMBER(入力!$C$46),ISNUMBER(入力!$D$46),入力!$C$46>0,入力!$D$46>0),入力!$C$46,"") | D43: =IF(AND(入力!$B$46<>"",ISNUMBER(入力!$C$46),ISNUMBER(入力!$D$46),入力!$C$46>0,入力!$D$46>0),入力!$D$46,"") | E43: =IF(AND(AND(入力!$B$46<>"",ISNUMBER(入力!$C$46),ISNUMBER(入力!$D$46),入力!$C$46>0,入力!$D$46>0),ISNUMBER(入力!$E$46),入力!$E$46>0),入力!$E$46,"") | F43: =IF(C43="","",IF(E43="","",C43/E43)) | G43: =IF(C43="","",D43*60/C43) | H43: =IF(AND(入力!$B$46<>"",ISNUMBER(入力!$C$46),ISNUMBER(入力!$D$46),入力!$C$46>0,入力!$D$46>0),IF(AND(AND(入力!$B$46<>"",ISNUMBER(入力!$C$46),ISNUMBER(入力!$D$46),入力!$C$46>0,入力!$D$46>0),ISNUMBER(入力!$E$46),入力!$E$46>0),設定!$E$6*入力!$E$46/60,0),"") | I43: =IF(AND(入力!$B$46<>"",ISNUMBER(入力!$C$46),ISNUMBER(入力!$D$46),入力!$C$46>0,入力!$D$46>0),H43+設定!$E$7*C43/60,"") | J43: =IF(I43="","",H43/I43) | K43: =IF(I43="","",I43/D43*100) | L43: =IF(K43="","",IF(AND(K43<>"",ISNUMBER(入力!$F$46),入力!$F$46>0),$T$3+(設定!$D$14/(設定!$D$14+設定!$D$15/入力!$F$46))*(K43-$T$3),K43)) | M43: =IF(AND(K43<>"",ISNUMBER(入力!$F$46),入力!$F$46>0),L43-設定!$C$21*SQRT((設定!$D$14/(設定!$D$14+設定!$D$15/入力!$F$46))*設定!$D$15/入力!$F$46),"") | N43: =IF(AND(K43<>"",ISNUMBER(入力!$F$46),入力!$F$46>0),L43+設定!$C$21*SQRT((設定!$D$14/(設定!$D$14+設定!$D$15/入力!$F$46))*設定!$D$15/入力!$F$46),"") | O43: =IF(L43="","",IF(M43="","日数未入力",IF(M43>$T$3,"◎上位",IF(N43<$T$3,"△要支援","○標準")))) | P43: =IF(C43="","",(D43-H43)*60/C43) | Q43: =IF(I43="","",I43/C43) | U43: =IF(K43="",0,K43*C43) -> 0
A44: =IF(L44="","",RANK(L44,$L$7:$L$66,0)) | B44: =IF(入力!$B$47="","",入力!$B$47) | C44: =IF(AND(入力!$B$47<>"",ISNUMBER(入力!$C$47),ISNUMBER(入力!$D$47),入力!$C$47>0,入力!$D$47>0),入力!$C$47,"") | D44: =IF(AND(入力!$B$47<>"",ISNUMBER(入力!$C$47),ISNUMBER(入力!$D$47),入力!$C$47>0,入力!$D$47>0),入力!$D$47,"") | E44: =IF(AND(AND(入力!$B$47<>"",ISNUMBER(入力!$C$47),ISNUMBER(入力!$D$47),入力!$C$47>0,入力!$D$47>0),ISNUMBER(入力!$E$47),入力!$E$47>0),入力!$E$47,"") | F44: =IF(C44="","",IF(E44="","",C44/E44)) | G44: =IF(C44="","",D44*60/C44) | H44: =IF(AND(入力!$B$47<>"",ISNUMBER(入力!$C$47),ISNUMBER(入力!$D$47),入力!$C$47>0,入力!$D$47>0),IF(AND(AND(入力!$B$47<>"",ISNUMBER(入力!$C$47),ISNUMBER(入力!$D$47),入力!$C$47>0,入力!$D$47>0),ISNUMBER(入力!$E$47),入力!$E$47>0),設定!$E$6*入力!$E$47/60,0),"") | I44: =IF(AND(入力!$B$47<>"",ISNUMBER(入力!$C$47),ISNUMBER(入力!$D$47),入力!$C$47>0,入力!$D$47>0),H44+設定!$E$7*C44/60,"") | J44: =IF(I44="","",H44/I44) | K44: =IF(I44="","",I44/D44*100) | L44: =IF(K44="","",IF(AND(K44<>"",ISNUMBER(入力!$F$47),入力!$F$47>0),$T$3+(設定!$D$14/(設定!$D$14+設定!$D$15/入力!$F$47))*(K44-$T$3),K44)) | M44: =IF(AND(K44<>"",ISNUMBER(入力!$F$47),入力!$F$47>0),L44-設定!$C$21*SQRT((設定!$D$14/(設定!$D$14+設定!$D$15/入力!$F$47))*設定!$D$15/入力!$F$47),"") | N44: =IF(AND(K44<>"",ISNUMBER(入力!$F$47),入力!$F$47>0),L44+設定!$C$21*SQRT((設定!$D$14/(設定!$D$14+設定!$D$15/入力!$F$47))*設定!$D$15/入力!$F$47),"") | O44: =IF(L44="","",IF(M44="","日数未入力",IF(M44>$T$3,"◎上位",IF(N44<$T$3,"△要支援","○標準")))) | P44: =IF(C44="","",(D44-H44)*60/C44) | Q44: =IF(I44="","",I44/C44) | U44: =IF(K44="",0,K44*C44) -> 0
A45: =IF(L45="","",RANK(L45,$L$7:$L$66,0)) | B45: =IF(入力!$B$48="","",入力!$B$48) | C45: =IF(AND(入力!$B$48<>"",ISNUMBER(入力!$C$48),ISNUMBER(入力!$D$48),入力!$C$48>0,入力!$D$48>0),入力!$C$48,"") | D45: =IF(AND(入力!$B$48<>"",ISNUMBER(入力!$C$48),ISNUMBER(入力!$D$48),入力!$C$48>0,入力!$D$48>0),入力!$D$48,"") | E45: =IF(AND(AND(入力!$B$48<>"",ISNUMBER(入力!$C$48),ISNUMBER(入力!$D$48),入力!$C$48>0,入力!$D$48>0),ISNUMBER(入力!$E$48),入力!$E$48>0),入力!$E$48,"") | F45: =IF(C45="","",IF(E45="","",C45/E45)) | G45: =IF(C45="","",D45*60/C45) | H45: =IF(AND(入力!$B$48<>"",ISNUMBER(入力!$C$48),ISNUMBER(入力!$D$48),入力!$C$48>0,入力!$D$48>0),IF(AND(AND(入力!$B$48<>"",ISNUMBER(入力!$C$48),ISNUMBER(入力!$D$48),入力!$C$48>0,入力!$D$48>0),ISNUMBER(入力!$E$48),入力!$E$48>0),設定!$E$6*入力!$E$48/60,0),"") | I45: =IF(AND(入力!$B$48<>"",ISNUMBER(入力!$C$48),ISNUMBER(入力!$D$48),入力!$C$48>0,入力!$D$48>0),H45+設定!$E$7*C45/60,"") | J45: =IF(I45="","",H45/I45) | K45: =IF(I45="","",I45/D45*100) | L45: =IF(K45="","",IF(AND(K45<>"",ISNUMBER(入力!$F$48),入力!$F$48>0),$T$3+(設定!$D$14/(設定!$D$14+設定!$D$15/入力!$F$48))*(K45-$T$3),K45)) | M45: =IF(AND(K45<>"",ISNUMBER(入力!$F$48),入力!$F$48>0),L45-設定!$C$21*SQRT((設定!$D$14/(設定!$D$14+設定!$D$15/入力!$F$48))*設定!$D$15/入力!$F$48),"") | N45: =IF(AND(K45<>"",ISNUMBER(入力!$F$48),入力!$F$48>0),L45+設定!$C$21*SQRT((設定!$D$14/(設定!$D$14+設定!$D$15/入力!$F$48))*設定!$D$15/入力!$F$48),"") | O45: =IF(L45="","",IF(M45="","日数未入力",IF(M45>$T$3,"◎上位",IF(N45<$T$3,"△要支援","○標準")))) | P45: =IF(C45="","",(D45-H45)*60/C45) | Q45: =IF(I45="","",I45/C45) | U45: =IF(K45="",0,K45*C45) -> 0
A46: =IF(L46="","",RANK(L46,$L$7:$L$66,0)) | B46: =IF(入力!$B$49="","",入力!$B$49) | C46: =IF(AND(入力!$B$49<>"",ISNUMBER(入力!$C$49),ISNUMBER(入力!$D$49),入力!$C$49>0,入力!$D$49>0),入力!$C$49,"") | D46: =IF(AND(入力!$B$49<>"",ISNUMBER(入力!$C$49),ISNUMBER(入力!$D$49),入力!$C$49>0,入力!$D$49>0),入力!$D$49,"") | E46: =IF(AND(AND(入力!$B$49<>"",ISNUMBER(入力!$C$49),ISNUMBER(入力!$D$49),入力!$C$49>0,入力!$D$49>0),ISNUMBER(入力!$E$49),入力!$E$49>0),入力!$E$49,"") | F46: =IF(C46="","",IF(E46="","",C46/E46)) | G46: =IF(C46="","",D46*60/C46) | H46: =IF(AND(入力!$B$49<>"",ISNUMBER(入力!$C$49),ISNUMBER(入力!$D$49),入力!$C$49>0,入力!$D$49>0),IF(AND(AND(入力!$B$49<>"",ISNUMBER(入力!$C$49),ISNUMBER(入力!$D$49),入力!$C$49>0,入力!$D$49>0),ISNUMBER(入力!$E$49),入力!$E$49>0),設定!$E$6*入力!$E$49/60,0),"") | I46: =IF(AND(入力!$B$49<>"",ISNUMBER(入力!$C$49),ISNUMBER(入力!$D$49),入力!$C$49>0,入力!$D$49>0),H46+設定!$E$7*C46/60,"") | J46: =IF(I46="","",H46/I46) | K46: =IF(I46="","",I46/D46*100) | L46: =IF(K46="","",IF(AND(K46<>"",ISNUMBER(入力!$F$49),入力!$F$49>0),$T$3+(設定!$D$14/(設定!$D$14+設定!$D$15/入力!$F$49))*(K46-$T$3),K46)) | M46: =IF(AND(K46<>"",ISNUMBER(入力!$F$49),入力!$F$49>0),L46-設定!$C$21*SQRT((設定!$D$14/(設定!$D$14+設定!$D$15/入力!$F$49))*設定!$D$15/入力!$F$49),"") | N46: =IF(AND(K46<>"",ISNUMBER(入力!$F$49),入力!$F$49>0),L46+設定!$C$21*SQRT((設定!$D$14/(設定!$D$14+設定!$D$15/入力!$F$49))*設定!$D$15/入力!$F$49),"") | O46: =IF(L46="","",IF(M46="","日数未入力",IF(M46>$T$3,"◎上位",IF(N46<$T$3,"△要支援","○標準")))) | P46: =IF(C46="","",(D46-H46)*60/C46) | Q46: =IF(I46="","",I46/C46) | U46: =IF(K46="",0,K46*C46) -> 0
A47: =IF(L47="","",RANK(L47,$L$7:$L$66,0)) | B47: =IF(入力!$B$50="","",入力!$B$50) | C47: =IF(AND(入力!$B$50<>"",ISNUMBER(入力!$C$50),ISNUMBER(入力!$D$50),入力!$C$50>0,入力!$D$50>0),入力!$C$50,"") | D47: =IF(AND(入力!$B$50<>"",ISNUMBER(入力!$C$50),ISNUMBER(入力!$D$50),入力!$C$50>0,入力!$D$50>0),入力!$D$50,"") | E47: =IF(AND(AND(入力!$B$50<>"",ISNUMBER(入力!$C$50),ISNUMBER(入力!$D$50),入力!$C$50>0,入力!$D$50>0),ISNUMBER(入力!$E$50),入力!$E$50>0),入力!$E$50,"") | F47: =IF(C47="","",IF(E47="","",C47/E47)) | G47: =IF(C47="","",D47*60/C47) | H47: =IF(AND(入力!$B$50<>"",ISNUMBER(入力!$C$50),ISNUMBER(入力!$D$50),入力!$C$50>0,入力!$D$50>0),IF(AND(AND(入力!$B$50<>"",ISNUMBER(入力!$C$50),ISNUMBER(入力!$D$50),入力!$C$50>0,入力!$D$50>0),ISNUMBER(入力!$E$50),入力!$E$50>0),設定!$E$6*入力!$E$50/60,0),"") | I47: =IF(AND(入力!$B$50<>"",ISNUMBER(入力!$C$50),ISNUMBER(入力!$D$50),入力!$C$50>0,入力!$D$50>0),H47+設定!$E$7*C47/60,"") | J47: =IF(I47="","",H47/I47) | K47: =IF(I47="","",I47/D47*100) | L47: =IF(K47="","",IF(AND(K47<>"",ISNUMBER(入力!$F$50),入力!$F$50>0),$T$3+(設定!$D$14/(設定!$D$14+設定!$D$15/入力!$F$50))*(K47-$T$3),K47)) | M47: =IF(AND(K47<>"",ISNUMBER(入力!$F$50),入力!$F$50>0),L47-設定!$C$21*SQRT((設定!$D$14/(設定!$D$14+設定!$D$15/入力!$F$50))*設定!$D$15/入力!$F$50),"") | N47: =IF(AND(K47<>"",ISNUMBER(入力!$F$50),入力!$F$50>0),L47+設定!$C$21*SQRT((設定!$D$14/(設定!$D$14+設定!$D$15/入力!$F$50))*設定!$D$15/入力!$F$50),"") | O47: =IF(L47="","",IF(M47="","日数未入力",IF(M47>$T$3,"◎上位",IF(N47<$T$3,"△要支援","○標準")))) | P47: =IF(C47="","",(D47-H47)*60/C47) | Q47: =IF(I47="","",I47/C47) | U47: =IF(K47="",0,K47*C47) -> 0
A48: =IF(L48="","",RANK(L48,$L$7:$L$66,0)) | B48: =IF(入力!$B$51="","",入力!$B$51) | C48: =IF(AND(入力!$B$51<>"",ISNUMBER(入力!$C$51),ISNUMBER(入力!$D$51),入力!$C$51>0,入力!$D$51>0),入力!$C$51,"") | D48: =IF(AND(入力!$B$51<>"",ISNUMBER(入力!$C$51),ISNUMBER(入力!$D$51),入力!$C$51>0,入力!$D$51>0),入力!$D$51,"") | E48: =IF(AND(AND(入力!$B$51<>"",ISNUMBER(入力!$C$51),ISNUMBER(入力!$D$51),入力!$C$51>0,入力!$D$51>0),ISNUMBER(入力!$E$51),入力!$E$51>0),入力!$E$51,"") | F48: =IF(C48="","",IF(E48="","",C48/E48)) | G48: =IF(C48="","",D48*60/C48) | H48: =IF(AND(入力!$B$51<>"",ISNUMBER(入力!$C$51),ISNUMBER(入力!$D$51),入力!$C$51>0,入力!$D$51>0),IF(AND(AND(入力!$B$51<>"",ISNUMBER(入力!$C$51),ISNUMBER(入力!$D$51),入力!$C$51>0,入力!$D$51>0),ISNUMBER(入力!$E$51),入力!$E$51>0),設定!$E$6*入力!$E$51/60,0),"") | I48: =IF(AND(入力!$B$51<>"",ISNUMBER(入力!$C$51),ISNUMBER(入力!$D$51),入力!$C$51>0,入力!$D$51>0),H48+設定!$E$7*C48/60,"") | J48: =IF(I48="","",H48/I48) | K48: =IF(I48="","",I48/D48*100) | L48: =IF(K48="","",IF(AND(K48<>"",ISNUMBER(入力!$F$51),入力!$F$51>0),$T$3+(設定!$D$14/(設定!$D$14+設定!$D$15/入力!$F$51))*(K48-$T$3),K48)) | M48: =IF(AND(K48<>"",ISNUMBER(入力!$F$51),入力!$F$51>0),L48-設定!$C$21*SQRT((設定!$D$14/(設定!$D$14+設定!$D$15/入力!$F$51))*設定!$D$15/入力!$F$51),"") | N48: =IF(AND(K48<>"",ISNUMBER(入力!$F$51),入力!$F$51>0),L48+設定!$C$21*SQRT((設定!$D$14/(設定!$D$14+設定!$D$15/入力!$F$51))*設定!$D$15/入力!$F$51),"") | O48: =IF(L48="","",IF(M48="","日数未入力",IF(M48>$T$3,"◎上位",IF(N48<$T$3,"△要支援","○標準")))) | P48: =IF(C48="","",(D48-H48)*60/C48) | Q48: =IF(I48="","",I48/C48) | U48: =IF(K48="",0,K48*C48) -> 0
A49: =IF(L49="","",RANK(L49,$L$7:$L$66,0)) | B49: =IF(入力!$B$52="","",入力!$B$52) | C49: =IF(AND(入力!$B$52<>"",ISNUMBER(入力!$C$52),ISNUMBER(入力!$D$52),入力!$C$52>0,入力!$D$52>0),入力!$C$52,"") | D49: =IF(AND(入力!$B$52<>"",ISNUMBER(入力!$C$52),ISNUMBER(入力!$D$52),入力!$C$52>0,入力!$D$52>0),入力!$D$52,"") | E49: =IF(AND(AND(入力!$B$52<>"",ISNUMBER(入力!$C$52),ISNUMBER(入力!$D$52),入力!$C$52>0,入力!$D$52>0),ISNUMBER(入力!$E$52),入力!$E$52>0),入力!$E$52,"") | F49: =IF(C49="","",IF(E49="","",C49/E49)) | G49: =IF(C49="","",D49*60/C49) | H49: =IF(AND(入力!$B$52<>"",ISNUMBER(入力!$C$52),ISNUMBER(入力!$D$52),入力!$C$52>0,入力!$D$52>0),IF(AND(AND(入力!$B$52<>"",ISNUMBER(入力!$C$52),ISNUMBER(入力!$D$52),入力!$C$52>0,入力!$D$52>0),ISNUMBER(入力!$E$52),入力!$E$52>0),設定!$E$6*入力!$E$52/60,0),"") | I49: =IF(AND(入力!$B$52<>"",ISNUMBER(入力!$C$52),ISNUMBER(入力!$D$52),入力!$C$52>0,入力!$D$52>0),H49+設定!$E$7*C49/60,"") | J49: =IF(I49="","",H49/I49) | K49: =IF(I49="","",I49/D49*100) | L49: =IF(K49="","",IF(AND(K49<>"",ISNUMBER(入力!$F$52),入力!$F$52>0),$T$3+(設定!$D$14/(設定!$D$14+設定!$D$15/入力!$F$52))*(K49-$T$3),K49)) | M49: =IF(AND(K49<>"",ISNUMBER(入力!$F$52),入力!$F$52>0),L49-設定!$C$21*SQRT((設定!$D$14/(設定!$D$14+設定!$D$15/入力!$F$52))*設定!$D$15/入力!$F$52),"") | N49: =IF(AND(K49<>"",ISNUMBER(入力!$F$52),入力!$F$52>0),L49+設定!$C$21*SQRT((設定!$D$14/(設定!$D$14+設定!$D$15/入力!$F$52))*設定!$D$15/入力!$F$52),"") | O49: =IF(L49="","",IF(M49="","日数未入力",IF(M49>$T$3,"◎上位",IF(N49<$T$3,"△要支援","○標準")))) | P49: =IF(C49="","",(D49-H49)*60/C49) | Q49: =IF(I49="","",I49/C49) | U49: =IF(K49="",0,K49*C49) -> 0
A50: =IF(L50="","",RANK(L50,$L$7:$L$66,0)) | B50: =IF(入力!$B$53="","",入力!$B$53) | C50: =IF(AND(入力!$B$53<>"",ISNUMBER(入力!$C$53),ISNUMBER(入力!$D$53),入力!$C$53>0,入力!$D$53>0),入力!$C$53,"") | D50: =IF(AND(入力!$B$53<>"",ISNUMBER(入力!$C$53),ISNUMBER(入力!$D$53),入力!$C$53>0,入力!$D$53>0),入力!$D$53,"") | E50: =IF(AND(AND(入力!$B$53<>"",ISNUMBER(入力!$C$53),ISNUMBER(入力!$D$53),入力!$C$53>0,入力!$D$53>0),ISNUMBER(入力!$E$53),入力!$E$53>0),入力!$E$53,"") | F50: =IF(C50="","",IF(E50="","",C50/E50)) | G50: =IF(C50="","",D50*60/C50) | H50: =IF(AND(入力!$B$53<>"",ISNUMBER(入力!$C$53),ISNUMBER(入力!$D$53),入力!$C$53>0,入力!$D$53>0),IF(AND(AND(入力!$B$53<>"",ISNUMBER(入力!$C$53),ISNUMBER(入力!$D$53),入力!$C$53>0,入力!$D$53>0),ISNUMBER(入力!$E$53),入力!$E$53>0),設定!$E$6*入力!$E$53/60,0),"") | I50: =IF(AND(入力!$B$53<>"",ISNUMBER(入力!$C$53),ISNUMBER(入力!$D$53),入力!$C$53>0,入力!$D$53>0),H50+設定!$E$7*C50/60,"") | J50: =IF(I50="","",H50/I50) | K50: =IF(I50="","",I50/D50*100) | L50: =IF(K50="","",IF(AND(K50<>"",ISNUMBER(入力!$F$53),入力!$F$53>0),$T$3+(設定!$D$14/(設定!$D$14+設定!$D$15/入力!$F$53))*(K50-$T$3),K50)) | M50: =IF(AND(K50<>"",ISNUMBER(入力!$F$53),入力!$F$53>0),L50-設定!$C$21*SQRT((設定!$D$14/(設定!$D$14+設定!$D$15/入力!$F$53))*設定!$D$15/入力!$F$53),"") | N50: =IF(AND(K50<>"",ISNUMBER(入力!$F$53),入力!$F$53>0),L50+設定!$C$21*SQRT((設定!$D$14/(設定!$D$14+設定!$D$15/入力!$F$53))*設定!$D$15/入力!$F$53),"") | O50: =IF(L50="","",IF(M50="","日数未入力",IF(M50>$T$3,"◎上位",IF(N50<$T$3,"△要支援","○標準")))) | P50: =IF(C50="","",(D50-H50)*60/C50) | Q50: =IF(I50="","",I50/C50) | U50: =IF(K50="",0,K50*C50) -> 0
A51: =IF(L51="","",RANK(L51,$L$7:$L$66,0)) | B51: =IF(入力!$B$54="","",入力!$B$54) | C51: =IF(AND(入力!$B$54<>"",ISNUMBER(入力!$C$54),ISNUMBER(入力!$D$54),入力!$C$54>0,入力!$D$54>0),入力!$C$54,"") | D51: =IF(AND(入力!$B$54<>"",ISNUMBER(入力!$C$54),ISNUMBER(入力!$D$54),入力!$C$54>0,入力!$D$54>0),入力!$D$54,"") | E51: =IF(AND(AND(入力!$B$54<>"",ISNUMBER(入力!$C$54),ISNUMBER(入力!$D$54),入力!$C$54>0,入力!$D$54>0),ISNUMBER(入力!$E$54),入力!$E$54>0),入力!$E$54,"") | F51: =IF(C51="","",IF(E51="","",C51/E51)) | G51: =IF(C51="","",D51*60/C51) | H51: =IF(AND(入力!$B$54<>"",ISNUMBER(入力!$C$54),ISNUMBER(入力!$D$54),入力!$C$54>0,入力!$D$54>0),IF(AND(AND(入力!$B$54<>"",ISNUMBER(入力!$C$54),ISNUMBER(入力!$D$54),入力!$C$54>0,入力!$D$54>0),ISNUMBER(入力!$E$54),入力!$E$54>0),設定!$E$6*入力!$E$54/60,0),"") | I51: =IF(AND(入力!$B$54<>"",ISNUMBER(入力!$C$54),ISNUMBER(入力!$D$54),入力!$C$54>0,入力!$D$54>0),H51+設定!$E$7*C51/60,"") | J51: =IF(I51="","",H51/I51) | K51: =IF(I51="","",I51/D51*100) | L51: =IF(K51="","",IF(AND(K51<>"",ISNUMBER(入力!$F$54),入力!$F$54>0),$T$3+(設定!$D$14/(設定!$D$14+設定!$D$15/入力!$F$54))*(K51-$T$3),K51)) | M51: =IF(AND(K51<>"",ISNUMBER(入力!$F$54),入力!$F$54>0),L51-設定!$C$21*SQRT((設定!$D$14/(設定!$D$14+設定!$D$15/入力!$F$54))*設定!$D$15/入力!$F$54),"") | N51: =IF(AND(K51<>"",ISNUMBER(入力!$F$54),入力!$F$54>0),L51+設定!$C$21*SQRT((設定!$D$14/(設定!$D$14+設定!$D$15/入力!$F$54))*設定!$D$15/入力!$F$54),"") | O51: =IF(L51="","",IF(M51="","日数未入力",IF(M51>$T$3,"◎上位",IF(N51<$T$3,"△要支援","○標準")))) | P51: =IF(C51="","",(D51-H51)*60/C51) | Q51: =IF(I51="","",I51/C51) | U51: =IF(K51="",0,K51*C51) -> 0
A52: =IF(L52="","",RANK(L52,$L$7:$L$66,0)) | B52: =IF(入力!$B$55="","",入力!$B$55) | C52: =IF(AND(入力!$B$55<>"",ISNUMBER(入力!$C$55),ISNUMBER(入力!$D$55),入力!$C$55>0,入力!$D$55>0),入力!$C$55,"") | D52: =IF(AND(入力!$B$55<>"",ISNUMBER(入力!$C$55),ISNUMBER(入力!$D$55),入力!$C$55>0,入力!$D$55>0),入力!$D$55,"") | E52: =IF(AND(AND(入力!$B$55<>"",ISNUMBER(入力!$C$55),ISNUMBER(入力!$D$55),入力!$C$55>0,入力!$D$55>0),ISNUMBER(入力!$E$55),入力!$E$55>0),入力!$E$55,"") | F52: =IF(C52="","",IF(E52="","",C52/E52)) | G52: =IF(C52="","",D52*60/C52) | H52: =IF(AND(入力!$B$55<>"",ISNUMBER(入力!$C$55),ISNUMBER(入力!$D$55),入力!$C$55>0,入力!$D$55>0),IF(AND(AND(入力!$B$55<>"",ISNUMBER(入力!$C$55),ISNUMBER(入力!$D$55),入力!$C$55>0,入力!$D$55>0),ISNUMBER(入力!$E$55),入力!$E$55>0),設定!$E$6*入力!$E$55/60,0),"") | I52: =IF(AND(入力!$B$55<>"",ISNUMBER(入力!$C$55),ISNUMBER(入力!$D$55),入力!$C$55>0,入力!$D$55>0),H52+設定!$E$7*C52/60,"") | J52: =IF(I52="","",H52/I52) | K52: =IF(I52="","",I52/D52*100) | L52: =IF(K52="","",IF(AND(K52<>"",ISNUMBER(入力!$F$55),入力!$F$55>0),$T$3+(設定!$D$14/(設定!$D$14+設定!$D$15/入力!$F$55))*(K52-$T$3),K52)) | M52: =IF(AND(K52<>"",ISNUMBER(入力!$F$55),入力!$F$55>0),L52-設定!$C$21*SQRT((設定!$D$14/(設定!$D$14+設定!$D$15/入力!$F$55))*設定!$D$15/入力!$F$55),"") | N52: =IF(AND(K52<>"",ISNUMBER(入力!$F$55),入力!$F$55>0),L52+設定!$C$21*SQRT((設定!$D$14/(設定!$D$14+設定!$D$15/入力!$F$55))*設定!$D$15/入力!$F$55),"") | O52: =IF(L52="","",IF(M52="","日数未入力",IF(M52>$T$3,"◎上位",IF(N52<$T$3,"△要支援","○標準")))) | P52: =IF(C52="","",(D52-H52)*60/C52) | Q52: =IF(I52="","",I52/C52) | U52: =IF(K52="",0,K52*C52) -> 0
A53: =IF(L53="","",RANK(L53,$L$7:$L$66,0)) | B53: =IF(入力!$B$56="","",入力!$B$56) | C53: =IF(AND(入力!$B$56<>"",ISNUMBER(入力!$C$56),ISNUMBER(入力!$D$56),入力!$C$56>0,入力!$D$56>0),入力!$C$56,"") | D53: =IF(AND(入力!$B$56<>"",ISNUMBER(入力!$C$56),ISNUMBER(入力!$D$56),入力!$C$56>0,入力!$D$56>0),入力!$D$56,"") | E53: =IF(AND(AND(入力!$B$56<>"",ISNUMBER(入力!$C$56),ISNUMBER(入力!$D$56),入力!$C$56>0,入力!$D$56>0),ISNUMBER(入力!$E$56),入力!$E$56>0),入力!$E$56,"") | F53: =IF(C53="","",IF(E53="","",C53/E53)) | G53: =IF(C53="","",D53*60/C53) | H53: =IF(AND(入力!$B$56<>"",ISNUMBER(入力!$C$56),ISNUMBER(入力!$D$56),入力!$C$56>0,入力!$D$56>0),IF(AND(AND(入力!$B$56<>"",ISNUMBER(入力!$C$56),ISNUMBER(入力!$D$56),入力!$C$56>0,入力!$D$56>0),ISNUMBER(入力!$E$56),入力!$E$56>0),設定!$E$6*入力!$E$56/60,0),"") | I53: =IF(AND(入力!$B$56<>"",ISNUMBER(入力!$C$56),ISNUMBER(入力!$D$56),入力!$C$56>0,入力!$D$56>0),H53+設定!$E$7*C53/60,"") | J53: =IF(I53="","",H53/I53) | K53: =IF(I53="","",I53/D53*100) | L53: =IF(K53="","",IF(AND(K53<>"",ISNUMBER(入力!$F$56),入力!$F$56>0),$T$3+(設定!$D$14/(設定!$D$14+設定!$D$15/入力!$F$56))*(K53-$T$3),K53)) | M53: =IF(AND(K53<>"",ISNUMBER(入力!$F$56),入力!$F$56>0),L53-設定!$C$21*SQRT((設定!$D$14/(設定!$D$14+設定!$D$15/入力!$F$56))*設定!$D$15/入力!$F$56),"") | N53: =IF(AND(K53<>"",ISNUMBER(入力!$F$56),入力!$F$56>0),L53+設定!$C$21*SQRT((設定!$D$14/(設定!$D$14+設定!$D$15/入力!$F$56))*設定!$D$15/入力!$F$56),"") | O53: =IF(L53="","",IF(M53="","日数未入力",IF(M53>$T$3,"◎上位",IF(N53<$T$3,"△要支援","○標準")))) | P53: =IF(C53="","",(D53-H53)*60/C53) | Q53: =IF(I53="","",I53/C53) | U53: =IF(K53="",0,K53*C53) -> 0
A54: =IF(L54="","",RANK(L54,$L$7:$L$66,0)) | B54: =IF(入力!$B$57="","",入力!$B$57) | C54: =IF(AND(入力!$B$57<>"",ISNUMBER(入力!$C$57),ISNUMBER(入力!$D$57),入力!$C$57>0,入力!$D$57>0),入力!$C$57,"") | D54: =IF(AND(入力!$B$57<>"",ISNUMBER(入力!$C$57),ISNUMBER(入力!$D$57),入力!$C$57>0,入力!$D$57>0),入力!$D$57,"") | E54: =IF(AND(AND(入力!$B$57<>"",ISNUMBER(入力!$C$57),ISNUMBER(入力!$D$57),入力!$C$57>0,入力!$D$57>0),ISNUMBER(入力!$E$57),入力!$E$57>0),入力!$E$57,"") | F54: =IF(C54="","",IF(E54="","",C54/E54)) | G54: =IF(C54="","",D54*60/C54) | H54: =IF(AND(入力!$B$57<>"",ISNUMBER(入力!$C$57),ISNUMBER(入力!$D$57),入力!$C$57>0,入力!$D$57>0),IF(AND(AND(入力!$B$57<>"",ISNUMBER(入力!$C$57),ISNUMBER(入力!$D$57),入力!$C$57>0,入力!$D$57>0),ISNUMBER(入力!$E$57),入力!$E$57>0),設定!$E$6*入力!$E$57/60,0),"") | I54: =IF(AND(入力!$B$57<>"",ISNUMBER(入力!$C$57),ISNUMBER(入力!$D$57),入力!$C$57>0,入力!$D$57>0),H54+設定!$E$7*C54/60,"") | J54: =IF(I54="","",H54/I54) | K54: =IF(I54="","",I54/D54*100) | L54: =IF(K54="","",IF(AND(K54<>"",ISNUMBER(入力!$F$57),入力!$F$57>0),$T$3+(設定!$D$14/(設定!$D$14+設定!$D$15/入力!$F$57))*(K54-$T$3),K54)) | M54: =IF(AND(K54<>"",ISNUMBER(入力!$F$57),入力!$F$57>0),L54-設定!$C$21*SQRT((設定!$D$14/(設定!$D$14+設定!$D$15/入力!$F$57))*設定!$D$15/入力!$F$57),"") | N54: =IF(AND(K54<>"",ISNUMBER(入力!$F$57),入力!$F$57>0),L54+設定!$C$21*SQRT((設定!$D$14/(設定!$D$14+設定!$D$15/入力!$F$57))*設定!$D$15/入力!$F$57),"") | O54: =IF(L54="","",IF(M54="","日数未入力",IF(M54>$T$3,"◎上位",IF(N54<$T$3,"△要支援","○標準")))) | P54: =IF(C54="","",(D54-H54)*60/C54) | Q54: =IF(I54="","",I54/C54) | U54: =IF(K54="",0,K54*C54) -> 0
A55: =IF(L55="","",RANK(L55,$L$7:$L$66,0)) | B55: =IF(入力!$B$58="","",入力!$B$58) | C55: =IF(AND(入力!$B$58<>"",ISNUMBER(入力!$C$58),ISNUMBER(入力!$D$58),入力!$C$58>0,入力!$D$58>0),入力!$C$58,"") | D55: =IF(AND(入力!$B$58<>"",ISNUMBER(入力!$C$58),ISNUMBER(入力!$D$58),入力!$C$58>0,入力!$D$58>0),入力!$D$58,"") | E55: =IF(AND(AND(入力!$B$58<>"",ISNUMBER(入力!$C$58),ISNUMBER(入力!$D$58),入力!$C$58>0,入力!$D$58>0),ISNUMBER(入力!$E$58),入力!$E$58>0),入力!$E$58,"") | F55: =IF(C55="","",IF(E55="","",C55/E55)) | G55: =IF(C55="","",D55*60/C55) | H55: =IF(AND(入力!$B$58<>"",ISNUMBER(入力!$C$58),ISNUMBER(入力!$D$58),入力!$C$58>0,入力!$D$58>0),IF(AND(AND(入力!$B$58<>"",ISNUMBER(入力!$C$58),ISNUMBER(入力!$D$58),入力!$C$58>0,入力!$D$58>0),ISNUMBER(入力!$E$58),入力!$E$58>0),設定!$E$6*入力!$E$58/60,0),"") | I55: =IF(AND(入力!$B$58<>"",ISNUMBER(入力!$C$58),ISNUMBER(入力!$D$58),入力!$C$58>0,入力!$D$58>0),H55+設定!$E$7*C55/60,"") | J55: =IF(I55="","",H55/I55) | K55: =IF(I55="","",I55/D55*100) | L55: =IF(K55="","",IF(AND(K55<>"",ISNUMBER(入力!$F$58),入力!$F$58>0),$T$3+(設定!$D$14/(設定!$D$14+設定!$D$15/入力!$F$58))*(K55-$T$3),K55)) | M55: =IF(AND(K55<>"",ISNUMBER(入力!$F$58),入力!$F$58>0),L55-設定!$C$21*SQRT((設定!$D$14/(設定!$D$14+設定!$D$15/入力!$F$58))*設定!$D$15/入力!$F$58),"") | N55: =IF(AND(K55<>"",ISNUMBER(入力!$F$58),入力!$F$58>0),L55+設定!$C$21*SQRT((設定!$D$14/(設定!$D$14+設定!$D$15/入力!$F$58))*設定!$D$15/入力!$F$58),"") | O55: =IF(L55="","",IF(M55="","日数未入力",IF(M55>$T$3,"◎上位",IF(N55<$T$3,"△要支援","○標準")))) | P55: =IF(C55="","",(D55-H55)*60/C55) | Q55: =IF(I55="","",I55/C55) | U55: =IF(K55="",0,K55*C55) -> 0
A56: =IF(L56="","",RANK(L56,$L$7:$L$66,0)) | B56: =IF(入力!$B$59="","",入力!$B$59) | C56: =IF(AND(入力!$B$59<>"",ISNUMBER(入力!$C$59),ISNUMBER(入力!$D$59),入力!$C$59>0,入力!$D$59>0),入力!$C$59,"") | D56: =IF(AND(入力!$B$59<>"",ISNUMBER(入力!$C$59),ISNUMBER(入力!$D$59),入力!$C$59>0,入力!$D$59>0),入力!$D$59,"") | E56: =IF(AND(AND(入力!$B$59<>"",ISNUMBER(入力!$C$59),ISNUMBER(入力!$D$59),入力!$C$59>0,入力!$D$59>0),ISNUMBER(入力!$E$59),入力!$E$59>0),入力!$E$59,"") | F56: =IF(C56="","",IF(E56="","",C56/E56)) | G56: =IF(C56="","",D56*60/C56) | H56: =IF(AND(入力!$B$59<>"",ISNUMBER(入力!$C$59),ISNUMBER(入力!$D$59),入力!$C$59>0,入力!$D$59>0),IF(AND(AND(入力!$B$59<>"",ISNUMBER(入力!$C$59),ISNUMBER(入力!$D$59),入力!$C$59>0,入力!$D$59>0),ISNUMBER(入力!$E$59),入力!$E$59>0),設定!$E$6*入力!$E$59/60,0),"") | I56: =IF(AND(入力!$B$59<>"",ISNUMBER(入力!$C$59),ISNUMBER(入力!$D$59),入力!$C$59>0,入力!$D$59>0),H56+設定!$E$7*C56/60,"") | J56: =IF(I56="","",H56/I56) | K56: =IF(I56="","",I56/D56*100) | L56: =IF(K56="","",IF(AND(K56<>"",ISNUMBER(入力!$F$59),入力!$F$59>0),$T$3+(設定!$D$14/(設定!$D$14+設定!$D$15/入力!$F$59))*(K56-$T$3),K56)) | M56: =IF(AND(K56<>"",ISNUMBER(入力!$F$59),入力!$F$59>0),L56-設定!$C$21*SQRT((設定!$D$14/(設定!$D$14+設定!$D$15/入力!$F$59))*設定!$D$15/入力!$F$59),"") | N56: =IF(AND(K56<>"",ISNUMBER(入力!$F$59),入力!$F$59>0),L56+設定!$C$21*SQRT((設定!$D$14/(設定!$D$14+設定!$D$15/入力!$F$59))*設定!$D$15/入力!$F$59),"") | O56: =IF(L56="","",IF(M56="","日数未入力",IF(M56>$T$3,"◎上位",IF(N56<$T$3,"△要支援","○標準")))) | P56: =IF(C56="","",(D56-H56)*60/C56) | Q56: =IF(I56="","",I56/C56) | U56: =IF(K56="",0,K56*C56) -> 0
A57: =IF(L57="","",RANK(L57,$L$7:$L$66,0)) | B57: =IF(入力!$B$60="","",入力!$B$60) | C57: =IF(AND(入力!$B$60<>"",ISNUMBER(入力!$C$60),ISNUMBER(入力!$D$60),入力!$C$60>0,入力!$D$60>0),入力!$C$60,"") | D57: =IF(AND(入力!$B$60<>"",ISNUMBER(入力!$C$60),ISNUMBER(入力!$D$60),入力!$C$60>0,入力!$D$60>0),入力!$D$60,"") | E57: =IF(AND(AND(入力!$B$60<>"",ISNUMBER(入力!$C$60),ISNUMBER(入力!$D$60),入力!$C$60>0,入力!$D$60>0),ISNUMBER(入力!$E$60),入力!$E$60>0),入力!$E$60,"") | F57: =IF(C57="","",IF(E57="","",C57/E57)) | G57: =IF(C57="","",D57*60/C57) | H57: =IF(AND(入力!$B$60<>"",ISNUMBER(入力!$C$60),ISNUMBER(入力!$D$60),入力!$C$60>0,入力!$D$60>0),IF(AND(AND(入力!$B$60<>"",ISNUMBER(入力!$C$60),ISNUMBER(入力!$D$60),入力!$C$60>0,入力!$D$60>0),ISNUMBER(入力!$E$60),入力!$E$60>0),設定!$E$6*入力!$E$60/60,0),"") | I57: =IF(AND(入力!$B$60<>"",ISNUMBER(入力!$C$60),ISNUMBER(入力!$D$60),入力!$C$60>0,入力!$D$60>0),H57+設定!$E$7*C57/60,"") | J57: =IF(I57="","",H57/I57) | K57: =IF(I57="","",I57/D57*100) | L57: =IF(K57="","",IF(AND(K57<>"",ISNUMBER(入力!$F$60),入力!$F$60>0),$T$3+(設定!$D$14/(設定!$D$14+設定!$D$15/入力!$F$60))*(K57-$T$3),K57)) | M57: =IF(AND(K57<>"",ISNUMBER(入力!$F$60),入力!$F$60>0),L57-設定!$C$21*SQRT((設定!$D$14/(設定!$D$14+設定!$D$15/入力!$F$60))*設定!$D$15/入力!$F$60),"") | N57: =IF(AND(K57<>"",ISNUMBER(入力!$F$60),入力!$F$60>0),L57+設定!$C$21*SQRT((設定!$D$14/(設定!$D$14+設定!$D$15/入力!$F$60))*設定!$D$15/入力!$F$60),"") | O57: =IF(L57="","",IF(M57="","日数未入力",IF(M57>$T$3,"◎上位",IF(N57<$T$3,"△要支援","○標準")))) | P57: =IF(C57="","",(D57-H57)*60/C57) | Q57: =IF(I57="","",I57/C57) | U57: =IF(K57="",0,K57*C57) -> 0
A58: =IF(L58="","",RANK(L58,$L$7:$L$66,0)) | B58: =IF(入力!$B$61="","",入力!$B$61) | C58: =IF(AND(入力!$B$61<>"",ISNUMBER(入力!$C$61),ISNUMBER(入力!$D$61),入力!$C$61>0,入力!$D$61>0),入力!$C$61,"") | D58: =IF(AND(入力!$B$61<>"",ISNUMBER(入力!$C$61),ISNUMBER(入力!$D$61),入力!$C$61>0,入力!$D$61>0),入力!$D$61,"") | E58: =IF(AND(AND(入力!$B$61<>"",ISNUMBER(入力!$C$61),ISNUMBER(入力!$D$61),入力!$C$61>0,入力!$D$61>0),ISNUMBER(入力!$E$61),入力!$E$61>0),入力!$E$61,"") | F58: =IF(C58="","",IF(E58="","",C58/E58)) | G58: =IF(C58="","",D58*60/C58) | H58: =IF(AND(入力!$B$61<>"",ISNUMBER(入力!$C$61),ISNUMBER(入力!$D$61),入力!$C$61>0,入力!$D$61>0),IF(AND(AND(入力!$B$61<>"",ISNUMBER(入力!$C$61),ISNUMBER(入力!$D$61),入力!$C$61>0,入力!$D$61>0),ISNUMBER(入力!$E$61),入力!$E$61>0),設定!$E$6*入力!$E$61/60,0),"") | I58: =IF(AND(入力!$B$61<>"",ISNUMBER(入力!$C$61),ISNUMBER(入力!$D$61),入力!$C$61>0,入力!$D$61>0),H58+設定!$E$7*C58/60,"") | J58: =IF(I58="","",H58/I58) | K58: =IF(I58="","",I58/D58*100) | L58: =IF(K58="","",IF(AND(K58<>"",ISNUMBER(入力!$F$61),入力!$F$61>0),$T$3+(設定!$D$14/(設定!$D$14+設定!$D$15/入力!$F$61))*(K58-$T$3),K58)) | M58: =IF(AND(K58<>"",ISNUMBER(入力!$F$61),入力!$F$61>0),L58-設定!$C$21*SQRT((設定!$D$14/(設定!$D$14+設定!$D$15/入力!$F$61))*設定!$D$15/入力!$F$61),"") | N58: =IF(AND(K58<>"",ISNUMBER(入力!$F$61),入力!$F$61>0),L58+設定!$C$21*SQRT((設定!$D$14/(設定!$D$14+設定!$D$15/入力!$F$61))*設定!$D$15/入力!$F$61),"") | O58: =IF(L58="","",IF(M58="","日数未入力",IF(M58>$T$3,"◎上位",IF(N58<$T$3,"△要支援","○標準")))) | P58: =IF(C58="","",(D58-H58)*60/C58) | Q58: =IF(I58="","",I58/C58) | U58: =IF(K58="",0,K58*C58) -> 0
A59: =IF(L59="","",RANK(L59,$L$7:$L$66,0)) | B59: =IF(入力!$B$62="","",入力!$B$62) | C59: =IF(AND(入力!$B$62<>"",ISNUMBER(入力!$C$62),ISNUMBER(入力!$D$62),入力!$C$62>0,入力!$D$62>0),入力!$C$62,"") | D59: =IF(AND(入力!$B$62<>"",ISNUMBER(入力!$C$62),ISNUMBER(入力!$D$62),入力!$C$62>0,入力!$D$62>0),入力!$D$62,"") | E59: =IF(AND(AND(入力!$B$62<>"",ISNUMBER(入力!$C$62),ISNUMBER(入力!$D$62),入力!$C$62>0,入力!$D$62>0),ISNUMBER(入力!$E$62),入力!$E$62>0),入力!$E$62,"") | F59: =IF(C59="","",IF(E59="","",C59/E59)) | G59: =IF(C59="","",D59*60/C59) | H59: =IF(AND(入力!$B$62<>"",ISNUMBER(入力!$C$62),ISNUMBER(入力!$D$62),入力!$C$62>0,入力!$D$62>0),IF(AND(AND(入力!$B$62<>"",ISNUMBER(入力!$C$62),ISNUMBER(入力!$D$62),入力!$C$62>0,入力!$D$62>0),ISNUMBER(入力!$E$62),入力!$E$62>0),設定!$E$6*入力!$E$62/60,0),"") | I59: =IF(AND(入力!$B$62<>"",ISNUMBER(入力!$C$62),ISNUMBER(入力!$D$62),入力!$C$62>0,入力!$D$62>0),H59+設定!$E$7*C59/60,"") | J59: =IF(I59="","",H59/I59) | K59: =IF(I59="","",I59/D59*100) | L59: =IF(K59="","",IF(AND(K59<>"",ISNUMBER(入力!$F$62),入力!$F$62>0),$T$3+(設定!$D$14/(設定!$D$14+設定!$D$15/入力!$F$62))*(K59-$T$3),K59)) | M59: =IF(AND(K59<>"",ISNUMBER(入力!$F$62),入力!$F$62>0),L59-設定!$C$21*SQRT((設定!$D$14/(設定!$D$14+設定!$D$15/入力!$F$62))*設定!$D$15/入力!$F$62),"") | N59: =IF(AND(K59<>"",ISNUMBER(入力!$F$62),入力!$F$62>0),L59+設定!$C$21*SQRT((設定!$D$14/(設定!$D$14+設定!$D$15/入力!$F$62))*設定!$D$15/入力!$F$62),"") | O59: =IF(L59="","",IF(M59="","日数未入力",IF(M59>$T$3,"◎上位",IF(N59<$T$3,"△要支援","○標準")))) | P59: =IF(C59="","",(D59-H59)*60/C59) | Q59: =IF(I59="","",I59/C59) | U59: =IF(K59="",0,K59*C59) -> 0
A60: =IF(L60="","",RANK(L60,$L$7:$L$66,0)) | B60: =IF(入力!$B$63="","",入力!$B$63) | C60: =IF(AND(入力!$B$63<>"",ISNUMBER(入力!$C$63),ISNUMBER(入力!$D$63),入力!$C$63>0,入力!$D$63>0),入力!$C$63,"") | D60: =IF(AND(入力!$B$63<>"",ISNUMBER(入力!$C$63),ISNUMBER(入力!$D$63),入力!$C$63>0,入力!$D$63>0),入力!$D$63,"") | E60: =IF(AND(AND(入力!$B$63<>"",ISNUMBER(入力!$C$63),ISNUMBER(入力!$D$63),入力!$C$63>0,入力!$D$63>0),ISNUMBER(入力!$E$63),入力!$E$63>0),入力!$E$63,"") | F60: =IF(C60="","",IF(E60="","",C60/E60)) | G60: =IF(C60="","",D60*60/C60) | H60: =IF(AND(入力!$B$63<>"",ISNUMBER(入力!$C$63),ISNUMBER(入力!$D$63),入力!$C$63>0,入力!$D$63>0),IF(AND(AND(入力!$B$63<>"",ISNUMBER(入力!$C$63),ISNUMBER(入力!$D$63),入力!$C$63>0,入力!$D$63>0),ISNUMBER(入力!$E$63),入力!$E$63>0),設定!$E$6*入力!$E$63/60,0),"") | I60: =IF(AND(入力!$B$63<>"",ISNUMBER(入力!$C$63),ISNUMBER(入力!$D$63),入力!$C$63>0,入力!$D$63>0),H60+設定!$E$7*C60/60,"") | J60: =IF(I60="","",H60/I60) | K60: =IF(I60="","",I60/D60*100) | L60: =IF(K60="","",IF(AND(K60<>"",ISNUMBER(入力!$F$63),入力!$F$63>0),$T$3+(設定!$D$14/(設定!$D$14+設定!$D$15/入力!$F$63))*(K60-$T$3),K60)) | M60: =IF(AND(K60<>"",ISNUMBER(入力!$F$63),入力!$F$63>0),L60-設定!$C$21*SQRT((設定!$D$14/(設定!$D$14+設定!$D$15/入力!$F$63))*設定!$D$15/入力!$F$63),"") | N60: =IF(AND(K60<>"",ISNUMBER(入力!$F$63),入力!$F$63>0),L60+設定!$C$21*SQRT((設定!$D$14/(設定!$D$14+設定!$D$15/入力!$F$63))*設定!$D$15/入力!$F$63),"") | O60: =IF(L60="","",IF(M60="","日数未入力",IF(M60>$T$3,"◎上位",IF(N60<$T$3,"△要支援","○標準")))) | P60: =IF(C60="","",(D60-H60)*60/C60) | Q60: =IF(I60="","",I60/C60) | U60: =IF(K60="",0,K60*C60) -> 0
A61: =IF(L61="","",RANK(L61,$L$7:$L$66,0)) | B61: =IF(入力!$B$64="","",入力!$B$64) | C61: =IF(AND(入力!$B$64<>"",ISNUMBER(入力!$C$64),ISNUMBER(入力!$D$64),入力!$C$64>0,入力!$D$64>0),入力!$C$64,"") | D61: =IF(AND(入力!$B$64<>"",ISNUMBER(入力!$C$64),ISNUMBER(入力!$D$64),入力!$C$64>0,入力!$D$64>0),入力!$D$64,"") | E61: =IF(AND(AND(入力!$B$64<>"",ISNUMBER(入力!$C$64),ISNUMBER(入力!$D$64),入力!$C$64>0,入力!$D$64>0),ISNUMBER(入力!$E$64),入力!$E$64>0),入力!$E$64,"") | F61: =IF(C61="","",IF(E61="","",C61/E61)) | G61: =IF(C61="","",D61*60/C61) | H61: =IF(AND(入力!$B$64<>"",ISNUMBER(入力!$C$64),ISNUMBER(入力!$D$64),入力!$C$64>0,入力!$D$64>0),IF(AND(AND(入力!$B$64<>"",ISNUMBER(入力!$C$64),ISNUMBER(入力!$D$64),入力!$C$64>0,入力!$D$64>0),ISNUMBER(入力!$E$64),入力!$E$64>0),設定!$E$6*入力!$E$64/60,0),"") | I61: =IF(AND(入力!$B$64<>"",ISNUMBER(入力!$C$64),ISNUMBER(入力!$D$64),入力!$C$64>0,入力!$D$64>0),H61+設定!$E$7*C61/60,"") | J61: =IF(I61="","",H61/I61) | K61: =IF(I61="","",I61/D61*100) | L61: =IF(K61="","",IF(AND(K61<>"",ISNUMBER(入力!$F$64),入力!$F$64>0),$T$3+(設定!$D$14/(設定!$D$14+設定!$D$15/入力!$F$64))*(K61-$T$3),K61)) | M61: =IF(AND(K61<>"",ISNUMBER(入力!$F$64),入力!$F$64>0),L61-設定!$C$21*SQRT((設定!$D$14/(設定!$D$14+設定!$D$15/入力!$F$64))*設定!$D$15/入力!$F$64),"") | N61: =IF(AND(K61<>"",ISNUMBER(入力!$F$64),入力!$F$64>0),L61+設定!$C$21*SQRT((設定!$D$14/(設定!$D$14+設定!$D$15/入力!$F$64))*設定!$D$15/入力!$F$64),"") | O61: =IF(L61="","",IF(M61="","日数未入力",IF(M61>$T$3,"◎上位",IF(N61<$T$3,"△要支援","○標準")))) | P61: =IF(C61="","",(D61-H61)*60/C61) | Q61: =IF(I61="","",I61/C61) | U61: =IF(K61="",0,K61*C61) -> 0
A62: =IF(L62="","",RANK(L62,$L$7:$L$66,0)) | B62: =IF(入力!$B$65="","",入力!$B$65) | C62: =IF(AND(入力!$B$65<>"",ISNUMBER(入力!$C$65),ISNUMBER(入力!$D$65),入力!$C$65>0,入力!$D$65>0),入力!$C$65,"") | D62: =IF(AND(入力!$B$65<>"",ISNUMBER(入力!$C$65),ISNUMBER(入力!$D$65),入力!$C$65>0,入力!$D$65>0),入力!$D$65,"") | E62: =IF(AND(AND(入力!$B$65<>"",ISNUMBER(入力!$C$65),ISNUMBER(入力!$D$65),入力!$C$65>0,入力!$D$65>0),ISNUMBER(入力!$E$65),入力!$E$65>0),入力!$E$65,"") | F62: =IF(C62="","",IF(E62="","",C62/E62)) | G62: =IF(C62="","",D62*60/C62) | H62: =IF(AND(入力!$B$65<>"",ISNUMBER(入力!$C$65),ISNUMBER(入力!$D$65),入力!$C$65>0,入力!$D$65>0),IF(AND(AND(入力!$B$65<>"",ISNUMBER(入力!$C$65),ISNUMBER(入力!$D$65),入力!$C$65>0,入力!$D$65>0),ISNUMBER(入力!$E$65),入力!$E$65>0),設定!$E$6*入力!$E$65/60,0),"") | I62: =IF(AND(入力!$B$65<>"",ISNUMBER(入力!$C$65),ISNUMBER(入力!$D$65),入力!$C$65>0,入力!$D$65>0),H62+設定!$E$7*C62/60,"") | J62: =IF(I62="","",H62/I62) | K62: =IF(I62="","",I62/D62*100) | L62: =IF(K62="","",IF(AND(K62<>"",ISNUMBER(入力!$F$65),入力!$F$65>0),$T$3+(設定!$D$14/(設定!$D$14+設定!$D$15/入力!$F$65))*(K62-$T$3),K62)) | M62: =IF(AND(K62<>"",ISNUMBER(入力!$F$65),入力!$F$65>0),L62-設定!$C$21*SQRT((設定!$D$14/(設定!$D$14+設定!$D$15/入力!$F$65))*設定!$D$15/入力!$F$65),"") | N62: =IF(AND(K62<>"",ISNUMBER(入力!$F$65),入力!$F$65>0),L62+設定!$C$21*SQRT((設定!$D$14/(設定!$D$14+設定!$D$15/入力!$F$65))*設定!$D$15/入力!$F$65),"") | O62: =IF(L62="","",IF(M62="","日数未入力",IF(M62>$T$3,"◎上位",IF(N62<$T$3,"△要支援","○標準")))) | P62: =IF(C62="","",(D62-H62)*60/C62) | Q62: =IF(I62="","",I62/C62) | U62: =IF(K62="",0,K62*C62) -> 0
