Workbook
Name dispNames: OFFSET(集計用!$A$2,0,0,MAX(COUNT(集計用!$Z$2:$Z$51),1),1)
Name packTgt: OFFSET(集計用!$AD$2,0,0,MAX(COUNT(集計用!$Z$2:$Z$51),1),1)
Name packVals: OFFSET(集計用!$C$2,0,0,MAX(COUNT(集計用!$Z$2:$Z$51),1),1)
Name pickTgt: OFFSET(集計用!$AC$2,0,0,MAX(COUNT(集計用!$Z$2:$Z$51),1),1)
Name pickVals: OFFSET(集計用!$B$2,0,0,MAX(COUNT(集計用!$Z$2:$Z$51),1),1)
Name rateNames: OFFSET(集計用!$Q$2,0,0,MAX(COUNT(集計用!$AB$2:$AB$51),1),1)
Name rateVals: OFFSET(集計用!$R$2,0,0,MAX(COUNT(集計用!$AB$2:$AB$51),1),1)

Sheet ダッシュボード
B1: 個人別 作業達成度と改善分析（Excelテンプレート）
B2: ="目標：ピッキング"&TEXT(入力!$B$5,"0.0")&"分 / 梱包"&TEXT(入力!$C$5,"0.0")&"分 / 合計"&TEXT(入力!$D$5,"0.0")&"分/個" -> 目標：ピッキング1.6分 / 梱包1.6分 / 合計3.2分/個
B3: 入力シートへ移動 | Q3: ="達成率 ＝ "&TEXT(入力!$D$5,"0.0")&" ÷ 実績合計 × 100"&CHAR(10)&"（実績合計＝ピッキング＋梱包）" -> 達成率 ＝ 3.2 ÷ 実績合計 × 100 （実績合計＝ピッキング＋梱包）
B4: ※このシートが最初に表示されます。入力は「入力」シートの黄色セルへ。
B5: 達成率 | D5: 目標達成人数 | F5: 要改善人数 | H5: 平均ピック | J5: 平均梱包 | L5: 平均合計
B6: =IFERROR(入力!$D$5/AVERAGE(入力!E9:E58),"") -> 1.0537262 | D6: =COUNTIF(入力!F9:F58,">=1") -> 12 | F6: =COUNTIF(入力!I9:I58,">0") -> 7 | H6: =IFERROR(AVERAGE(入力!C9:C58),"") -> 1.552 | J6: =IFERROR(AVERAGE(入力!D9:D58),"") -> 1.5368421 | L6: =IFERROR(AVERAGE(入力!E9:E58),"") -> 3.0368421
B9: ① 個人別 総合達成率
B10: 入力した全員（最大50人）を表示。達成率が高いほど良い。
B50: ② ピッキング・梱包 内訳比較（縦棒）
B51: 入力した全員を縦棒グラフで表示。50人でも崩れにくいよう、名前は縦向き表示。
B92: ③ 改善優先度マトリクス
B93: 入力した全員の名前を直接表示。ラベル位置を分散して重なりを軽減。
B140: ④ 改善優先順位
B141: 入力した全員を優先度順に一覧表示。
B143: 順位 | C143: 担当者 | E143: 合計実績 （分/個） | G143: 目標との差 （分） | I143: コメント
B145: 1 | C145: =集計用!I2 -> 菊池 敬 | E145: =集計用!L2 -> 4.2 | G145: =集計用!M2 -> 1 | I145: =集計用!O2 -> 両工程を見直し
B146: 2 | C146: =集計用!I3 -> 森田 美加 | E146: =集計用!L3 -> 4.2 | G146: =集計用!M3 -> 1 | I146: =集計用!O3 -> 梱包手順を改善
B147: 3 | C147: =集計用!I4 -> 木村 千鶴 | E147: =集計用!L4 -> 3.9 | G147: =集計用!M4 -> 0.7 | I147: =集計用!O4 -> 両工程を見直し
B148: 4 | C148: =集計用!I5 -> 片岡 達也 | E148: =集計用!L5 -> 3.7 | G148: =集計用!M5 -> 0.5 | I148: =集計用!O5 -> ピック導線を改善
B149: 5 | C149: =集計用!I6 -> 廣瀬 こずえ | E149: =集計用!L6 -> 2 | G149: =集計用!M6 -> 0.4 | I149: =集計用!O6 -> ピッキング改善（梱包未入力）
B150: 6 | C150: =集計用!I7 -> 高橋 正美 | E150: =集計用!L7 -> 1.9 | G150: =集計用!M7 -> 0.3 | I150: =集計用!O7 -> ピッキング改善（梱包未入力）
B151: 7 | C151: =集計用!I8 -> 高橋 佐織 | E151: =集計用!L8 -> 3.5 | G151: =集計用!M8 -> 0.3 | I151: =集計用!O8 -> 両工程を見直し
B152: 8 | C152: =集計用!I9 -> 秋草 文恵 | E152: =集計用!L9 -> 1.8 | G152: =集計用!M9 -> 0.2 | I152: =集計用!O9 -> ピッキング改善（梱包未入力）
B153: 9 | C153: =集計用!I10 -> 上村 和恵 | E153: =集計用!L10 -> 1.8 | G153: =集計用!M10 -> 0.2 | I153: =集計用!O10 -> ピッキング改善（梱包未入力）
B154: 10 | C154: =集計用!I11 -> 後藤 克行 | E154: =集計用!L11 -> 3.4 | G154: =集計用!M11 -> 0.2 | I154: =集計用!O11 -> 梱包手順を改善
B155: 11 | C155: =集計用!I12 -> 中納 沙織 | E155: =集計用!L12 -> 3.4 | G155: =集計用!M12 -> 0.2 | I155: =集計用!O12 -> 梱包手順を改善
B156: 12 | C156: =集計用!I13 -> 飯田 由加里 | E156: =集計用!L13 -> 3.2 | G156: =集計用!M13 -> 0 | I156: =集計用!O13 -> 目標達成
... B194: 50 | C194: =集計用!I51 | E194: =集計用!L51 | G194: =集計用!M51 | I194: =集計用!O51
B198: 読み取り方
B199: ① まず「総合達成率」で全員の達成度を確認 | F199: ② 縦棒グラフでピック・梱包のどちらが遅いかを確認 | J199: ③ マトリクスで全員の位置関係と改善方向を確認 | N199: ④ 最後に改善優先順位で、どの担当者から改善するかを決める
B204: ="※目標値：ピッキング"&TEXT(入力!$B$5,"0.0")&"分/個、梱包"&TEXT(入力!$C$5,"0.0")&"分/個、合計"&TEXT(入力!$D$5,"0.0")&"分/個 ／ 達成率＝"&TEXT(入力!$D$5,"0.0")&" ÷ 実績合計 × 100" -> ※目標値：ピッキング1.6分/個、梱包1.6分/個、合計3.2分/個 ／ 達成率＝3.2 ÷ 実績合計 × 100

Sheet 入力
A1: 個人別 作業実績入力シート
A3: 目標値（分/個） | F3: 黄色セルだけ入力してください。 B列=担当者名、C列=ピッキング実績、D列=梱包実績を入力すると、 ダッシュボードには入力した全員（最大50人）が反映されます。
A4: 単位 | B4: ピッキング目標 | C4: 梱包目標 | D4: 合計目標
A5: 分/個 | B5: 1.6 | C5: 1.6 | D5: =B5+C5 -> 3.2
F6: ダッシュボードへ戻る
A8: No | B8: 担当者 | C8: ピッキング実績 （分/個） | D8: 梱包実績 （分/個） | E8: 合計実績 （分/個） | F8: 達成率 | G8: ピック差 （分） | H8: 梱包差 （分） | I8: 目標との差 （分） | J8: 改善分類 | K8: コメント | L8: 優先キー | M8: 達成率キー | N8: 表示順キー | O8: ピッキング件数 | P8: 梱包件数
A9: 1 | B9: 佐藤 辰成 | C9: 1 | D9: 0.5 | E9: =IF(OR(B9="",NOT(ISNUMBER(C9)),NOT(ISNUMBER(D9))),"",C9+D9) -> 1.5 | F9: =IF(OR(E9="",E9=0),"",$D$5/E9) -> 2.1333333 | G9: =IF(OR(B9="",NOT(ISNUMBER(C9))),"",C9-$B$5) -> -0.6 | H9: =IF(OR(B9="",NOT(ISNUMBER(D9))),"",D9-$C$5) -> -1.1 | I9: =IF(OR(E9="",E9=0),"",E9-$D$5) -> -1.7 | J9: =IF(OR(E9="",E9=0),"",IF(AND(G9>0,H9>0),"要改善（両方遅い）",IF(G9>0,"ピッキング改善",IF(H9>0,"梱包改善","良好")))) -> 良好 | K9: =IF(OR(E9="",E9=0),"",IF(AND(G9>0,H9>0),IF(I9>=0.2,"両工程を見直し","両工程を微改善"),IF(AND(I9>0,G9>0),"ピック導線を改善",IF(AND(I9>0,H9>0),"梱包手順を改善",IF(AND(G9<0,H9<0),"良好","目標達成"))))) -> 良好 | L9: =IF(AND(ISNUMBER(C9),ISNUMBER(D9)),IF(OR(E9="",E9=0),-1E+99,I9+ROW()/100000),IF(B9="",-1E+99,IF(ISNUMBER(C9),G9+ROW()/100000,IF(ISNUMBER(D9),H9+ROW()/100000,-1E+99)))) -> -1.69991 | M9: =IF(OR(E9="",E9=0),-1E+99,F9-ROW()/100000) -> 2.1332433 | N9: =IF(B9="","",COUNTA($B$9:B9)) -> 1 | O9: 732 | P9: 505
A10: 2 | B10: 河野 忠 | C10: 1.2 | D10: 1 | E10: =IF(OR(B10="",NOT(ISNUMBER(C10)),NOT(ISNUMBER(D10))),"",C10+D10) -> 2.2 | F10: =IF(OR(E10="",E10=0),"",$D$5/E10) -> 1.4545455 | G10: =IF(OR(B10="",NOT(ISNUMBER(C10))),"",C10-$B$5) -> -0.4 | H10: =IF(OR(B10="",NOT(ISNUMBER(D10))),"",D10-$C$5) -> -0.6 | I10: =IF(OR(E10="",E10=0),"",E10-$D$5) -> -1 | J10: =IF(OR(E10="",E10=0),"",IF(AND(G10>0,H10>0),"要改善（両方遅い）",IF(G10>0,"ピッキング改善",IF(H10>0,"梱包改善","良好")))) -> 良好 | K10: =IF(OR(E10="",E10=0),"",IF(AND(G10>0,H10>0),IF(I10>=0.2,"両工程を見直し","両工程を微改善"),IF(AND(I10>0,G10>0),"ピック導線を改善",IF(AND(I10>0,H10>0),"梱包手順を改善",IF(AND(G10<0,H10<0),"良好","目標達成"))))) -> 良好 | L10: =IF(AND(ISNUMBER(C10),ISNUMBER(D10)),IF(OR(E10="",E10=0),-1E+99,I10+ROW()/100000),IF(B10="",-1E+99,IF(ISNUMBER(C10),G10+ROW()/100000,IF(ISNUMBER(D10),H10+ROW()/100000,-1E+99)))) -> -0.9999 | M10: =IF(OR(E10="",E10=0),-1E+99,F10-ROW()/100000) -> 1.4544455 | N10: =IF(B10="","",COUNTA($B$9:B10)) -> 2 | O10: 365 | P10: 656
A11: 3 | B11: 中納 沙織 | C11: 1.3 | D11: 2.1 | E11: =IF(OR(B11="",NOT(ISNUMBER(C11)),NOT(ISNUMBER(D11))),"",C11+D11) -> 3.4 | F11: =IF(OR(E11="",E11=0),"",$D$5/E11) -> 0.94117647 | G11: =IF(OR(B11="",NOT(ISNUMBER(C11))),"",C11-$B$5) -> -0.3 | H11: =IF(OR(B11="",NOT(ISNUMBER(D11))),"",D11-$C$5) -> 0.5 | I11: =IF(OR(E11="",E11=0),"",E11-$D$5) -> 0.2 | J11: =IF(OR(E11="",E11=0),"",IF(AND(G11>0,H11>0),"要改善（両方遅い）",IF(G11>0,"ピッキング改善",IF(H11>0,"梱包改善","良好")))) -> 梱包改善 | K11: =IF(OR(E11="",E11=0),"",IF(AND(G11>0,H11>0),IF(I11>=0.2,"両工程を見直し","両工程を微改善"),IF(AND(I11>0,G11>0),"ピック導線を改善",IF(AND(I11>0,H11>0),"梱包手順を改善",IF(AND(G11<0,H11<0),"良好","目標達成"))))) -> 梱包手順を改善 | L11: =IF(AND(ISNUMBER(C11),ISNUMBER(D11)),IF(OR(E11="",E11=0),-1E+99,I11+ROW()/100000),IF(B11="",-1E+99,IF(ISNUMBER(C11),G11+ROW()/100000,IF(ISNUMBER(D11),H11+ROW()/100000,-1E+99)))) -> 0.20011 | M11: =IF(OR(E11="",E11=0),-1E+99,F11-ROW()/100000) -> 0.94106647 | N11: =IF(B11="","",COUNTA($B$9:B11)) -> 3 | O11: 1143 | P11: 224
A12: 4 | B12: 澤田 凌 | C12: 1.6 | D12: 1.6 | E12: =IF(OR(B12="",NOT(ISNUMBER(C12)),NOT(ISNUMBER(D12))),"",C12+D12) -> 3.2 | F12: =IF(OR(E12="",E12=0),"",$D$5/E12) -> 1 | G12: =IF(OR(B12="",NOT(ISNUMBER(C12))),"",C12-$B$5) -> 0 | H12: =IF(OR(B12="",NOT(ISNUMBER(D12))),"",D12-$C$5) -> 0 | I12: =IF(OR(E12="",E12=0),"",E12-$D$5) -> 0 | J12: =IF(OR(E12="",E12=0),"",IF(AND(G12>0,H12>0),"要改善（両方遅い）",IF(G12>0,"ピッキング改善",IF(H12>0,"梱包改善","良好")))) -> 良好 | K12: =IF(OR(E12="",E12=0),"",IF(AND(G12>0,H12>0),IF(I12>=0.2,"両工程を見直し","両工程を微改善"),IF(AND(I12>0,G12>0),"ピック導線を改善",IF(AND(I12>0,H12>0),"梱包手順を改善",IF(AND(G12<0,H12<0),"良好","目標達成"))))) -> 目標達成 | L12: =IF(AND(ISNUMBER(C12),ISNUMBER(D12)),IF(OR(E12="",E12=0),-1E+99,I12+ROW()/100000),IF(B12="",-1E+99,IF(ISNUMBER(C12),G12+ROW()/100000,IF(ISNUMBER(D12),H12+ROW()/100000,-1E+99)))) -> 0.00012 | M12: =IF(OR(E12="",E12=0),-1E+99,F12-ROW()/100000) -> 0.99988 | N12: =IF(B12="","",COUNTA($B$9:B12)) -> 4 | O12: 847 | P12: 939
A13: 5 | B13: 佐々木 千恵 | C13: 1.7 | D13: 0.6 | E13: =IF(OR(B13="",NOT(ISNUMBER(C13)),NOT(ISNUMBER(D13))),"",C13+D13) -> 2.3 | F13: =IF(OR(E13="",E13=0),"",$D$5/E13) -> 1.3913043 | G13: =IF(OR(B13="",NOT(ISNUMBER(C13))),"",C13-$B$5) -> 0.1 | H13: =IF(OR(B13="",NOT(ISNUMBER(D13))),"",D13-$C$5) -> -1 | I13: =IF(OR(E13="",E13=0),"",E13-$D$5) -> -0.9 | J13: =IF(OR(E13="",E13=0),"",IF(AND(G13>0,H13>0),"要改善（両方遅い）",IF(G13>0,"ピッキング改善",IF(H13>0,"梱包改善","良好")))) -> ピッキング改善 | K13: =IF(OR(E13="",E13=0),"",IF(AND(G13>0,H13>0),IF(I13>=0.2,"両工程を見直し","両工程を微改善"),IF(AND(I13>0,G13>0),"ピック導線を改善",IF(AND(I13>0,H13>0),"梱包手順を改善",IF(AND(G13<0,H13<0),"良好","目標達成"))))) -> 目標達成 | L13: =IF(AND(ISNUMBER(C13),ISNUMBER(D13)),IF(OR(E13="",E13=0),-1E+99,I13+ROW()/100000),IF(B13="",-1E+99,IF(ISNUMBER(C13),G13+ROW()/100000,IF(ISNUMBER(D13),H13+ROW()/100000,-1E+99)))) -> -0.89987 | M13: =IF(OR(E13="",E13=0),-1E+99,F13-ROW()/100000) -> 1.3911743 | N13: =IF(B13="","",COUNTA($B$9:B13)) -> 5 | O13: 681 | P13: 1223
A14: 6 | B14: 片岡 達也 | C14: 3.1 | D14: 0.6 | E14: =IF(OR(B14="",NOT(ISNUMBER(C14)),NOT(ISNUMBER(D14))),"",C14+D14) -> 3.7 | F14: =IF(OR(E14="",E14=0),"",$D$5/E14) -> 0.86486486 | G14: =IF(OR(B14="",NOT(ISNUMBER(C14))),"",C14-$B$5) -> 1.5 | H14: =IF(OR(B14="",NOT(ISNUMBER(D14))),"",D14-$C$5) -> -1 | I14: =IF(OR(E14="",E14=0),"",E14-$D$5) -> 0.5 | J14: =IF(OR(E14="",E14=0),"",IF(AND(G14>0,H14>0),"要改善（両方遅い）",IF(G14>0,"ピッキング改善",IF(H14>0,"梱包改善","良好")))) -> ピッキング改善 | K14: =IF(OR(E14="",E14=0),"",IF(AND(G14>0,H14>0),IF(I14>=0.2,"両工程を見直し","両工程を微改善"),IF(AND(I14>0,G14>0),"ピック導線を改善",IF(AND(I14>0,H14>0),"梱包手順を改善",IF(AND(G14<0,H14<0),"良好","目標達成"))))) -> ピック導線を改善 | L14: =IF(AND(ISNUMBER(C14),ISNUMBER(D14)),IF(OR(E14="",E14=0),-1E+99,I14+ROW()/100000),IF(B14="",-1E+99,IF(ISNUMBER(C14),G14+ROW()/100000,IF(ISNUMBER(D14),H14+ROW()/100000,-1E+99)))) -> 0.50014 | M14: =IF(OR(E14="",E14=0),-1E+99,F14-ROW()/100000) -> 0.86472486 | N14: =IF(B14="","",COUNTA($B$9:B14)) -> 6 | O14: 66 | P14: 16
A15: 7 | B15: 後藤 克行 | C15: 1.5 | D15: 1.9 | E15: =IF(OR(B15="",NOT(ISNUMBER(C15)),NOT(ISNUMBER(D15))),"",C15+D15) -> 3.4 | F15: =IF(OR(E15="",E15=0),"",$D$5/E15) -> 0.94117647 | G15: =IF(OR(B15="",NOT(ISNUMBER(C15))),"",C15-$B$5) -> -0.1 | H15: =IF(OR(B15="",NOT(ISNUMBER(D15))),"",D15-$C$5) -> 0.3 | I15: =IF(OR(E15="",E15=0),"",E15-$D$5) -> 0.2 | J15: =IF(OR(E15="",E15=0),"",IF(AND(G15>0,H15>0),"要改善（両方遅い）",IF(G15>0,"ピッキング改善",IF(H15>0,"梱包改善","良好")))) -> 梱包改善 | K15: =IF(OR(E15="",E15=0),"",IF(AND(G15>0,H15>0),IF(I15>=0.2,"両工程を見直し","両工程を微改善"),IF(AND(I15>0,G15>0),"ピック導線を改善",IF(AND(I15>0,H15>0),"梱包手順を改善",IF(AND(G15<0,H15<0),"良好","目標達成"))))) -> 梱包手順を改善 | L15: =IF(AND(ISNUMBER(C15),ISNUMBER(D15)),IF(OR(E15="",E15=0),-1E+99,I15+ROW()/100000),IF(B15="",-1E+99,IF(ISNUMBER(C15),G15+ROW()/100000,IF(ISNUMBER(D15),H15+ROW()/100000,-1E+99)))) -> 0.20015 | M15: =IF(OR(E15="",E15=0),-1E+99,F15-ROW()/100000) -> 0.94102647 | N15: =IF(B15="","",COUNTA($B$9:B15)) -> 7 | O15: 2007 | P15: 1421
A16: 8 | B16: 山本 祥吉 | C16: 1.4 | D16: 1.8 | E16: =IF(OR(B16="",NOT(ISNUMBER(C16)),NOT(ISNUMBER(D16))),"",C16+D16) -> 3.2 | F16: =IF(OR(E16="",E16=0),"",$D$5/E16) -> 1 | G16: =IF(OR(B16="",NOT(ISNUMBER(C16))),"",C16-$B$5) -> -0.2 | H16: =IF(OR(B16="",NOT(ISNUMBER(D16))),"",D16-$C$5) -> 0.2 | I16: =IF(OR(E16="",E16=0),"",E16-$D$5) -> 0 | J16: =IF(OR(E16="",E16=0),"",IF(AND(G16>0,H16>0),"要改善（両方遅い）",IF(G16>0,"ピッキング改善",IF(H16>0,"梱包改善","良好")))) -> 梱包改善 | K16: =IF(OR(E16="",E16=0),"",IF(AND(G16>0,H16>0),IF(I16>=0.2,"両工程を見直し","両工程を微改善"),IF(AND(I16>0,G16>0),"ピック導線を改善",IF(AND(I16>0,H16>0),"梱包手順を改善",IF(AND(G16<0,H16<0),"良好","目標達成"))))) -> 目標達成 | L16: =IF(AND(ISNUMBER(C16),ISNUMBER(D16)),IF(OR(E16="",E16=0),-1E+99,I16+ROW()/100000),IF(B16="",-1E+99,IF(ISNUMBER(C16),G16+ROW()/100000,IF(ISNUMBER(D16),H16+ROW()/100000,-1E+99)))) -> 0.00016 | M16: =IF(OR(E16="",E16=0),-1E+99,F16-ROW()/100000) -> 0.99984 | N16: =IF(B16="","",COUNTA($B$9:B16)) -> 8 | O16: 2129 | P16: 1548
A17: 9 | B17: 本吉 有美子 | C17: 1.1 | D17: 1 | E17: =IF(OR(B17="",NOT(ISNUMBER(C17)),NOT(ISNUMBER(D17))),"",C17+D17) -> 2.1 | F17: =IF(OR(E17="",E17=0),"",$D$5/E17) -> 1.5238095 | G17: =IF(OR(B17="",NOT(ISNUMBER(C17))),"",C17-$B$5) -> -0.5 | H17: =IF(OR(B17="",NOT(ISNUMBER(D17))),"",D17-$C$5) -> -0.6 | I17: =IF(OR(E17="",E17=0),"",E17-$D$5) -> -1.1 | J17: =IF(OR(E17="",E17=0),"",IF(AND(G17>0,H17>0),"要改善（両方遅い）",IF(G17>0,"ピッキング改善",IF(H17>0,"梱包改善","良好")))) -> 良好 | K17: =IF(OR(E17="",E17=0),"",IF(AND(G17>0,H17>0),IF(I17>=0.2,"両工程を見直し","両工程を微改善"),IF(AND(I17>0,G17>0),"ピック導線を改善",IF(AND(I17>0,H17>0),"梱包手順を改善",IF(AND(G17<0,H17<0),"良好","目標達成"))))) -> 良好 | L17: =IF(AND(ISNUMBER(C17),ISNUMBER(D17)),IF(OR(E17="",E17=0),-1E+99,I17+ROW()/100000),IF(B17="",-1E+99,IF(ISNUMBER(C17),G17+ROW()/100000,IF(ISNUMBER(D17),H17+ROW()/100000,-1E+99)))) -> -1.09983 | M17: =IF(OR(E17="",E17=0),-1E+99,F17-ROW()/100000) -> 1.5236395 | N17: =IF(B17="","",COUNTA($B$9:B17)) -> 9 | O17: 1454 | P17: 2493
A18: 10 | B18: 屋宮 敬子 | E18: =IF(OR(B18="",NOT(ISNUMBER(C18)),NOT(ISNUMBER(D18))),"",C18+D18) | F18: =IF(OR(E18="",E18=0),"",$D$5/E18) | G18: =IF(OR(B18="",NOT(ISNUMBER(C18))),"",C18-$B$5) | H18: =IF(OR(B18="",NOT(ISNUMBER(D18))),"",D18-$C$5) | I18: =IF(OR(E18="",E18=0),"",E18-$D$5) | J18: =IF(OR(E18="",E18=0),"",IF(AND(G18>0,H18>0),"要改善（両方遅い）",IF(G18>0,"ピッキング改善",IF(H18>0,"梱包改善","良好")))) | K18: =IF(OR(E18="",E18=0),"",IF(AND(G18>0,H18>0),IF(I18>=0.2,"両工程を見直し","両工程を微改善"),IF(AND(I18>0,G18>0),"ピック導線を改善",IF(AND(I18>0,H18>0),"梱包手順を改善",IF(AND(G18<0,H18<0),"良好","目標達成"))))) | L18: =IF(AND(ISNUMBER(C18),ISNUMBER(D18)),IF(OR(E18="",E18=0),-1E+99,I18+ROW()/100000),IF(B18="",-1E+99,IF(ISNUMBER(C18),G18+ROW()/100000,IF(ISNUMBER(D18),H18+ROW()/100000,-1E+99)))) -> -1e+99 | M18: =IF(OR(E18="",E18=0),-1E+99,F18-ROW()/100000) -> -1e+99 | N18: =IF(B18="","",COUNTA($B$9:B18)) -> 10
A19: 11 | B19: 大江 美記子 | C19: 1.2 | D19: 1.2 | E19: =IF(OR(B19="",NOT(ISNUMBER(C19)),NOT(ISNUMBER(D19))),"",C19+D19) -> 2.4 | F19: =IF(OR(E19="",E19=0),"",$D$5/E19) -> 1.3333333 | G19: =IF(OR(B19="",NOT(ISNUMBER(C19))),"",C19-$B$5) -> -0.4 | H19: =IF(OR(B19="",NOT(ISNUMBER(D19))),"",D19-$C$5) -> -0.4 | I19: =IF(OR(E19="",E19=0),"",E19-$D$5) -> -0.8 | J19: =IF(OR(E19="",E19=0),"",IF(AND(G19>0,H19>0),"要改善（両方遅い）",IF(G19>0,"ピッキング改善",IF(H19>0,"梱包改善","良好")))) -> 良好 | K19: =IF(OR(E19="",E19=0),"",IF(AND(G19>0,H19>0),IF(I19>=0.2,"両工程を見直し","両工程を微改善"),IF(AND(I19>0,G19>0),"ピック導線を改善",IF(AND(I19>0,H19>0),"梱包手順を改善",IF(AND(G19<0,H19<0),"良好","目標達成"))))) -> 良好 | L19: =IF(AND(ISNUMBER(C19),ISNUMBER(D19)),IF(OR(E19="",E19=0),-1E+99,I19+ROW()/100000),IF(B19="",-1E+99,IF(ISNUMBER(C19),G19+ROW()/100000,IF(ISNUMBER(D19),H19+ROW()/100000,-1E+99)))) -> -0.79981 | M19: =IF(OR(E19="",E19=0),-1E+99,F19-ROW()/100000) -> 1.3331433 | N19: =IF(B19="","",COUNTA($B$9:B19)) -> 11 | O19: 1053 | P19: 2616
A20: 12 | B20: 木村 千鶴 | C20: 1.7 | D20: 2.2 | E20: =IF(OR(B20="",NOT(ISNUMBER(C20)),NOT(ISNUMBER(D20))),"",C20+D20) -> 3.9 | F20: =IF(OR(E20="",E20=0),"",$D$5/E20) -> 0.82051282 | G20: =IF(OR(B20="",NOT(ISNUMBER(C20))),"",C20-$B$5) -> 0.1 | H20: =IF(OR(B20="",NOT(ISNUMBER(D20))),"",D20-$C$5) -> 0.6 | I20: =IF(OR(E20="",E20=0),"",E20-$D$5) -> 0.7 | J20: =IF(OR(E20="",E20=0),"",IF(AND(G20>0,H20>0),"要改善（両方遅い）",IF(G20>0,"ピッキング改善",IF(H20>0,"梱包改善","良好")))) -> 要改善（両方遅い） | K20: =IF(OR(E20="",E20=0),"",IF(AND(G20>0,H20>0),IF(I20>=0.2,"両工程を見直し","両工程を微改善"),IF(AND(I20>0,G20>0),"ピック導線を改善",IF(AND(I20>0,H20>0),"梱包手順を改善",IF(AND(G20<0,H20<0),"良好","目標達成"))))) -> 両工程を見直し | L20: =IF(AND(ISNUMBER(C20),ISNUMBER(D20)),IF(OR(E20="",E20=0),-1E+99,I20+ROW()/100000),IF(B20="",-1E+99,IF(ISNUMBER(C20),G20+ROW()/100000,IF(ISNUMBER(D20),H20+ROW()/100000,-1E+99)))) -> 0.7002 | M20: =IF(OR(E20="",E20=0),-1E+99,F20-ROW()/100000) -> 0.82031282 | N20: =IF(B20="","",COUNTA($B$9:B20)) -> 12 | O20: 691 | P20: 1750
A21: 13 | B21: 晩田 恵美 | C21: 1.1 | D21: 1.4 | E21: =IF(OR(B21="",NOT(ISNUMBER(C21)),NOT(ISNUMBER(D21))),"",C21+D21) -> 2.5 | F21: =IF(OR(E21="",E21=0),"",$D$5/E21) -> 1.28 | G21: =IF(OR(B21="",NOT(ISNUMBER(C21))),"",C21-$B$5) -> -0.5 | H21: =IF(OR(B21="",NOT(ISNUMBER(D21))),"",D21-$C$5) -> -0.2 | I21: =IF(OR(E21="",E21=0),"",E21-$D$5) -> -0.7 | J21: =IF(OR(E21="",E21=0),"",IF(AND(G21>0,H21>0),"要改善（両方遅い）",IF(G21>0,"ピッキング改善",IF(H21>0,"梱包改善","良好")))) -> 良好 | K21: =IF(OR(E21="",E21=0),"",IF(AND(G21>0,H21>0),IF(I21>=0.2,"両工程を見直し","両工程を微改善"),IF(AND(I21>0,G21>0),"ピック導線を改善",IF(AND(I21>0,H21>0),"梱包手順を改善",IF(AND(G21<0,H21<0),"良好","目標達成"))))) -> 良好 | L21: =IF(AND(ISNUMBER(C21),ISNUMBER(D21)),IF(OR(E21="",E21=0),-1E+99,I21+ROW()/100000),IF(B21="",-1E+99,IF(ISNUMBER(C21),G21+ROW()/100000,IF(ISNUMBER(D21),H21+ROW()/100000,-1E+99)))) -> -0.69979 | M21: =IF(OR(E21="",E21=0),-1E+99,F21-ROW()/100000) -> 1.27979 | N21: =IF(B21="","",COUNTA($B$9:B21)) -> 13 | O21: 877 | P21: 2881
A22: 14 | B22: 森田 美加 | C22: 1.1 | D22: 3.1 | E22: =IF(OR(B22="",NOT(ISNUMBER(C22)),NOT(ISNUMBER(D22))),"",C22+D22) -> 4.2 | F22: =IF(OR(E22="",E22=0),"",$D$5/E22) -> 0.76190476 | G22: =IF(OR(B22="",NOT(ISNUMBER(C22))),"",C22-$B$5) -> -0.5 | H22: =IF(OR(B22="",NOT(ISNUMBER(D22))),"",D22-$C$5) -> 1.5 | I22: =IF(OR(E22="",E22=0),"",E22-$D$5) -> 1 | J22: =IF(OR(E22="",E22=0),"",IF(AND(G22>0,H22>0),"要改善（両方遅い）",IF(G22>0,"ピッキング改善",IF(H22>0,"梱包改善","良好")))) -> 梱包改善 | K22: =IF(OR(E22="",E22=0),"",IF(AND(G22>0,H22>0),IF(I22>=0.2,"両工程を見直し","両工程を微改善"),IF(AND(I22>0,G22>0),"ピック導線を改善",IF(AND(I22>0,H22>0),"梱包手順を改善",IF(AND(G22<0,H22<0),"良好","目標達成"))))) -> 梱包手順を改善 | L22: =IF(AND(ISNUMBER(C22),ISNUMBER(D22)),IF(OR(E22="",E22=0),-1E+99,I22+ROW()/100000),IF(B22="",-1E+99,IF(ISNUMBER(C22),G22+ROW()/100000,IF(ISNUMBER(D22),H22+ROW()/100000,-1E+99)))) -> 1.00022 | M22: =IF(OR(E22="",E22=0),-1E+99,F22-ROW()/100000) -> 0.76168476 | N22: =IF(B22="","",COUNTA($B$9:B22)) -> 14 | O22: 233 | P22: 630
A23: 15 | B23: 飯田 由加里 | C23: 1.8 | D23: 1.4 | E23: =IF(OR(B23="",NOT(ISNUMBER(C23)),NOT(ISNUMBER(D23))),"",C23+D23) -> 3.2 | F23: =IF(OR(E23="",E23=0),"",$D$5/E23) -> 1 | G23: =IF(OR(B23="",NOT(ISNUMBER(C23))),"",C23-$B$5) -> 0.2 | H23: =IF(OR(B23="",NOT(ISNUMBER(D23))),"",D23-$C$5) -> -0.2 | I23: =IF(OR(E23="",E23=0),"",E23-$D$5) -> 0 | J23: =IF(OR(E23="",E23=0),"",IF(AND(G23>0,H23>0),"要改善（両方遅い）",IF(G23>0,"ピッキング改善",IF(H23>0,"梱包改善","良好")))) -> ピッキング改善 | K23: =IF(OR(E23="",E23=0),"",IF(AND(G23>0,H23>0),IF(I23>=0.2,"両工程を見直し","両工程を微改善"),IF(AND(I23>0,G23>0),"ピック導線を改善",IF(AND(I23>0,H23>0),"梱包手順を改善",IF(AND(G23<0,H23<0),"良好","目標達成"))))) -> 目標達成 | L23: =IF(AND(ISNUMBER(C23),ISNUMBER(D23)),IF(OR(E23="",E23=0),-1E+99,I23+ROW()/100000),IF(B23="",-1E+99,IF(ISNUMBER(C23),G23+ROW()/100000,IF(ISNUMBER(D23),H23+ROW()/100000,-1E+99)))) -> 0.00023 | M23: =IF(OR(E23="",E23=0),-1E+99,F23-ROW()/100000) -> 0.99977 | N23: =IF(B23="","",COUNTA($B$9:B23)) -> 15 | O23: 271 | P23: 1061
A24: 16 | B24: 森本 久美 | C24: 1.4 | D24: 1.6 | E24: =IF(OR(B24="",NOT(ISNUMBER(C24)),NOT(ISNUMBER(D24))),"",C24+D24) -> 3 | F24: =IF(OR(E24="",E24=0),"",$D$5/E24) -> 1.0666667 | G24: =IF(OR(B24="",NOT(ISNUMBER(C24))),"",C24-$B$5) -> -0.2 | H24: =IF(OR(B24="",NOT(ISNUMBER(D24))),"",D24-$C$5) -> 0 | I24: =IF(OR(E24="",E24=0),"",E24-$D$5) -> -0.2 | J24: =IF(OR(E24="",E24=0),"",IF(AND(G24>0,H24>0),"要改善（両方遅い）",IF(G24>0,"ピッキング改善",IF(H24>0,"梱包改善","良好")))) -> 良好 | K24: =IF(OR(E24="",E24=0),"",IF(AND(G24>0,H24>0),IF(I24>=0.2,"両工程を見直し","両工程を微改善"),IF(AND(I24>0,G24>0),"ピック導線を改善",IF(AND(I24>0,H24>0),"梱包手順を改善",IF(AND(G24<0,H24<0),"良好","目標達成"))))) -> 目標達成 | L24: =IF(AND(ISNUMBER(C24),ISNUMBER(D24)),IF(OR(E24="",E24=0),-1E+99,I24+ROW()/100000),IF(B24="",-1E+99,IF(ISNUMBER(C24),G24+ROW()/100000,IF(ISNUMBER(D24),H24+ROW()/100000,-1E+99)))) -> -0.19976 | M24: =IF(OR(E24="",E24=0),-1E+99,F24-ROW()/100000) -> 1.0664267 | N24: =IF(B24="","",COUNTA($B$9:B24)) -> 16 | O24: 335 | P24: 970
A25: 17 | B25: 高橋 佐織 | C25: 1.8 | D25: 1.7 | E25: =IF(OR(B25="",NOT(ISNUMBER(C25)),NOT(ISNUMBER(D25))),"",C25+D25) -> 3.5 | F25: =IF(OR(E25="",E25=0),"",$D$5/E25) -> 0.91428571 | G25: =IF(OR(B25="",NOT(ISNUMBER(C25))),"",C25-$B$5) -> 0.2 | H25: =IF(OR(B25="",NOT(ISNUMBER(D25))),"",D25-$C$5) -> 0.1 | I25: =IF(OR(E25="",E25=0),"",E25-$D$5) -> 0.3 | J25: =IF(OR(E25="",E25=0),"",IF(AND(G25>0,H25>0),"要改善（両方遅い）",IF(G25>0,"ピッキング改善",IF(H25>0,"梱包改善","良好")))) -> 要改善（両方遅い） | K25: =IF(OR(E25="",E25=0),"",IF(AND(G25>0,H25>0),IF(I25>=0.2,"両工程を見直し","両工程を微改善"),IF(AND(I25>0,G25>0),"ピック導線を改善",IF(AND(I25>0,H25>0),"梱包手順を改善",IF(AND(G25<0,H25<0),"良好","目標達成"))))) -> 両工程を見直し | L25: =IF(AND(ISNUMBER(C25),ISNUMBER(D25)),IF(OR(E25="",E25=0),-1E+99,I25+ROW()/100000),IF(B25="",-1E+99,IF(ISNUMBER(C25),G25+ROW()/100000,IF(ISNUMBER(D25),H25+ROW()/100000,-1E+99)))) -> 0.30025 | M25: =IF(OR(E25="",E25=0),-1E+99,F25-ROW()/100000) -> 0.91403571 | N25: =IF(B25="","",COUNTA($B$9:B25)) -> 17 | O25: 941 | P25: 1183
A26: 18 | B26: 北田 倫子 | C26: 1.6 | D26: 1.2 | E26: =IF(OR(B26="",NOT(ISNUMBER(C26)),NOT(ISNUMBER(D26))),"",C26+D26) -> 2.8 | F26: =IF(OR(E26="",E26=0),"",$D$5/E26) -> 1.1428571 | G26: =IF(OR(B26="",NOT(ISNUMBER(C26))),"",C26-$B$5) -> 0 | H26: =IF(OR(B26="",NOT(ISNUMBER(D26))),"",D26-$C$5) -> -0.4 | I26: =IF(OR(E26="",E26=0),"",E26-$D$5) -> -0.4 | J26: =IF(OR(E26="",E26=0),"",IF(AND(G26>0,H26>0),"要改善（両方遅い）",IF(G26>0,"ピッキング改善",IF(H26>0,"梱包改善","良好")))) -> 良好 | K26: =IF(OR(E26="",E26=0),"",IF(AND(G26>0,H26>0),IF(I26>=0.2,"両工程を見直し","両工程を微改善"),IF(AND(I26>0,G26>0),"ピック導線を改善",IF(AND(I26>0,H26>0),"梱包手順を改善",IF(AND(G26<0,H26<0),"良好","目標達成"))))) -> 目標達成 | L26: =IF(AND(ISNUMBER(C26),ISNUMBER(D26)),IF(OR(E26="",E26=0),-1E+99,I26+ROW()/100000),IF(B26="",-1E+99,IF(ISNUMBER(C26),G26+ROW()/100000,IF(ISNUMBER(D26),H26+ROW()/100000,-1E+99)))) -> -0.39974 | M26: =IF(OR(E26="",E26=0),-1E+99,F26-ROW()/100000) -> 1.1425971 | N26: =IF(B26="","",COUNTA($B$9:B26)) -> 18 | O26: 468
A27: 19 | B27: 鈴木 香織 | C27: 1.2 | D27: 1.8 | E27: =IF(OR(B27="",NOT(ISNUMBER(C27)),NOT(ISNUMBER(D27))),"",C27+D27) -> 3 | F27: =IF(OR(E27="",E27=0),"",$D$5/E27) -> 1.0666667 | G27: =IF(OR(B27="",NOT(ISNUMBER(C27))),"",C27-$B$5) -> -0.4 | H27: =IF(OR(B27="",NOT(ISNUMBER(D27))),"",D27-$C$5) -> 0.2 | I27: =IF(OR(E27="",E27=0),"",E27-$D$5) -> -0.2 | J27: =IF(OR(E27="",E27=0),"",IF(AND(G27>0,H27>0),"要改善（両方遅い）",IF(G27>0,"ピッキング改善",IF(H27>0,"梱包改善","良好")))) -> 梱包改善 | K27: =IF(OR(E27="",E27=0),"",IF(AND(G27>0,H27>0),IF(I27>=0.2,"両工程を見直し","両工程を微改善"),IF(AND(I27>0,G27>0),"ピック導線を改善",IF(AND(I27>0,H27>0),"梱包手順を改善",IF(AND(G27<0,H27<0),"良好","目標達成"))))) -> 目標達成 | L27: =IF(AND(ISNUMBER(C27),ISNUMBER(D27)),IF(OR(E27="",E27=0),-1E+99,I27+ROW()/100000),IF(B27="",-1E+99,IF(ISNUMBER(C27),G27+ROW()/100000,IF(ISNUMBER(D27),H27+ROW()/100000,-1E+99)))) -> -0.19973 | M27: =IF(OR(E27="",E27=0),-1E+99,F27-ROW()/100000) -> 1.0663967 | N27: =IF(B27="","",COUNTA($B$9:B27)) -> 19 | O27: 260
A28: 20 | B28: 菊池 敬 | C28: 1.7 | D28: 2.5 | E28: =IF(OR(B28="",NOT(ISNUMBER(C28)),NOT(ISNUMBER(D28))),"",C28+D28) -> 4.2 | F28: =IF(OR(E28="",E28=0),"",$D$5/E28) -> 0.76190476 | G28: =IF(OR(B28="",NOT(ISNUMBER(C28))),"",C28-$B$5) -> 0.1 | H28: =IF(OR(B28="",NOT(ISNUMBER(D28))),"",D28-$C$5) -> 0.9 | I28: =IF(OR(E28="",E28=0),"",E28-$D$5) -> 1 | J28: =IF(OR(E28="",E28=0),"",IF(AND(G28>0,H28>0),"要改善（両方遅い）",IF(G28>0,"ピッキング改善",IF(H28>0,"梱包改善","良好")))) -> 要改善（両方遅い） | K28: =IF(OR(E28="",E28=0),"",IF(AND(G28>0,H28>0),IF(I28>=0.2,"両工程を見直し","両工程を微改善"),IF(AND(I28>0,G28>0),"ピック導線を改善",IF(AND(I28>0,H28>0),"梱包手順を改善",IF(AND(G28<0,H28<0),"良好","目標達成"))))) -> 両工程を見直し | L28: =IF(AND(ISNUMBER(C28),ISNUMBER(D28)),IF(OR(E28="",E28=0),-1E+99,I28+ROW()/100000),IF(B28="",-1E+99,IF(ISNUMBER(C28),G28+ROW()/100000,IF(ISNUMBER(D28),H28+ROW()/100000,-1E+99)))) -> 1.00028 | M28: =IF(OR(E28="",E28=0),-1E+99,F28-ROW()/100000) -> 0.76162476 | N28: =IF(B28="","",COUNTA($B$9:B28)) -> 20 | O28: 422
A29: 21 | B29: 上村 和恵 | C29: 1.8 | E29: =IF(OR(B29="",NOT(ISNUMBER(C29)),NOT(ISNUMBER(D29))),"",C29+D29) | F29: =IF(OR(E29="",E29=0),"",$D$5/E29) | G29: =IF(OR(B29="",NOT(ISNUMBER(C29))),"",C29-$B$5) -> 0.2 | H29: =IF(OR(B29="",NOT(ISNUMBER(D29))),"",D29-$C$5) | I29: =IF(OR(E29="",E29=0),"",E29-$D$5) | J29: =IF(OR(E29="",E29=0),"",IF(AND(G29>0,H29>0),"要改善（両方遅い）",IF(G29>0,"ピッキング改善",IF(H29>0,"梱包改善","良好")))) | K29: =IF(OR(E29="",E29=0),"",IF(AND(G29>0,H29>0),IF(I29>=0.2,"両工程を見直し","両工程を微改善"),IF(AND(I29>0,G29>0),"ピック導線を改善",IF(AND(I29>0,H29>0),"梱包手順を改善",IF(AND(G29<0,H29<0),"良好","目標達成"))))) | L29: =IF(AND(ISNUMBER(C29),ISNUMBER(D29)),IF(OR(E29="",E29=0),-1E+99,I29+ROW()/100000),IF(B29="",-1E+99,IF(ISNUMBER(C29),G29+ROW()/100000,IF(ISNUMBER(D29),H29+ROW()/100000,-1E+99)))) -> 0.20029 | M29: =IF(OR(E29="",E29=0),-1E+99,F29-ROW()/100000) -> -1e+99 | N29: =IF(B29="","",COUNTA($B$9:B29)) -> 21 | O29: 1112
A30: 22 | B30: 秋草 文恵 | C30: 1.8 | E30: =IF(OR(B30="",NOT(ISNUMBER(C30)),NOT(ISNUMBER(D30))),"",C30+D30) | F30: =IF(OR(E30="",E30=0),"",$D$5/E30) | G30: =IF(OR(B30="",NOT(ISNUMBER(C30))),"",C30-$B$5) -> 0.2 | H30: =IF(OR(B30="",NOT(ISNUMBER(D30))),"",D30-$C$5) | I30: =IF(OR(E30="",E30=0),"",E30-$D$5) | J30: =IF(OR(E30="",E30=0),"",IF(AND(G30>0,H30>0),"要改善（両方遅い）",IF(G30>0,"ピッキング改善",IF(H30>0,"梱包改善","良好")))) | K30: =IF(OR(E30="",E30=0),"",IF(AND(G30>0,H30>0),IF(I30>=0.2,"両工程を見直し","両工程を微改善"),IF(AND(I30>0,G30>0),"ピック導線を改善",IF(AND(I30>0,H30>0),"梱包手順を改善",IF(AND(G30<0,H30<0),"良好","目標達成"))))) | L30: =IF(AND(ISNUMBER(C30),ISNUMBER(D30)),IF(OR(E30="",E30=0),-1E+99,I30+ROW()/100000),IF(B30="",-1E+99,IF(ISNUMBER(C30),G30+ROW()/100000,IF(ISNUMBER(D30),H30+ROW()/100000,-1E+99)))) -> 0.2003 | M30: =IF(OR(E30="",E30=0),-1E+99,F30-ROW()/100000) -> -1e+99 | N30: =IF(B30="","",COUNTA($B$9:B30)) -> 22 | O30: 858
A31: 23 | B31: 向井 ひかり | C31: 1.5 | E31: =IF(OR(B31="",NOT(ISNUMBER(C31)),NOT(ISNUMBER(D31))),"",C31+D31) | F31: =IF(OR(E31="",E31=0),"",$D$5/E31) | G31: =IF(OR(B31="",NOT(ISNUMBER(C31))),"",C31-$B$5) -> -0.1 | H31: =IF(OR(B31="",NOT(ISNUMBER(D31))),"",D31-$C$5) | I31: =IF(OR(E31="",E31=0),"",E31-$D$5) | J31: =IF(OR(E31="",E31=0),"",IF(AND(G31>0,H31>0),"要改善（両方遅い）",IF(G31>0,"ピッキング改善",IF(H31>0,"梱包改善","良好")))) | K31: =IF(OR(E31="",E31=0),"",IF(AND(G31>0,H31>0),IF(I31>=0.2,"両工程を見直し","両工程を微改善"),IF(AND(I31>0,G31>0),"ピック導線を改善",IF(AND(I31>0,H31>0),"梱包手順を改善",IF(AND(G31<0,H31<0),"良好","目標達成"))))) | L31: =IF(AND(ISNUMBER(C31),ISNUMBER(D31)),IF(OR(E31="",E31=0),-1E+99,I31+ROW()/100000),IF(B31="",-1E+99,IF(ISNUMBER(C31),G31+ROW()/100000,IF(ISNUMBER(D31),H31+ROW()/100000,-1E+99)))) -> -0.09969 | M31: =IF(OR(E31="",E31=0),-1E+99,F31-ROW()/100000) -> -1e+99 | N31: =IF(B31="","",COUNTA($B$9:B31)) -> 23 | O31: 866
A32: 24 | B32: 高橋 正美 | C32: 1.9 | E32: =IF(OR(B32="",NOT(ISNUMBER(C32)),NOT(ISNUMBER(D32))),"",C32+D32) | F32: =IF(OR(E32="",E32=0),"",$D$5/E32) | G32: =IF(OR(B32="",NOT(ISNUMBER(C32))),"",C32-$B$5) -> 0.3 | H32: =IF(OR(B32="",NOT(ISNUMBER(D32))),"",D32-$C$5) | I32: =IF(OR(E32="",E32=0),"",E32-$D$5) | J32: =IF(OR(E32="",E32=0),"",IF(AND(G32>0,H32>0),"要改善（両方遅い）",IF(G32>0,"ピッキング改善",IF(H32>0,"梱包改善","良好")))) | K32: =IF(OR(E32="",E32=0),"",IF(AND(G32>0,H32>0),IF(I32>=0.2,"両工程を見直し","両工程を微改善"),IF(AND(I32>0,G32>0),"ピック導線を改善",IF(AND(I32>0,H32>0),"梱包手順を改善",IF(AND(G32<0,H32<0),"良好","目標達成"))))) | L32: =IF(AND(ISNUMBER(C32),ISNUMBER(D32)),IF(OR(E32="",E32=0),-1E+99,I32+ROW()/100000),IF(B32="",-1E+99,IF(ISNUMBER(C32),G32+ROW()/100000,IF(ISNUMBER(D32),H32+ROW()/100000,-1E+99)))) -> 0.30032 | M32: =IF(OR(E32="",E32=0),-1E+99,F32-ROW()/100000) -> -1e+99 | N32: =IF(B32="","",COUNTA($B$9:B32)) -> 24 | O32: 1090
A33: 25 | B33: 廣瀬 こずえ | C33: 2 | E33: =IF(OR(B33="",NOT(ISNUMBER(C33)),NOT(ISNUMBER(D33))),"",C33+D33) | F33: =IF(OR(E33="",E33=0),"",$D$5/E33) | G33: =IF(OR(B33="",NOT(ISNUMBER(C33))),"",C33-$B$5) -> 0.4 | H33: =IF(OR(B33="",NOT(ISNUMBER(D33))),"",D33-$C$5) | I33: =IF(OR(E33="",E33=0),"",E33-$D$5) | J33: =IF(OR(E33="",E33=0),"",IF(AND(G33>0,H33>0),"要改善（両方遅い）",IF(G33>0,"ピッキング改善",IF(H33>0,"梱包改善","良好")))) | K33: =IF(OR(E33="",E33=0),"",IF(AND(G33>0,H33>0),IF(I33>=0.2,"両工程を見直し","両工程を微改善"),IF(AND(I33>0,G33>0),"ピック導線を改善",IF(AND(I33>0,H33>0),"梱包手順を改善",IF(AND(G33<0,H33<0),"良好","目標達成"))))) | L33: =IF(AND(ISNUMBER(C33),ISNUMBER(D33)),IF(OR(E33="",E33=0),-1E+99,I33+ROW()/100000),IF(B33="",-1E+99,IF(ISNUMBER(C33),G33+ROW()/100000,IF(ISNUMBER(D33),H33+ROW()/100000,-1E+99)))) -> 0.40033 | M33: =IF(OR(E33="",E33=0),-1E+99,F33-ROW()/100000) -> -1e+99 | N33: =IF(B33="","",COUNTA($B$9:B33)) -> 25 | O33: 838
A34: 26 | B34: 石戸谷 亜子 | C34: 1.3 | E34: =IF(OR(B34="",NOT(ISNUMBER(C34)),NOT(ISNUMBER(D34))),"",C34+D34) | F34: =IF(OR(E34="",E34=0),"",$D$5/E34) | G34: =IF(OR(B34="",NOT(ISNUMBER(C34))),"",C34-$B$5) -> -0.3 | H34: =IF(OR(B34="",NOT(ISNUMBER(D34))),"",D34-$C$5) | I34: =IF(OR(E34="",E34=0),"",E34-$D$5) | J34: =IF(OR(E34="",E34=0),"",IF(AND(G34>0,H34>0),"要改善（両方遅い）",IF(G34>0,"ピッキング改善",IF(H34>0,"梱包改善","良好")))) | K34: =IF(OR(E34="",E34=0),"",IF(AND(G34>0,H34>0),IF(I34>=0.2,"両工程を見直し","両工程を微改善"),IF(AND(I34>0,G34>0),"ピック導線を改善",IF(AND(I34>0,H34>0),"梱包手順を改善",IF(AND(G34<0,H34<0),"良好","目標達成"))))) | L34: =IF(AND(ISNUMBER(C34),ISNUMBER(D34)),IF(OR(E34="",E34=0),-1E+99,I34+ROW()/100000),IF(B34="",-1E+99,IF(ISNUMBER(C34),G34+ROW()/100000,IF(ISNUMBER(D34),H34+ROW()/100000,-1E+99)))) -> -0.29966 | M34: =IF(OR(E34="",E34=0),-1E+99,F34-ROW()/100000) -> -1e+99 | N34: =IF(B34="","",COUNTA($B$9:B34)) -> 26
A35: 27 | B35: 奥野 愛海 | E35: =IF(OR(B35="",NOT(ISNUMBER(C35)),NOT(ISNUMBER(D35))),"",C35+D35) | F35: =IF(OR(E35="",E35=0),"",$D$5/E35) | G35: =IF(OR(B35="",NOT(ISNUMBER(C35))),"",C35-$B$5) | H35: =IF(OR(B35="",NOT(ISNUMBER(D35))),"",D35-$C$5) | I35: =IF(OR(E35="",E35=0),"",E35-$D$5) | J35: =IF(OR(E35="",E35=0),"",IF(AND(G35>0,H35>0),"要改善（両方遅い）",IF(G35>0,"ピッキング改善",IF(H35>0,"梱包改善","良好")))) | K35: =IF(OR(E35="",E35=0),"",IF(AND(G35>0,H35>0),IF(I35>=0.2,"両工程を見直し","両工程を微改善"),IF(AND(I35>0,G35>0),"ピック導線を改善",IF(AND(I35>0,H35>0),"梱包手順を改善",IF(AND(G35<0,H35<0),"良好","目標達成"))))) | L35: =IF(AND(ISNUMBER(C35),ISNUMBER(D35)),IF(OR(E35="",E35=0),-1E+99,I35+ROW()/100000),IF(B35="",-1E+99,IF(ISNUMBER(C35),G35+ROW()/100000,IF(ISNUMBER(D35),H35+ROW()/100000,-1E+99)))) -> -1e+99 | M35: =IF(OR(E35="",E35=0),-1E+99,F35-ROW()/100000) -> -1e+99 | N35: =IF(B35="","",COUNTA($B$9:B35)) -> 27
A36: 28 | B36: 平田 学 | E36: =IF(OR(B36="",NOT(ISNUMBER(C36)),NOT(ISNUMBER(D36))),"",C36+D36) | F36: =IF(OR(E36="",E36=0),"",$D$5/E36) | G36: =IF(OR(B36="",NOT(ISNUMBER(C36))),"",C36-$B$5) | H36: =IF(OR(B36="",NOT(ISNUMBER(D36))),"",D36-$C$5) | I36: =IF(OR(E36="",E36=0),"",E36-$D$5) | J36: =IF(OR(E36="",E36=0),"",IF(AND(G36>0,H36>0),"要改善（両方遅い）",IF(G36>0,"ピッキング改善",IF(H36>0,"梱包改善","良好")))) | K36: =IF(OR(E36="",E36=0),"",IF(AND(G36>0,H36>0),IF(I36>=0.2,"両工程を見直し","両工程を微改善"),IF(AND(I36>0,G36>0),"ピック導線を改善",IF(AND(I36>0,H36>0),"梱包手順を改善",IF(AND(G36<0,H36<0),"良好","目標達成"))))) | L36: =IF(AND(ISNUMBER(C36),ISNUMBER(D36)),IF(OR(E36="",E36=0),-1E+99,I36+ROW()/100000),IF(B36="",-1E+99,IF(ISNUMBER(C36),G36+ROW()/100000,IF(ISNUMBER(D36),H36+ROW()/100000,-1E+99)))) -> -1e+99 | M36: =IF(OR(E36="",E36=0),-1E+99,F36-ROW()/100000) -> -1e+99 | N36: =IF(B36="","",COUNTA($B$9:B36)) -> 28
A37: 29 | E37: =IF(OR(B37="",NOT(ISNUMBER(C37)),NOT(ISNUMBER(D37))),"",C37+D37) | F37: =IF(OR(E37="",E37=0),"",$D$5/E37) | G37: =IF(OR(B37="",NOT(ISNUMBER(C37))),"",C37-$B$5) | H37: =IF(OR(B37="",NOT(ISNUMBER(D37))),"",D37-$C$5) | I37: =IF(OR(E37="",E37=0),"",E37-$D$5) | J37: =IF(OR(E37="",E37=0),"",IF(AND(G37>0,H37>0),"要改善（両方遅い）",IF(G37>0,"ピッキング改善",IF(H37>0,"梱包改善","良好")))) | K37: =IF(OR(E37="",E37=0),"",IF(AND(G37>0,H37>0),IF(I37>=0.2,"両工程を見直し","両工程を微改善"),IF(AND(I37>0,G37>0),"ピック導線を改善",IF(AND(I37>0,H37>0),"梱包手順を改善",IF(AND(G37<0,H37<0),"良好","目標達成"))))) | L37: =IF(AND(ISNUMBER(C37),ISNUMBER(D37)),IF(OR(E37="",E37=0),-1E+99,I37+ROW()/100000),IF(B37="",-1E+99,IF(ISNUMBER(C37),G37+ROW()/100000,IF(ISNUMBER(D37),H37+ROW()/100000,-1E+99)))) -> -1e+99 | M37: =IF(OR(E37="",E37=0),-1E+99,F37-ROW()/100000) -> -1e+99 | N37: =IF(B37="","",COUNTA($B$9:B37))
A38: 30 | E38: =IF(OR(B38="",NOT(ISNUMBER(C38)),NOT(ISNUMBER(D38))),"",C38+D38) | F38: =IF(OR(E38="",E38=0),"",$D$5/E38) | G38: =IF(OR(B38="",NOT(ISNUMBER(C38))),"",C38-$B$5) | H38: =IF(OR(B38="",NOT(ISNUMBER(D38))),"",D38-$C$5) | I38: =IF(OR(E38="",E38=0),"",E38-$D$5) | J38: =IF(OR(E38="",E38=0),"",IF(AND(G38>0,H38>0),"要改善（両方遅い）",IF(G38>0,"ピッキング改善",IF(H38>0,"梱包改善","良好")))) | K38: =IF(OR(E38="",E38=0),"",IF(AND(G38>0,H38>0),IF(I38>=0.2,"両工程を見直し","両工程を微改善"),IF(AND(I38>0,G38>0),"ピック導線を改善",IF(AND(I38>0,H38>0),"梱包手順を改善",IF(AND(G38<0,H38<0),"良好","目標達成"))))) | L38: =IF(AND(ISNUMBER(C38),ISNUMBER(D38)),IF(OR(E38="",E38=0),-1E+99,I38+ROW()/100000),IF(B38="",-1E+99,IF(ISNUMBER(C38),G38+ROW()/100000,IF(ISNUMBER(D38),H38+ROW()/100000,-1E+99)))) -> -1e+99 | M38: =IF(OR(E38="",E38=0),-1E+99,F38-ROW()/100000) -> -1e+99 | N38: =IF(B38="","",COUNTA($B$9:B38))
A39: 31 | E39: =IF(OR(B39="",NOT(ISNUMBER(C39)),NOT(ISNUMBER(D39))),"",C39+D39) | F39: =IF(OR(E39="",E39=0),"",$D$5/E39) | G39: =IF(OR(B39="",NOT(ISNUMBER(C39))),"",C39-$B$5) | H39: =IF(OR(B39="",NOT(ISNUMBER(D39))),"",D39-$C$5) | I39: =IF(OR(E39="",E39=0),"",E39-$D$5) | J39: =IF(OR(E39="",E39=0),"",IF(AND(G39>0,H39>0),"要改善（両方遅い）",IF(G39>0,"ピッキング改善",IF(H39>0,"梱包改善","良好")))) | K39: =IF(OR(E39="",E39=0),"",IF(AND(G39>0,H39>0),IF(I39>=0.2,"両工程を見直し","両工程を微改善"),IF(AND(I39>0,G39>0),"ピック導線を改善",IF(AND(I39>0,H39>0),"梱包手順を改善",IF(AND(G39<0,H39<0),"良好","目標達成"))))) | L39: =IF(AND(ISNUMBER(C39),ISNUMBER(D39)),IF(OR(E39="",E39=0),-1E+99,I39+ROW()/100000),IF(B39="",-1E+99,IF(ISNUMBER(C39),G39+ROW()/100000,IF(ISNUMBER(D39),H39+ROW()/100000,-1E+99)))) -> -1e+99 | M39: =IF(OR(E39="",E39=0),-1E+99,F39-ROW()/100000) -> -1e+99 | N39: =IF(B39="","",COUNTA($B$9:B39))
A40: 32 | E40: =IF(OR(B40="",NOT(ISNUMBER(C40)),NOT(ISNUMBER(D40))),"",C40+D40) | F40: =IF(OR(E40="",E40=0),"",$D$5/E40) | G40: =IF(OR(B40="",NOT(ISNUMBER(C40))),"",C40-$B$5) | H40: =IF(OR(B40="",NOT(ISNUMBER(D40))),"",D40-$C$5) | I40: =IF(OR(E40="",E40=0),"",E40-$D$5) | J40: =IF(OR(E40="",E40=0),"",IF(AND(G40>0,H40>0),"要改善（両方遅い）",IF(G40>0,"ピッキング改善",IF(H40>0,"梱包改善","良好")))) | K40: =IF(OR(E40="",E40=0),"",IF(AND(G40>0,H40>0),IF(I40>=0.2,"両工程を見直し","両工程を微改善"),IF(AND(I40>0,G40>0),"ピック導線を改善",IF(AND(I40>0,H40>0),"梱包手順を改善",IF(AND(G40<0,H40<0),"良好","目標達成"))))) | L40: =IF(AND(ISNUMBER(C40),ISNUMBER(D40)),IF(OR(E40="",E40=0),-1E+99,I40+ROW()/100000),IF(B40="",-1E+99,IF(ISNUMBER(C40),G40+ROW()/100000,IF(ISNUMBER(D40),H40+ROW()/100000,-1E+99)))) -> -1e+99 | M40: =IF(OR(E40="",E40=0),-1E+99,F40-ROW()/100000) -> -1e+99 | N40: =IF(B40="","",COUNTA($B$9:B40))
A41: 33 | E41: =IF(OR(B41="",NOT(ISNUMBER(C41)),NOT(ISNUMBER(D41))),"",C41+D41) | F41: =IF(OR(E41="",E41=0),"",$D$5/E41) | G41: =IF(OR(B41="",NOT(ISNUMBER(C41))),"",C41-$B$5) | H41: =IF(OR(B41="",NOT(ISNUMBER(D41))),"",D41-$C$5) | I41: =IF(OR(E41="",E41=0),"",E41-$D$5) | J41: =IF(OR(E41="",E41=0),"",IF(AND(G41>0,H41>0),"要改善（両方遅い）",IF(G41>0,"ピッキング改善",IF(H41>0,"梱包改善","良好")))) | K41: =IF(OR(E41="",E41=0),"",IF(AND(G41>0,H41>0),IF(I41>=0.2,"両工程を見直し","両工程を微改善"),IF(AND(I41>0,G41>0),"ピック導線を改善",IF(AND(I41>0,H41>0),"梱包手順を改善",IF(AND(G41<0,H41<0),"良好","目標達成"))))) | L41: =IF(AND(ISNUMBER(C41),ISNUMBER(D41)),IF(OR(E41="",E41=0),-1E+99,I41+ROW()/100000),IF(B41="",-1E+99,IF(ISNUMBER(C41),G41+ROW()/100000,IF(ISNUMBER(D41),H41+ROW()/100000,-1E+99)))) -> -1e+99 | M41: =IF(OR(E41="",E41=0),-1E+99,F41-ROW()/100000) -> -1e+99 | N41: =IF(B41="","",COUNTA($B$9:B41))
A42: 34 | E42: =IF(OR(B42="",NOT(ISNUMBER(C42)),NOT(ISNUMBER(D42))),"",C42+D42) | F42: =IF(OR(E42="",E42=0),"",$D$5/E42) | G42: =IF(OR(B42="",NOT(ISNUMBER(C42))),"",C42-$B$5) | H42: =IF(OR(B42="",NOT(ISNUMBER(D42))),"",D42-$C$5) | I42: =IF(OR(E42="",E42=0),"",E42-$D$5) | J42: =IF(OR(E42="",E42=0),"",IF(AND(G42>0,H42>0),"要改善（両方遅い）",IF(G42>0,"ピッキング改善",IF(H42>0,"梱包改善","良好")))) | K42: =IF(OR(E42="",E42=0),"",IF(AND(G42>0,H42>0),IF(I42>=0.2,"両工程を見直し","両工程を微改善"),IF(AND(I42>0,G42>0),"ピック導線を改善",IF(AND(I42>0,H42>0),"梱包手順を改善",IF(AND(G42<0,H42<0),"良好","目標達成"))))) | L42: =IF(AND(ISNUMBER(C42),ISNUMBER(D42)),IF(OR(E42="",E42=0),-1E+99,I42+ROW()/100000),IF(B42="",-1E+99,IF(ISNUMBER(C42),G42+ROW()/100000,IF(ISNUMBER(D42),H42+ROW()/100000,-1E+99)))) -> -1e+99 | M42: =IF(OR(E42="",E42=0),-1E+99,F42-ROW()/100000) -> -1e+99 | N42: =IF(B42="","",COUNTA($B$9:B42))
A43: 35 | E43: =IF(OR(B43="",NOT(ISNUMBER(C43)),NOT(ISNUMBER(D43))),"",C43+D43) | F43: =IF(OR(E43="",E43=0),"",$D$5/E43) | G43: =IF(OR(B43="",NOT(ISNUMBER(C43))),"",C43-$B$5) | H43: =IF(OR(B43="",NOT(ISNUMBER(D43))),"",D43-$C$5) | I43: =IF(OR(E43="",E43=0),"",E43-$D$5) | J43: =IF(OR(E43="",E43=0),"",IF(AND(G43>0,H43>0),"要改善（両方遅い）",IF(G43>0,"ピッキング改善",IF(H43>0,"梱包改善","良好")))) | K43: =IF(OR(E43="",E43=0),"",IF(AND(G43>0,H43>0),IF(I43>=0.2,"両工程を見直し","両工程を微改善"),IF(AND(I43>0,G43>0),"ピック導線を改善",IF(AND(I43>0,H43>0),"梱包手順を改善",IF(AND(G43<0,H43<0),"良好","目標達成"))))) | L43: =IF(AND(ISNUMBER(C43),ISNUMBER(D43)),IF(OR(E43="",E43=0),-1E+99,I43+ROW()/100000),IF(B43="",-1E+99,IF(ISNUMBER(C43),G43+ROW()/100000,IF(ISNUMBER(D43),H43+ROW()/100000,-1E+99)))) -> -1e+99 | M43: =IF(OR(E43="",E43=0),-1E+99,F43-ROW()/100000) -> -1e+99 | N43: =IF(B43="","",COUNTA($B$9:B43))
A44: 36 | E44: =IF(OR(B44="",NOT(ISNUMBER(C44)),NOT(ISNUMBER(D44))),"",C44+D44) | F44: =IF(OR(E44="",E44=0),"",$D$5/E44) | G44: =IF(OR(B44="",NOT(ISNUMBER(C44))),"",C44-$B$5) | H44: =IF(OR(B44="",NOT(ISNUMBER(D44))),"",D44-$C$5) | I44: =IF(OR(E44="",E44=0),"",E44-$D$5) | J44: =IF(OR(E44="",E44=0),"",IF(AND(G44>0,H44>0),"要改善（両方遅い）",IF(G44>0,"ピッキング改善",IF(H44>0,"梱包改善","良好")))) | K44: =IF(OR(E44="",E44=0),"",IF(AND(G44>0,H44>0),IF(I44>=0.2,"両工程を見直し","両工程を微改善"),IF(AND(I44>0,G44>0),"ピック導線を改善",IF(AND(I44>0,H44>0),"梱包手順を改善",IF(AND(G44<0,H44<0),"良好","目標達成"))))) | L44: =IF(AND(ISNUMBER(C44),ISNUMBER(D44)),IF(OR(E44="",E44=0),-1E+99,I44+ROW()/100000),IF(B44="",-1E+99,IF(ISNUMBER(C44),G44+ROW()/100000,IF(ISNUMBER(D44),H44+ROW()/100000,-1E+99)))) -> -1e+99 | M44: =IF(OR(E44="",E44=0),-1E+99,F44-ROW()/100000) -> -1e+99 | N44: =IF(B44="","",COUNTA($B$9:B44))
A45: 37 | E45: =IF(OR(B45="",NOT(ISNUMBER(C45)),NOT(ISNUMBER(D45))),"",C45+D45) | F45: =IF(OR(E45="",E45=0),"",$D$5/E45) | G45: =IF(OR(B45="",NOT(ISNUMBER(C45))),"",C45-$B$5) | H45: =IF(OR(B45="",NOT(ISNUMBER(D45))),"",D45-$C$5) | I45: =IF(OR(E45="",E45=0),"",E45-$D$5) | J45: =IF(OR(E45="",E45=0),"",IF(AND(G45>0,H45>0),"要改善（両方遅い）",IF(G45>0,"ピッキング改善",IF(H45>0,"梱包改善","良好")))) | K45: =IF(OR(E45="",E45=0),"",IF(AND(G45>0,H45>0),IF(I45>=0.2,"両工程を見直し","両工程を微改善"),IF(AND(I45>0,G45>0),"ピック導線を改善",IF(AND(I45>0,H45>0),"梱包手順を改善",IF(AND(G45<0,H45<0),"良好","目標達成"))))) | L45: =IF(AND(ISNUMBER(C45),ISNUMBER(D45)),IF(OR(E45="",E45=0),-1E+99,I45+ROW()/100000),IF(B45="",-1E+99,IF(ISNUMBER(C45),G45+ROW()/100000,IF(ISNUMBER(D45),H45+ROW()/100000,-1E+99)))) -> -1e+99 | M45: =IF(OR(E45="",E45=0),-1E+99,F45-ROW()/100000) -> -1e+99 | N45: =IF(B45="","",COUNTA($B$9:B45))
A46: 38 | E46: =IF(OR(B46="",NOT(ISNUMBER(C46)),NOT(ISNUMBER(D46))),"",C46+D46) | F46: =IF(OR(E46="",E46=0),"",$D$5/E46) | G46: =IF(OR(B46="",NOT(ISNUMBER(C46))),"",C46-$B$5) | H46: =IF(OR(B46="",NOT(ISNUMBER(D46))),"",D46-$C$5) | I46: =IF(OR(E46="",E46=0),"",E46-$D$5) | J46: =IF(OR(E46="",E46=0),"",IF(AND(G46>0,H46>0),"要改善（両方遅い）",IF(G46>0,"ピッキング改善",IF(H46>0,"梱包改善","良好")))) | K46: =IF(OR(E46="",E46=0),"",IF(AND(G46>0,H46>0),IF(I46>=0.2,"両工程を見直し","両工程を微改善"),IF(AND(I46>0,G46>0),"ピック導線を改善",IF(AND(I46>0,H46>0),"梱包手順を改善",IF(AND(G46<0,H46<0),"良好","目標達成"))))) | L46: =IF(AND(ISNUMBER(C46),ISNUMBER(D46)),IF(OR(E46="",E46=0),-1E+99,I46+ROW()/100000),IF(B46="",-1E+99,IF(ISNUMBER(C46),G46+ROW()/100000,IF(ISNUMBER(D46),H46+ROW()/100000,-1E+99)))) -> -1e+99 | M46: =IF(OR(E46="",E46=0),-1E+99,F46-ROW()/100000) -> -1e+99 | N46: =IF(B46="","",COUNTA($B$9:B46))
A47: 39 | E47: =IF(OR(B47="",NOT(ISNUMBER(C47)),NOT(ISNUMBER(D47))),"",C47+D47) | F47: =IF(OR(E47="",E47=0),"",$D$5/E47) | G47: =IF(OR(B47="",NOT(ISNUMBER(C47))),"",C47-$B$5) | H47: =IF(OR(B47="",NOT(ISNUMBER(D47))),"",D47-$C$5) | I47: =IF(OR(E47="",E47=0),"",E47-$D$5) | J47: =IF(OR(E47="",E47=0),"",IF(AND(G47>0,H47>0),"要改善（両方遅い）",IF(G47>0,"ピッキング改善",IF(H47>0,"梱包改善","良好")))) | K47: =IF(OR(E47="",E47=0),"",IF(AND(G47>0,H47>0),IF(I47>=0.2,"両工程を見直し","両工程を微改善"),IF(AND(I47>0,G47>0),"ピック導線を改善",IF(AND(I47>0,H47>0),"梱包手順を改善",IF(AND(G47<0,H47<0),"良好","目標達成"))))) | L47: =IF(AND(ISNUMBER(C47),ISNUMBER(D47)),IF(OR(E47="",E47=0),-1E+99,I47+ROW()/100000),IF(B47="",-1E+99,IF(ISNUMBER(C47),G47+ROW()/100000,IF(ISNUMBER(D47),H47+ROW()/100000,-1E+99)))) -> -1e+99 | M47: =IF(OR(E47="",E47=0),-1E+99,F47-ROW()/100000) -> -1e+99 | N47: =IF(B47="","",COUNTA($B$9:B47))
A48: 40 | E48: =IF(OR(B48="",NOT(ISNUMBER(C48)),NOT(ISNUMBER(D48))),"",C48+D48) | F48: =IF(OR(E48="",E48=0),"",$D$5/E48) | G48: =IF(OR(B48="",NOT(ISNUMBER(C48))),"",C48-$B$5) | H48: =IF(OR(B48="",NOT(ISNUMBER(D48))),"",D48-$C$5) | I48: =IF(OR(E48="",E48=0),"",E48-$D$5) | J48: =IF(OR(E48="",E48=0),"",IF(AND(G48>0,H48>0),"要改善（両方遅い）",IF(G48>0,"ピッキング改善",IF(H48>0,"梱包改善","良好")))) | K48: =IF(OR(E48="",E48=0),"",IF(AND(G48>0,H48>0),IF(I48>=0.2,"両工程を見直し","両工程を微改善"),IF(AND(I48>0,G48>0),"ピック導線を改善",IF(AND(I48>0,H48>0),"梱包手順を改善",IF(AND(G48<0,H48<0),"良好","目標達成"))))) | L48: =IF(AND(ISNUMBER(C48),ISNUMBER(D48)),IF(OR(E48="",E48=0),-1E+99,I48+ROW()/100000),IF(B48="",-1E+99,IF(ISNUMBER(C48),G48+ROW()/100000,IF(ISNUMBER(D48),H48+ROW()/100000,-1E+99)))) -> -1e+99 | M48: =IF(OR(E48="",E48=0),-1E+99,F48-ROW()/100000) -> -1e+99 | N48: =IF(B48="","",COUNTA($B$9:B48))
... A58: 50 | E58: =IF(OR(B58="",NOT(ISNUMBER(C58)),NOT(ISNUMBER(D58))),"",C58+D58) | F58: =IF(OR(E58="",E58=0),"",$D$5/E58) | G58: =IF(OR(B58="",NOT(ISNUMBER(C58))),"",C58-$B$5) | H58: =IF(OR(B58="",NOT(ISNUMBER(D58))),"",D58-$C$5) | I58: =IF(OR(E58="",E58=0),"",E58-$D$5) | J58: =IF(OR(E58="",E58=0),"",IF(AND(G58>0,H58>0),"要改善（両方遅い）",IF(G58>0,"ピッキング改善",IF(H58>0,"梱包改善","良好")))) | K58: =IF(OR(E58="",E58=0),"",IF(AND(G58>0,H58>0),IF(I58>=0.2,"両工程を見直し","両工程を微改善"),IF(AND(I58>0,G58>0),"ピック導線を改善",IF(AND(I58>0,H58>0),"梱包手順を改善",IF(AND(G58<0,H58<0),"良好","目標達成"))))) | L58: =IF(AND(ISNUMBER(C58),ISNUMBER(D58)),IF(OR(E58="",E58=0),-1E+99,I58+ROW()/100000),IF(B58="",-1E+99,IF(ISNUMBER(C58),G58+ROW()/100000,IF(ISNUMBER(D58),H58+ROW()/100000,-1E+99)))) -> -1e+99 | M58: =IF(OR(E58="",E58=0),-1E+99,F58-ROW()/100000) -> -1e+99 | N58: =IF(B58="","",COUNTA($B$9:B58))

Sheet 集計用
A1: 表示順_担当者 | B1: ピック | C1: 梱包 | D1: 合計 | E1: 達成率 | F1: 分類 | G1: コメント | I1: 優先順_担当者 | J1: ピック | K1: 梱包 | L1: 合計 | M1: 合計差 | N1: 分類 | O1: コメント | Q1: 達成率順_担当者 | R1: 達成率 | S1: ピック | T1: 梱包 | U1: 合計 | Z1: 表示用索引 | AA1: 優先順位索引 | AB1: 達成率順位索引 | AC1: 目標ピック | AD1: 目標梱包 | AE1: x基準 | AF1: y最小 | AG1: x最小 | AH1: y基準
A2: =IF($Z2="","",INDEX(入力!$B$9:$B$58,$Z2)) -> 佐藤 辰成 | B2: =IF($Z2="","",IF(INDEX(入力!$C$9:$C$58,$Z2)="","",INDEX(入力!$C$9:$C$58,$Z2))) -> 1 | C2: =IF($Z2="","",IF(INDEX(入力!$D$9:$D$58,$Z2)="","",INDEX(入力!$D$9:$D$58,$Z2))) -> 0.5 | D2: =IF($Z2="","",INDEX(入力!$E$9:$E$58,$Z2)) -> 1.5 | E2: =IF($Z2="","",INDEX(入力!$F$9:$F$58,$Z2)) -> 2.1333333 | F2: =IF($Z2="","",INDEX(入力!$J$9:$J$58,$Z2)) -> 良好 | G2: =IF($Z2="","",INDEX(入力!$K$9:$K$58,$Z2)) -> 良好 | I2: =IF($AA2="","",INDEX(入力!$B$9:$B$58,$AA2)) -> 菊池 敬 | J2: =IF($AA2="","",INDEX(入力!$C$9:$C$58,$AA2)) -> 1.7 | K2: =IF($AA2="","",INDEX(入力!$D$9:$D$58,$AA2)) -> 2.5 | L2: =IF($AA2="","",IF(INDEX(入力!$E$9:$E$58,$AA2)<>"",INDEX(入力!$E$9:$E$58,$AA2),IF(ISNUMBER(INDEX(入力!$C$9:$C$58,$AA2)),INDEX(入力!$C$9:$C$58,$AA2),INDEX(入力!$D$9:$D$58,$AA2)))) -> 4.2 | M2: =IF($AA2="","",IF(INDEX(入力!$I$9:$I$58,$AA2)<>"",INDEX(入力!$I$9:$I$58,$AA2),IF(ISNUMBER(INDEX(入力!$C$9:$C$58,$AA2)),INDEX(入力!$C$9:$C$58,$AA2)-入力!$B$5,INDEX(入力!$D$9:$D$58,$AA2)-入力!$C$5))) -> 1 | N2: =IF($AA2="","",INDEX(入力!$J$9:$J$58,$AA2)) -> 要改善（両方遅い） | O2: =IF($AA2="","",IF(INDEX(入力!$K$9:$K$58,$AA2)<>"",INDEX(入力!$K$9:$K$58,$AA2),IF(ISNUMBER(INDEX(入力!$C$9:$C$58,$AA2)),IF(INDEX(入力!$C$9:$C$58,$AA2)-入力!$B$5>0,"ピッキング改善（梱包未入力）","良好（梱包未入力）"),IF(INDEX(入力!$D$9:$D$58,$AA2)-入力!$C$5>0,"梱包改善（ピッキング未入力）","良好（ピッキング未入力）")))) -> 両工程を見直し | Q2: =IF($AB2="","",INDEX(入力!$B$9:$B$58,$AB2)) -> 佐藤 辰成 | R2: =IF($AB2="","",INDEX(入力!$F$9:$F$58,$AB2)) -> 2.1333333 | S2: =IF($AB2="","",INDEX(入力!$C$9:$C$58,$AB2)) -> 1 | T2: =IF($AB2="","",INDEX(入力!$D$9:$D$58,$AB2)) -> 0.5 | U2: =IF($AB2="","",INDEX(入力!$E$9:$E$58,$AB2)) -> 1.5 | V2: =IF($Z2="","",IF($B2<>"",$B2,IF($C2<>"",入力!$B$5,""))) -> 1 | W2: =IF($Z2="","",IF($C2<>"",$C2,IF($B2<>"",入力!$C$5,""))) -> 0.5 | Z2: =IFERROR(MATCH(ROW()-1,入力!$N$9:$N$58,0),"") -> 1 | AA2: =IF(ROW()-1>COUNTIF(入力!$L$9:$L$58,">-9.9E+98"),"",IFERROR(MATCH(LARGE(入力!$L$9:$L$58,ROW()-1),入力!$L$9:$L$58,0),"")) -> 20 | AB2: =IF(ROW()-1>COUNTIF(入力!$M$9:$M$58,">-9.9E+98"),"",IFERROR(MATCH(LARGE(入力!$M$9:$M$58,ROW()-1),入力!$M$9:$M$58,0),"")) -> 1 | AC2: =入力!$B$5 -> 1.6 | AD2: =入力!$C$5 -> 1.6 | AE2: =入力!$B$5 -> 1.6 | AF2: 1 | AG2: 1 | AH2: =入力!$C$5 -> 1.6
A3: =IF($Z3="","",INDEX(入力!$B$9:$B$58,$Z3)) -> 河野 忠 | B3: =IF($Z3="","",IF(INDEX(入力!$C$9:$C$58,$Z3)="","",INDEX(入力!$C$9:$C$58,$Z3))) -> 1.2 | C3: =IF($Z3="","",IF(INDEX(入力!$D$9:$D$58,$Z3)="","",INDEX(入力!$D$9:$D$58,$Z3))) -> 1 | D3: =IF($Z3="","",INDEX(入力!$E$9:$E$58,$Z3)) -> 2.2 | E3: =IF($Z3="","",INDEX(入力!$F$9:$F$58,$Z3)) -> 1.4545455 | F3: =IF($Z3="","",INDEX(入力!$J$9:$J$58,$Z3)) -> 良好 | G3: =IF($Z3="","",INDEX(入力!$K$9:$K$58,$Z3)) -> 良好 | I3: =IF($AA3="","",INDEX(入力!$B$9:$B$58,$AA3)) -> 森田 美加 | J3: =IF($AA3="","",INDEX(入力!$C$9:$C$58,$AA3)) -> 1.1 | K3: =IF($AA3="","",INDEX(入力!$D$9:$D$58,$AA3)) -> 3.1 | L3: =IF($AA3="","",IF(INDEX(入力!$E$9:$E$58,$AA3)<>"",INDEX(入力!$E$9:$E$58,$AA3),IF(ISNUMBER(INDEX(入力!$C$9:$C$58,$AA3)),INDEX(入力!$C$9:$C$58,$AA3),INDEX(入力!$D$9:$D$58,$AA3)))) -> 4.2 | M3: =IF($AA3="","",IF(INDEX(入力!$I$9:$I$58,$AA3)<>"",INDEX(入力!$I$9:$I$58,$AA3),IF(ISNUMBER(INDEX(入力!$C$9:$C$58,$AA3)),INDEX(入力!$C$9:$C$58,$AA3)-入力!$B$5,INDEX(入力!$D$9:$D$58,$AA3)-入力!$C$5))) -> 1 | N3: =IF($AA3="","",INDEX(入力!$J$9:$J$58,$AA3)) -> 梱包改善 | O3: =IF($AA3="","",IF(INDEX(入力!$K$9:$K$58,$AA3)<>"",INDEX(入力!$K$9:$K$58,$AA3),IF(ISNUMBER(INDEX(入力!$C$9:$C$58,$AA3)),IF(INDEX(入力!$C$9:$C$58,$AA3)-入力!$B$5>0,"ピッキング改善（梱包未入力）","良好（梱包未入力）"),IF(INDEX(入力!$D$9:$D$58,$AA3)-入力!$C$5>0,"梱包改善（ピッキング未入力）","良好（ピッキング未入力）")))) -> 梱包手順を改善 | Q3: =IF($AB3="","",INDEX(入力!$B$9:$B$58,$AB3)) -> 本吉 有美子 | R3: =IF($AB3="","",INDEX(入力!$F$9:$F$58,$AB3)) -> 1.5238095 | S3: =IF($AB3="","",INDEX(入力!$C$9:$C$58,$AB3)) -> 1.1 | T3: =IF($AB3="","",INDEX(入力!$D$9:$D$58,$AB3)) -> 1 | U3: =IF($AB3="","",INDEX(入力!$E$9:$E$58,$AB3)) -> 2.1 | V3: =IF($Z3="","",IF($B3<>"",$B3,IF($C3<>"",入力!$B$5,""))) -> 1.2 | W3: =IF($Z3="","",IF($C3<>"",$C3,IF($B3<>"",入力!$C$5,""))) -> 1 | Z3: =IFERROR(MATCH(ROW()-1,入力!$N$9:$N$58,0),"") -> 2 | AA3: =IF(ROW()-1>COUNTIF(入力!$L$9:$L$58,">-9.9E+98"),"",IFERROR(MATCH(LARGE(入力!$L$9:$L$58,ROW()-1),入力!$L$9:$L$58,0),"")) -> 14 | AB3: =IF(ROW()-1>COUNTIF(入力!$M$9:$M$58,">-9.9E+98"),"",IFERROR(MATCH(LARGE(入力!$M$9:$M$58,ROW()-1),入力!$M$9:$M$58,0),"")) -> 9 | AC3: =入力!$B$5 -> 1.6 | AD3: =入力!$C$5 -> 1.6 | AE3: =入力!$B$5 -> 1.6 | AF3: 2.4 | AG3: 2.4 | AH3: =入力!$C$5 -> 1.6
A4: =IF($Z4="","",INDEX(入力!$B$9:$B$58,$Z4)) -> 中納 沙織 | B4: =IF($Z4="","",IF(INDEX(入力!$C$9:$C$58,$Z4)="","",INDEX(入力!$C$9:$C$58,$Z4))) -> 1.3 | C4: =IF($Z4="","",IF(INDEX(入力!$D$9:$D$58,$Z4)="","",INDEX(入力!$D$9:$D$58,$Z4))) -> 2.1 | D4: =IF($Z4="","",INDEX(入力!$E$9:$E$58,$Z4)) -> 3.4 | E4: =IF($Z4="","",INDEX(入力!$F$9:$F$58,$Z4)) -> 0.94117647 | F4: =IF($Z4="","",INDEX(入力!$J$9:$J$58,$Z4)) -> 梱包改善 | G4: =IF($Z4="","",INDEX(入力!$K$9:$K$58,$Z4)) -> 梱包手順を改善 | I4: =IF($AA4="","",INDEX(入力!$B$9:$B$58,$AA4)) -> 木村 千鶴 | J4: =IF($AA4="","",INDEX(入力!$C$9:$C$58,$AA4)) -> 1.7 | K4: =IF($AA4="","",INDEX(入力!$D$9:$D$58,$AA4)) -> 2.2 | L4: =IF($AA4="","",IF(INDEX(入力!$E$9:$E$58,$AA4)<>"",INDEX(入力!$E$9:$E$58,$AA4),IF(ISNUMBER(INDEX(入力!$C$9:$C$58,$AA4)),INDEX(入力!$C$9:$C$58,$AA4),INDEX(入力!$D$9:$D$58,$AA4)))) -> 3.9 | M4: =IF($AA4="","",IF(INDEX(入力!$I$9:$I$58,$AA4)<>"",INDEX(入力!$I$9:$I$58,$AA4),IF(ISNUMBER(INDEX(入力!$C$9:$C$58,$AA4)),INDEX(入力!$C$9:$C$58,$AA4)-入力!$B$5,INDEX(入力!$D$9:$D$58,$AA4)-入力!$C$5))) -> 0.7 | N4: =IF($AA4="","",INDEX(入力!$J$9:$J$58,$AA4)) -> 要改善（両方遅い） | O4: =IF($AA4="","",IF(INDEX(入力!$K$9:$K$58,$AA4)<>"",INDEX(入力!$K$9:$K$58,$AA4),IF(ISNUMBER(INDEX(入力!$C$9:$C$58,$AA4)),IF(INDEX(入力!$C$9:$C$58,$AA4)-入力!$B$5>0,"ピッキング改善（梱包未入力）","良好（梱包未入力）"),IF(INDEX(入力!$D$9:$D$58,$AA4)-入力!$C$5>0,"梱包改善（ピッキング未入力）","良好（ピッキング未入力）")))) -> 両工程を見直し | Q4: =IF($AB4="","",INDEX(入力!$B$9:$B$58,$AB4)) -> 河野 忠 | R4: =IF($AB4="","",INDEX(入力!$F$9:$F$58,$AB4)) -> 1.4545455 | S4: =IF($AB4="","",INDEX(入力!$C$9:$C$58,$AB4)) -> 1.2 | T4: =IF($AB4="","",INDEX(入力!$D$9:$D$58,$AB4)) -> 1 | U4: =IF($AB4="","",INDEX(入力!$E$9:$E$58,$AB4)) -> 2.2 | V4: =IF($Z4="","",IF($B4<>"",$B4,IF($C4<>"",入力!$B$5,""))) -> 1.3 | W4: =IF($Z4="","",IF($C4<>"",$C4,IF($B4<>"",入力!$C$5,""))) -> 2.1 | Z4: =IFERROR(MATCH(ROW()-1,入力!$N$9:$N$58,0),"") -> 3 | AA4: =IF(ROW()-1>COUNTIF(入力!$L$9:$L$58,">-9.9E+98"),"",IFERROR(MATCH(LARGE(入力!$L$9:$L$58,ROW()-1),入力!$L$9:$L$58,0),"")) -> 12 | AB4: =IF(ROW()-1>COUNTIF(入力!$M$9:$M$58,">-9.9E+98"),"",IFERROR(MATCH(LARGE(入力!$M$9:$M$58,ROW()-1),入力!$M$9:$M$58,0),"")) -> 2 | AC4: =入力!$B$5 -> 1.6 | AD4: =入力!$C$5 -> 1.6
A5: =IF($Z5="","",INDEX(入力!$B$9:$B$58,$Z5)) -> 澤田 凌 | B5: =IF($Z5="","",IF(INDEX(入力!$C$9:$C$58,$Z5)="","",INDEX(入力!$C$9:$C$58,$Z5))) -> 1.6 | C5: =IF($Z5="","",IF(INDEX(入力!$D$9:$D$58,$Z5)="","",INDEX(入力!$D$9:$D$58,$Z5))) -> 1.6 | D5: =IF($Z5="","",INDEX(入力!$E$9:$E$58,$Z5)) -> 3.2 | E5: =IF($Z5="","",INDEX(入力!$F$9:$F$58,$Z5)) -> 1 | F5: =IF($Z5="","",INDEX(入力!$J$9:$J$58,$Z5)) -> 良好 | G5: =IF($Z5="","",INDEX(入力!$K$9:$K$58,$Z5)) -> 目標達成 | I5: =IF($AA5="","",INDEX(入力!$B$9:$B$58,$AA5)) -> 片岡 達也 | J5: =IF($AA5="","",INDEX(入力!$C$9:$C$58,$AA5)) -> 3.1 | K5: =IF($AA5="","",INDEX(入力!$D$9:$D$58,$AA5)) -> 0.6 | L5: =IF($AA5="","",IF(INDEX(入力!$E$9:$E$58,$AA5)<>"",INDEX(入力!$E$9:$E$58,$AA5),IF(ISNUMBER(INDEX(入力!$C$9:$C$58,$AA5)),INDEX(入力!$C$9:$C$58,$AA5),INDEX(入力!$D$9:$D$58,$AA5)))) -> 3.7 | M5: =IF($AA5="","",IF(INDEX(入力!$I$9:$I$58,$AA5)<>"",INDEX(入力!$I$9:$I$58,$AA5),IF(ISNUMBER(INDEX(入力!$C$9:$C$58,$AA5)),INDEX(入力!$C$9:$C$58,$AA5)-入力!$B$5,INDEX(入力!$D$9:$D$58,$AA5)-入力!$C$5))) -> 0.5 | N5: =IF($AA5="","",INDEX(入力!$J$9:$J$58,$AA5)) -> ピッキング改善 | O5: =IF($AA5="","",IF(INDEX(入力!$K$9:$K$58,$AA5)<>"",INDEX(入力!$K$9:$K$58,$AA5),IF(ISNUMBER(INDEX(入力!$C$9:$C$58,$AA5)),IF(INDEX(入力!$C$9:$C$58,$AA5)-入力!$B$5>0,"ピッキング改善（梱包未入力）","良好（梱包未入力）"),IF(INDEX(入力!$D$9:$D$58,$AA5)-入力!$C$5>0,"梱包改善（ピッキング未入力）","良好（ピッキング未入力）")))) -> ピック導線を改善 | Q5: =IF($AB5="","",INDEX(入力!$B$9:$B$58,$AB5)) -> 佐々木 千恵 | R5: =IF($AB5="","",INDEX(入力!$F$9:$F$58,$AB5)) -> 1.3913043 | S5: =IF($AB5="","",INDEX(入力!$C$9:$C$58,$AB5)) -> 1.7 | T5: =IF($AB5="","",INDEX(入力!$D$9:$D$58,$AB5)) -> 0.6 | U5: =IF($AB5="","",INDEX(入力!$E$9:$E$58,$AB5)) -> 2.3 | V5: =IF($Z5="","",IF($B5<>"",$B5,IF($C5<>"",入力!$B$5,""))) -> 1.6 | W5: =IF($Z5="","",IF($C5<>"",$C5,IF($B5<>"",入力!$C$5,""))) -> 1.6 | Z5: =IFERROR(MATCH(ROW()-1,入力!$N$9:$N$58,0),"") -> 4 | AA5: =IF(ROW()-1>COUNTIF(入力!$L$9:$L$58,">-9.9E+98"),"",IFERROR(MATCH(LARGE(入力!$L$9:$L$58,ROW()-1),入力!$L$9:$L$58,0),"")) -> 6 | AB5: =IF(ROW()-1>COUNTIF(入力!$M$9:$M$58,">-9.9E+98"),"",IFERROR(MATCH(LARGE(入力!$M$9:$M$58,ROW()-1),入力!$M$9:$M$58,0),"")) -> 5 | AC5: =入力!$B$5 -> 1.6 | AD5: =入力!$C$5 -> 1.6
A6: =IF($Z6="","",INDEX(入力!$B$9:$B$58,$Z6)) -> 佐々木 千恵 | B6: =IF($Z6="","",IF(INDEX(入力!$C$9:$C$58,$Z6)="","",INDEX(入力!$C$9:$C$58,$Z6))) -> 1.7 | C6: =IF($Z6="","",IF(INDEX(入力!$D$9:$D$58,$Z6)="","",INDEX(入力!$D$9:$D$58,$Z6))) -> 0.6 | D6: =IF($Z6="","",INDEX(入力!$E$9:$E$58,$Z6)) -> 2.3 | E6: =IF($Z6="","",INDEX(入力!$F$9:$F$58,$Z6)) -> 1.3913043 | F6: =IF($Z6="","",INDEX(入力!$J$9:$J$58,$Z6)) -> ピッキング改善 | G6: =IF($Z6="","",INDEX(入力!$K$9:$K$58,$Z6)) -> 目標達成 | I6: =IF($AA6="","",INDEX(入力!$B$9:$B$58,$AA6)) -> 廣瀬 こずえ | J6: =IF($AA6="","",INDEX(入力!$C$9:$C$58,$AA6)) -> 2 | K6: =IF($AA6="","",INDEX(入力!$D$9:$D$58,$AA6)) -> 0 | L6: =IF($AA6="","",IF(INDEX(入力!$E$9:$E$58,$AA6)<>"",INDEX(入力!$E$9:$E$58,$AA6),IF(ISNUMBER(INDEX(入力!$C$9:$C$58,$AA6)),INDEX(入力!$C$9:$C$58,$AA6),INDEX(入力!$D$9:$D$58,$AA6)))) -> 2 | M6: =IF($AA6="","",IF(INDEX(入力!$I$9:$I$58,$AA6)<>"",INDEX(入力!$I$9:$I$58,$AA6),IF(ISNUMBER(INDEX(入力!$C$9:$C$58,$AA6)),INDEX(入力!$C$9:$C$58,$AA6)-入力!$B$5,INDEX(入力!$D$9:$D$58,$AA6)-入力!$C$5))) -> 0.4 | N6: =IF($AA6="","",INDEX(入力!$J$9:$J$58,$AA6)) | O6: =IF($AA6="","",IF(INDEX(入力!$K$9:$K$58,$AA6)<>"",INDEX(入力!$K$9:$K$58,$AA6),IF(ISNUMBER(INDEX(入力!$C$9:$C$58,$AA6)),IF(INDEX(入力!$C$9:$C$58,$AA6)-入力!$B$5>0,"ピッキング改善（梱包未入力）","良好（梱包未入力）"),IF(INDEX(入力!$D$9:$D$58,$AA6)-入力!$C$5>0,"梱包改善（ピッキング未入力）","良好（ピッキング未入力）")))) -> ピッキング改善（梱包未入力） | Q6: =IF($AB6="","",INDEX(入力!$B$9:$B$58,$AB6)) -> 大江 美記子 | R6: =IF($AB6="","",INDEX(入力!$F$9:$F$58,$AB6)) -> 1.3333333 | S6: =IF($AB6="","",INDEX(入力!$C$9:$C$58,$AB6)) -> 1.2 | T6: =IF($AB6="","",INDEX(入力!$D$9:$D$58,$AB6)) -> 1.2 | U6: =IF($AB6="","",INDEX(入力!$E$9:$E$58,$AB6)) -> 2.4 | V6: =IF($Z6="","",IF($B6<>"",$B6,IF($C6<>"",入力!$B$5,""))) -> 1.7 | W6: =IF($Z6="","",IF($C6<>"",$C6,IF($B6<>"",入力!$C$5,""))) -> 0.6 | Z6: =IFERROR(MATCH(ROW()-1,入力!$N$9:$N$58,0),"") -> 5 | AA6: =IF(ROW()-1>COUNTIF(入力!$L$9:$L$58,">-9.9E+98"),"",IFERROR(MATCH(LARGE(入力!$L$9:$L$58,ROW()-1),入力!$L$9:$L$58,0),"")) -> 25 | AB6: =IF(ROW()-1>COUNTIF(入力!$M$9:$M$58,">-9.9E+98"),"",IFERROR(MATCH(LARGE(入力!$M$9:$M$58,ROW()-1),入力!$M$9:$M$58,0),"")) -> 11 | AC6: =入力!$B$5 -> 1.6 | AD6: =入力!$C$5 -> 1.6
A7: =IF($Z7="","",INDEX(入力!$B$9:$B$58,$Z7)) -> 片岡 達也 | B7: =IF($Z7="","",IF(INDEX(入力!$C$9:$C$58,$Z7)="","",INDEX(入力!$C$9:$C$58,$Z7))) -> 3.1 | C7: =IF($Z7="","",IF(INDEX(入力!$D$9:$D$58,$Z7)="","",INDEX(入力!$D$9:$D$58,$Z7))) -> 0.6 | D7: =IF($Z7="","",INDEX(入力!$E$9:$E$58,$Z7)) -> 3.7 | E7: =IF($Z7="","",INDEX(入力!$F$9:$F$58,$Z7)) -> 0.86486486 | F7: =IF($Z7="","",INDEX(入力!$J$9:$J$58,$Z7)) -> ピッキング改善 | G7: =IF($Z7="","",INDEX(入力!$K$9:$K$58,$Z7)) -> ピック導線を改善 | I7: =IF($AA7="","",INDEX(入力!$B$9:$B$58,$AA7)) -> 高橋 正美 | J7: =IF($AA7="","",INDEX(入力!$C$9:$C$58,$AA7)) -> 1.9 | K7: =IF($AA7="","",INDEX(入力!$D$9:$D$58,$AA7)) -> 0 | L7: =IF($AA7="","",IF(INDEX(入力!$E$9:$E$58,$AA7)<>"",INDEX(入力!$E$9:$E$58,$AA7),IF(ISNUMBER(INDEX(入力!$C$9:$C$58,$AA7)),INDEX(入力!$C$9:$C$58,$AA7),INDEX(入力!$D$9:$D$58,$AA7)))) -> 1.9 | M7: =IF($AA7="","",IF(INDEX(入力!$I$9:$I$58,$AA7)<>"",INDEX(入力!$I$9:$I$58,$AA7),IF(ISNUMBER(INDEX(入力!$C$9:$C$58,$AA7)),INDEX(入力!$C$9:$C$58,$AA7)-入力!$B$5,INDEX(入力!$D$9:$D$58,$AA7)-入力!$C$5))) -> 0.3 | N7: =IF($AA7="","",INDEX(入力!$J$9:$J$58,$AA7)) | O7: =IF($AA7="","",IF(INDEX(入力!$K$9:$K$58,$AA7)<>"",INDEX(入力!$K$9:$K$58,$AA7),IF(ISNUMBER(INDEX(入力!$C$9:$C$58,$AA7)),IF(INDEX(入力!$C$9:$C$58,$AA7)-入力!$B$5>0,"ピッキング改善（梱包未入力）","良好（梱包未入力）"),IF(INDEX(入力!$D$9:$D$58,$AA7)-入力!$C$5>0,"梱包改善（ピッキング未入力）","良好（ピッキング未入力）")))) -> ピッキング改善（梱包未入力） | Q7: =IF($AB7="","",INDEX(入力!$B$9:$B$58,$AB7)) -> 晩田 恵美 | R7: =IF($AB7="","",INDEX(入力!$F$9:$F$58,$AB7)) -> 1.28 | S7: =IF($AB7="","",INDEX(入力!$C$9:$C$58,$AB7)) -> 1.1 | T7: =IF($AB7="","",INDEX(入力!$D$9:$D$58,$AB7)) -> 1.4 | U7: =IF($AB7="","",INDEX(入力!$E$9:$E$58,$AB7)) -> 2.5 | V7: =IF($Z7="","",IF($B7<>"",$B7,IF($C7<>"",入力!$B$5,""))) -> 3.1 | W7: =IF($Z7="","",IF($C7<>"",$C7,IF($B7<>"",入力!$C$5,""))) -> 0.6 | Z7: =IFERROR(MATCH(ROW()-1,入力!$N$9:$N$58,0),"") -> 6 | AA7: =IF(ROW()-1>COUNTIF(入力!$L$9:$L$58,">-9.9E+98"),"",IFERROR(MATCH(LARGE(入力!$L$9:$L$58,ROW()-1),入力!$L$9:$L$58,0),"")) -> 24 | AB7: =IF(ROW()-1>COUNTIF(入力!$M$9:$M$58,">-9.9E+98"),"",IFERROR(MATCH(LARGE(入力!$M$9:$M$58,ROW()-1),入力!$M$9:$M$58,0),"")) -> 13 | AC7: =入力!$B$5 -> 1.6 | AD7: =入力!$C$5 -> 1.6
A8: =IF($Z8="","",INDEX(入力!$B$9:$B$58,$Z8)) -> 後藤 克行 | B8: =IF($Z8="","",IF(INDEX(入力!$C$9:$C$58,$Z8)="","",INDEX(入力!$C$9:$C$58,$Z8))) -> 1.5 | C8: =IF($Z8="","",IF(INDEX(入力!$D$9:$D$58,$Z8)="","",INDEX(入力!$D$9:$D$58,$Z8))) -> 1.9 | D8: =IF($Z8="","",INDEX(入力!$E$9:$E$58,$Z8)) -> 3.4 | E8: =IF($Z8="","",INDEX(入力!$F$9:$F$58,$Z8)) -> 0.94117647 | F8: =IF($Z8="","",INDEX(入力!$J$9:$J$58,$Z8)) -> 梱包改善 | G8: =IF($Z8="","",INDEX(入力!$K$9:$K$58,$Z8)) -> 梱包手順を改善 | I8: =IF($AA8="","",INDEX(入力!$B$9:$B$58,$AA8)) -> 高橋 佐織 | J8: =IF($AA8="","",INDEX(入力!$C$9:$C$58,$AA8)) -> 1.8 | K8: =IF($AA8="","",INDEX(入力!$D$9:$D$58,$AA8)) -> 1.7 | L8: =IF($AA8="","",IF(INDEX(入力!$E$9:$E$58,$AA8)<>"",INDEX(入力!$E$9:$E$58,$AA8),IF(ISNUMBER(INDEX(入力!$C$9:$C$58,$AA8)),INDEX(入力!$C$9:$C$58,$AA8),INDEX(入力!$D$9:$D$58,$AA8)))) -> 3.5 | M8: =IF($AA8="","",IF(INDEX(入力!$I$9:$I$58,$AA8)<>"",INDEX(入力!$I$9:$I$58,$AA8),IF(ISNUMBER(INDEX(入力!$C$9:$C$58,$AA8)),INDEX(入力!$C$9:$C$58,$AA8)-入力!$B$5,INDEX(入力!$D$9:$D$58,$AA8)-入力!$C$5))) -> 0.3 | N8: =IF($AA8="","",INDEX(入力!$J$9:$J$58,$AA8)) -> 要改善（両方遅い） | O8: =IF($AA8="","",IF(INDEX(入力!$K$9:$K$58,$AA8)<>"",INDEX(入力!$K$9:$K$58,$AA8),IF(ISNUMBER(INDEX(入力!$C$9:$C$58,$AA8)),IF(INDEX(入力!$C$9:$C$58,$AA8)-入力!$B$5>0,"ピッキング改善（梱包未入力）","良好（梱包未入力）"),IF(INDEX(入力!$D$9:$D$58,$AA8)-入力!$C$5>0,"梱包改善（ピッキング未入力）","良好（ピッキング未入力）")))) -> 両工程を見直し | Q8: =IF($AB8="","",INDEX(入力!$B$9:$B$58,$AB8)) -> 北田 倫子 | R8: =IF($AB8="","",INDEX(入力!$F$9:$F$58,$AB8)) -> 1.1428571 | S8: =IF($AB8="","",INDEX(入力!$C$9:$C$58,$AB8)) -> 1.6 | T8: =IF($AB8="","",INDEX(入力!$D$9:$D$58,$AB8)) -> 1.2 | U8: =IF($AB8="","",INDEX(入力!$E$9:$E$58,$AB8)) -> 2.8 | V8: =IF($Z8="","",IF($B8<>"",$B8,IF($C8<>"",入力!$B$5,""))) -> 1.5 | W8: =IF($Z8="","",IF($C8<>"",$C8,IF($B8<>"",入力!$C$5,""))) -> 1.9 | Z8: =IFERROR(MATCH(ROW()-1,入力!$N$9:$N$58,0),"") -> 7 | AA8: =IF(ROW()-1>COUNTIF(入力!$L$9:$L$58,">-9.9E+98"),"",IFERROR(MATCH(LARGE(入力!$L$9:$L$58,ROW()-1),入力!$L$9:$L$58,0),"")) -> 17 | AB8: =IF(ROW()-1>COUNTIF(入力!$M$9:$M$58,">-9.9E+98"),"",IFERROR(MATCH(LARGE(入力!$M$9:$M$58,ROW()-1),入力!$M$9:$M$58,0),"")) -> 18 | AC8: =入力!$B$5 -> 1.6 | AD8: =入力!$C$5 -> 1.6
A9: =IF($Z9="","",INDEX(入力!$B$9:$B$58,$Z9)) -> 山本 祥吉 | B9: =IF($Z9="","",IF(INDEX(入力!$C$9:$C$58,$Z9)="","",INDEX(入力!$C$9:$C$58,$Z9))) -> 1.4 | C9: =IF($Z9="","",IF(INDEX(入力!$D$9:$D$58,$Z9)="","",INDEX(入力!$D$9:$D$58,$Z9))) -> 1.8 | D9: =IF($Z9="","",INDEX(入力!$E$9:$E$58,$Z9)) -> 3.2 | E9: =IF($Z9="","",INDEX(入力!$F$9:$F$58,$Z9)) -> 1 | F9: =IF($Z9="","",INDEX(入力!$J$9:$J$58,$Z9)) -> 梱包改善 | G9: =IF($Z9="","",INDEX(入力!$K$9:$K$58,$Z9)) -> 目標達成 | I9: =IF($AA9="","",INDEX(入力!$B$9:$B$58,$AA9)) -> 秋草 文恵 | J9: =IF($AA9="","",INDEX(入力!$C$9:$C$58,$AA9)) -> 1.8 | K9: =IF($AA9="","",INDEX(入力!$D$9:$D$58,$AA9)) -> 0 | L9: =IF($AA9="","",IF(INDEX(入力!$E$9:$E$58,$AA9)<>"",INDEX(入力!$E$9:$E$58,$AA9),IF(ISNUMBER(INDEX(入力!$C$9:$C$58,$AA9)),INDEX(入力!$C$9:$C$58,$AA9),INDEX(入力!$D$9:$D$58,$AA9)))) -> 1.8 | M9: =IF($AA9="","",IF(INDEX(入力!$I$9:$I$58,$AA9)<>"",INDEX(入力!$I$9:$I$58,$AA9),IF(ISNUMBER(INDEX(入力!$C$9:$C$58,$AA9)),INDEX(入力!$C$9:$C$58,$AA9)-入力!$B$5,INDEX(入力!$D$9:$D$58,$AA9)-入力!$C$5))) -> 0.2 | N9: =IF($AA9="","",INDEX(入力!$J$9:$J$58,$AA9)) | O9: =IF($AA9="","",IF(INDEX(入力!$K$9:$K$58,$AA9)<>"",INDEX(入力!$K$9:$K$58,$AA9),IF(ISNUMBER(INDEX(入力!$C$9:$C$58,$AA9)),IF(INDEX(入力!$C$9:$C$58,$AA9)-入力!$B$5>0,"ピッキング改善（梱包未入力）","良好（梱包未入力）"),IF(INDEX(入力!$D$9:$D$58,$AA9)-入力!$C$5>0,"梱包改善（ピッキング未入力）","良好（ピッキング未入力）")))) -> ピッキング改善（梱包未入力） | Q9: =IF($AB9="","",INDEX(入力!$B$9:$B$58,$AB9)) -> 森本 久美 | R9: =IF($AB9="","",INDEX(入力!$F$9:$F$58,$AB9)) -> 1.0666667 | S9: =IF($AB9="","",INDEX(入力!$C$9:$C$58,$AB9)) -> 1.4 | T9: =IF($AB9="","",INDEX(入力!$D$9:$D$58,$AB9)) -> 1.6 | U9: =IF($AB9="","",INDEX(入力!$E$9:$E$58,$AB9)) -> 3 | V9: =IF($Z9="","",IF($B9<>"",$B9,IF($C9<>"",入力!$B$5,""))) -> 1.4 | W9: =IF($Z9="","",IF($C9<>"",$C9,IF($B9<>"",入力!$C$5,""))) -> 1.8 | Z9: =IFERROR(MATCH(ROW()-1,入力!$N$9:$N$58,0),"") -> 8 | AA9: =IF(ROW()-1>COUNTIF(入力!$L$9:$L$58,">-9.9E+98"),"",IFERROR(MATCH(LARGE(入力!$L$9:$L$58,ROW()-1),入力!$L$9:$L$58,0),"")) -> 22 | AB9: =IF(ROW()-1>COUNTIF(入力!$M$9:$M$58,">-9.9E+98"),"",IFERROR(MATCH(LARGE(入力!$M$9:$M$58,ROW()-1),入力!$M$9:$M$58,0),"")) -> 16 | AC9: =入力!$B$5 -> 1.6 | AD9: =入力!$C$5 -> 1.6
A10: =IF($Z10="","",INDEX(入力!$B$9:$B$58,$Z10)) -> 本吉 有美子 | B10: =IF($Z10="","",IF(INDEX(入力!$C$9:$C$58,$Z10)="","",INDEX(入力!$C$9:$C$58,$Z10))) -> 1.1 | C10: =IF($Z10="","",IF(INDEX(入力!$D$9:$D$58,$Z10)="","",INDEX(入力!$D$9:$D$58,$Z10))) -> 1 | D10: =IF($Z10="","",INDEX(入力!$E$9:$E$58,$Z10)) -> 2.1 | E10: =IF($Z10="","",INDEX(入力!$F$9:$F$58,$Z10)) -> 1.5238095 | F10: =IF($Z10="","",INDEX(入力!$J$9:$J$58,$Z10)) -> 良好 | G10: =IF($Z10="","",INDEX(入力!$K$9:$K$58,$Z10)) -> 良好 | I10: =IF($AA10="","",INDEX(入力!$B$9:$B$58,$AA10)) -> 上村 和恵 | J10: =IF($AA10="","",INDEX(入力!$C$9:$C$58,$AA10)) -> 1.8 | K10: =IF($AA10="","",INDEX(入力!$D$9:$D$58,$AA10)) -> 0 | L10: =IF($AA10="","",IF(INDEX(入力!$E$9:$E$58,$AA10)<>"",INDEX(入力!$E$9:$E$58,$AA10),IF(ISNUMBER(INDEX(入力!$C$9:$C$58,$AA10)),INDEX(入力!$C$9:$C$58,$AA10),INDEX(入力!$D$9:$D$58,$AA10)))) -> 1.8 | M10: =IF($AA10="","",IF(INDEX(入力!$I$9:$I$58,$AA10)<>"",INDEX(入力!$I$9:$I$58,$AA10),IF(ISNUMBER(INDEX(入力!$C$9:$C$58,$AA10)),INDEX(入力!$C$9:$C$58,$AA10)-入力!$B$5,INDEX(入力!$D$9:$D$58,$AA10)-入力!$C$5))) -> 0.2 | N10: =IF($AA10="","",INDEX(入力!$J$9:$J$58,$AA10)) | O10: =IF($AA10="","",IF(INDEX(入力!$K$9:$K$58,$AA10)<>"",INDEX(入力!$K$9:$K$58,$AA10),IF(ISNUMBER(INDEX(入力!$C$9:$C$58,$AA10)),IF(INDEX(入力!$C$9:$C$58,$AA10)-入力!$B$5>0,"ピッキング改善（梱包未入力）","良好（梱包未入力）"),IF(INDEX(入力!$D$9:$D$58,$AA10)-入力!$C$5>0,"梱包改善（ピッキング未入力）","良好（ピッキング未入力）")))) -> ピッキング改善（梱包未入力） | Q10: =IF($AB10="","",INDEX(入力!$B$9:$B$58,$AB10)) -> 鈴木 香織 | R10: =IF($AB10="","",INDEX(入力!$F$9:$F$58,$AB10)) -> 1.0666667 | S10: =IF($AB10="","",INDEX(入力!$C$9:$C$58,$AB10)) -> 1.2 | T10: =IF($AB10="","",INDEX(入力!$D$9:$D$58,$AB10)) -> 1.8 | U10: =IF($AB10="","",INDEX(入力!$E$9:$E$58,$AB10)) -> 3 | V10: =IF($Z10="","",IF($B10<>"",$B10,IF($C10<>"",入力!$B$5,""))) -> 1.1 | W10: =IF($Z10="","",IF($C10<>"",$C10,IF($B10<>"",入力!$C$5,""))) -> 1 | Z10: =IFERROR(MATCH(ROW()-1,入力!$N$9:$N$58,0),"") -> 9 | AA10: =IF(ROW()-1>COUNTIF(入力!$L$9:$L$58,">-9.9E+98"),"",IFERROR(MATCH(LARGE(入力!$L$9:$L$58,ROW()-1),入力!$L$9:$L$58,0),"")) -> 21 | AB10: =IF(ROW()-1>COUNTIF(入力!$M$9:$M$58,">-9.9E+98"),"",IFERROR(MATCH(LARGE(入力!$M$9:$M$58,ROW()-1),入力!$M$9:$M$58,0),"")) -> 19 | AC10: =入力!$B$5 -> 1.6 | AD10: =入力!$C$5 -> 1.6
A11: =IF($Z11="","",INDEX(入力!$B$9:$B$58,$Z11)) -> 屋宮 敬子 | B11: =IF($Z11="","",IF(INDEX(入力!$C$9:$C$58,$Z11)="","",INDEX(入力!$C$9:$C$58,$Z11))) | C11: =IF($Z11="","",IF(INDEX(入力!$D$9:$D$58,$Z11)="","",INDEX(入力!$D$9:$D$58,$Z11))) | D11: =IF($Z11="","",INDEX(入力!$E$9:$E$58,$Z11)) | E11: =IF($Z11="","",INDEX(入力!$F$9:$F$58,$Z11)) | F11: =IF($Z11="","",INDEX(入力!$J$9:$J$58,$Z11)) | G11: =IF($Z11="","",INDEX(入力!$K$9:$K$58,$Z11)) | I11: =IF($AA11="","",INDEX(入力!$B$9:$B$58,$AA11)) -> 後藤 克行 | J11: =IF($AA11="","",INDEX(入力!$C$9:$C$58,$AA11)) -> 1.5 | K11: =IF($AA11="","",INDEX(入力!$D$9:$D$58,$AA11)) -> 1.9 | L11: =IF($AA11="","",IF(INDEX(入力!$E$9:$E$58,$AA11)<>"",INDEX(入力!$E$9:$E$58,$AA11),IF(ISNUMBER(INDEX(入力!$C$9:$C$58,$AA11)),INDEX(入力!$C$9:$C$58,$AA11),INDEX(入力!$D$9:$D$58,$AA11)))) -> 3.4 | M11: =IF($AA11="","",IF(INDEX(入力!$I$9:$I$58,$AA11)<>"",INDEX(入力!$I$9:$I$58,$AA11),IF(ISNUMBER(INDEX(入力!$C$9:$C$58,$AA11)),INDEX(入力!$C$9:$C$58,$AA11)-入力!$B$5,INDEX(入力!$D$9:$D$58,$AA11)-入力!$C$5))) -> 0.2 | N11: =IF($AA11="","",INDEX(入力!$J$9:$J$58,$AA11)) -> 梱包改善 | O11: =IF($AA11="","",IF(INDEX(入力!$K$9:$K$58,$AA11)<>"",INDEX(入力!$K$9:$K$58,$AA11),IF(ISNUMBER(INDEX(入力!$C$9:$C$58,$AA11)),IF(INDEX(入力!$C$9:$C$58,$AA11)-入力!$B$5>0,"ピッキング改善（梱包未入力）","良好（梱包未入力）"),IF(INDEX(入力!$D$9:$D$58,$AA11)-入力!$C$5>0,"梱包改善（ピッキング未入力）","良好（ピッキング未入力）")))) -> 梱包手順を改善 | Q11: =IF($AB11="","",INDEX(入力!$B$9:$B$58,$AB11)) -> 澤田 凌 | R11: =IF($AB11="","",INDEX(入力!$F$9:$F$58,$AB11)) -> 1 | S11: =IF($AB11="","",INDEX(入力!$C$9:$C$58,$AB11)) -> 1.6 | T11: =IF($AB11="","",INDEX(入力!$D$9:$D$58,$AB11)) -> 1.6 | U11: =IF($AB11="","",INDEX(入力!$E$9:$E$58,$AB11)) -> 3.2 | V11: =IF($Z11="","",IF($B11<>"",$B11,IF($C11<>"",入力!$B$5,""))) | W11: =IF($Z11="","",IF($C11<>"",$C11,IF($B11<>"",入力!$C$5,""))) | Z11: =IFERROR(MATCH(ROW()-1,入力!$N$9:$N$58,0),"") -> 10 | AA11: =IF(ROW()-1>COUNTIF(入力!$L$9:$L$58,">-9.9E+98"),"",IFERROR(MATCH(LARGE(入力!$L$9:$L$58,ROW()-1),入力!$L$9:$L$58,0),"")) -> 7 | AB11: =IF(ROW()-1>COUNTIF(入力!$M$9:$M$58,">-9.9E+98"),"",IFERROR(MATCH(LARGE(入力!$M$9:$M$58,ROW()-1),入力!$M$9:$M$58,0),"")) -> 4 | AC11: =入力!$B$5 -> 1.6 | AD11: =入力!$C$5 -> 1.6
A12: =IF($Z12="","",INDEX(入力!$B$9:$B$58,$Z12)) -> 大江 美記子 | B12: =IF($Z12="","",IF(INDEX(入力!$C$9:$C$58,$Z12)="","",INDEX(入力!$C$9:$C$58,$Z12))) -> 1.2 | C12: =IF($Z12="","",IF(INDEX(入力!$D$9:$D$58,$Z12)="","",INDEX(入力!$D$9:$D$58,$Z12))) -> 1.2 | D12: =IF($Z12="","",INDEX(入力!$E$9:$E$58,$Z12)) -> 2.4 | E12: =IF($Z12="","",INDEX(入力!$F$9:$F$58,$Z12)) -> 1.3333333 | F12: =IF($Z12="","",INDEX(入力!$J$9:$J$58,$Z12)) -> 良好 | G12: =IF($Z12="","",INDEX(入力!$K$9:$K$58,$Z12)) -> 良好 | I12: =IF($AA12="","",INDEX(入力!$B$9:$B$58,$AA12)) -> 中納 沙織 | J12: =IF($AA12="","",INDEX(入力!$C$9:$C$58,$AA12)) -> 1.3 | K12: =IF($AA12="","",INDEX(入力!$D$9:$D$58,$AA12)) -> 2.1 | L12: =IF($AA12="","",IF(INDEX(入力!$E$9:$E$58,$AA12)<>"",INDEX(入力!$E$9:$E$58,$AA12),IF(ISNUMBER(INDEX(入力!$C$9:$C$58,$AA12)),INDEX(入力!$C$9:$C$58,$AA12),INDEX(入力!$D$9:$D$58,$AA12)))) -> 3.4 | M12: =IF($AA12="","",IF(INDEX(入力!$I$9:$I$58,$AA12)<>"",INDEX(入力!$I$9:$I$58,$AA12),IF(ISNUMBER(INDEX(入力!$C$9:$C$58,$AA12)),INDEX(入力!$C$9:$C$58,$AA12)-入力!$B$5,INDEX(入力!$D$9:$D$58,$AA12)-入力!$C$5))) -> 0.2 | N12: =IF($AA12="","",INDEX(入力!$J$9:$J$58,$AA12)) -> 梱包改善 | O12: =IF($AA12="","",IF(INDEX(入力!$K$9:$K$58,$AA12)<>"",INDEX(入力!$K$9:$K$58,$AA12),IF(ISNUMBER(INDEX(入力!$C$9:$C$58,$AA12)),IF(INDEX(入力!$C$9:$C$58,$AA12)-入力!$B$5>0,"ピッキング改善（梱包未入力）","良好（梱包未入力）"),IF(INDEX(入力!$D$9:$D$58,$AA12)-入力!$C$5>0,"梱包改善（ピッキング未入力）","良好（ピッキング未入力）")))) -> 梱包手順を改善 | Q12: =IF($AB12="","",INDEX(入力!$B$9:$B$58,$AB12)) -> 山本 祥吉 | R12: =IF($AB12="","",INDEX(入力!$F$9:$F$58,$AB12)) -> 1 | S12: =IF($AB12="","",INDEX(入力!$C$9:$C$58,$AB12)) -> 1.4 | T12: =IF($AB12="","",INDEX(入力!$D$9:$D$58,$AB12)) -> 1.8 | U12: =IF($AB12="","",INDEX(入力!$E$9:$E$58,$AB12)) -> 3.2 | V12: =IF($Z12="","",IF($B12<>"",$B12,IF($C12<>"",入力!$B$5,""))) -> 1.2 | W12: =IF($Z12="","",IF($C12<>"",$C12,IF($B12<>"",入力!$C$5,""))) -> 1.2 | Z12: =IFERROR(MATCH(ROW()-1,入力!$N$9:$N$58,0),"") -> 11 | AA12: =IF(ROW()-1>COUNTIF(入力!$L$9:$L$58,">-9.9E+98"),"",IFERROR(MATCH(LARGE(入力!$L$9:$L$58,ROW()-1),入力!$L$9:$L$58,0),"")) -> 3 | AB12: =IF(ROW()-1>COUNTIF(入力!$M$9:$M$58,">-9.9E+98"),"",IFERROR(MATCH(LARGE(入力!$M$9:$M$58,ROW()-1),入力!$M$9:$M$58,0),"")) -> 8 | AC12: =入力!$B$5 -> 1.6 | AD12: =入力!$C$5 -> 1.6
A13: =IF($Z13="","",INDEX(入力!$B$9:$B$58,$Z13)) -> 木村 千鶴 | B13: =IF($Z13="","",IF(INDEX(入力!$C$9:$C$58,$Z13)="","",INDEX(入力!$C$9:$C$58,$Z13))) -> 1.7 | C13: =IF($Z13="","",IF(INDEX(入力!$D$9:$D$58,$Z13)="","",INDEX(入力!$D$9:$D$58,$Z13))) -> 2.2 | D13: =IF($Z13="","",INDEX(入力!$E$9:$E$58,$Z13)) -> 3.9 | E13: =IF($Z13="","",INDEX(入力!$F$9:$F$58,$Z13)) -> 0.82051282 | F13: =IF($Z13="","",INDEX(入力!$J$9:$J$58,$Z13)) -> 要改善（両方遅い） | G13: =IF($Z13="","",INDEX(入力!$K$9:$K$58,$Z13)) -> 両工程を見直し | I13: =IF($AA13="","",INDEX(入力!$B$9:$B$58,$AA13)) -> 飯田 由加里 | J13: =IF($AA13="","",INDEX(入力!$C$9:$C$58,$AA13)) -> 1.8 | K13: =IF($AA13="","",INDEX(入力!$D$9:$D$58,$AA13)) -> 1.4 | L13: =IF($AA13="","",IF(INDEX(入力!$E$9:$E$58,$AA13)<>"",INDEX(入力!$E$9:$E$58,$AA13),IF(ISNUMBER(INDEX(入力!$C$9:$C$58,$AA13)),INDEX(入力!$C$9:$C$58,$AA13),INDEX(入力!$D$9:$D$58,$AA13)))) -> 3.2 | M13: =IF($AA13="","",IF(INDEX(入力!$I$9:$I$58,$AA13)<>"",INDEX(入力!$I$9:$I$58,$AA13),IF(ISNUMBER(INDEX(入力!$C$9:$C$58,$AA13)),INDEX(入力!$C$9:$C$58,$AA13)-入力!$B$5,INDEX(入力!$D$9:$D$58,$AA13)-入力!$C$5))) -> 0 | N13: =IF($AA13="","",INDEX(入力!$J$9:$J$58,$AA13)) -> ピッキング改善 | O13: =IF($AA13="","",IF(INDEX(入力!$K$9:$K$58,$AA13)<>"",INDEX(入力!$K$9:$K$58,$AA13),IF(ISNUMBER(INDEX(入力!$C$9:$C$58,$AA13)),IF(INDEX(入力!$C$9:$C$58,$AA13)-入力!$B$5>0,"ピッキング改善（梱包未入力）","良好（梱包未入力）"),IF(INDEX(入力!$D$9:$D$58,$AA13)-入力!$C$5>0,"梱包改善（ピッキング未入力）","良好（ピッキング未入力）")))) -> 目標達成 | Q13: =IF($AB13="","",INDEX(入力!$B$9:$B$58,$AB13)) -> 飯田 由加里 | R13: =IF($AB13="","",INDEX(入力!$F$9:$F$58,$AB13)) -> 1 | S13: =IF($AB13="","",INDEX(入力!$C$9:$C$58,$AB13)) -> 1.8 | T13: =IF($AB13="","",INDEX(入力!$D$9:$D$58,$AB13)) -> 1.4 | U13: =IF($AB13="","",INDEX(入力!$E$9:$E$58,$AB13)) -> 3.2 | V13: =IF($Z13="","",IF($B13<>"",$B13,IF($C13<>"",入力!$B$5,""))) -> 1.7 | W13: =IF($Z13="","",IF($C13<>"",$C13,IF($B13<>"",入力!$C$5,""))) -> 2.2 | Z13: =IFERROR(MATCH(ROW()-1,入力!$N$9:$N$58,0),"") -> 12 | AA13: =IF(ROW()-1>COUNTIF(入力!$L$9:$L$58,">-9.9E+98"),"",IFERROR(MATCH(LARGE(入力!$L$9:$L$58,ROW()-1),入力!$L$9:$L$58,0),"")) -> 15 | AB13: =IF(ROW()-1>COUNTIF(入力!$M$9:$M$58,">-9.9E+98"),"",IFERROR(MATCH(LARGE(入力!$M$9:$M$58,ROW()-1),入力!$M$9:$M$58,0),"")) -> 15 | AC13: =入力!$B$5 -> 1.6 | AD13: =入力!$C$5 -> 1.6
A14: =IF($Z14="","",INDEX(入力!$B$9:$B$58,$Z14)) -> 晩田 恵美 | B14: =IF($Z14="","",IF(INDEX(入力!$C$9:$C$58,$Z14)="","",INDEX(入力!$C$9:$C$58,$Z14))) -> 1.1 | C14: =IF($Z14="","",IF(INDEX(入力!$D$9:$D$58,$Z14)="","",INDEX(入力!$D$9:$D$58,$Z14))) -> 1.4 | D14: =IF($Z14="","",INDEX(入力!$E$9:$E$58,$Z14)) -> 2.5 | E14: =IF($Z14="","",INDEX(入力!$F$9:$F$58,$Z14)) -> 1.28 | F14: =IF($Z14="","",INDEX(入力!$J$9:$J$58,$Z14)) -> 良好 | G14: =IF($Z14="","",INDEX(入力!$K$9:$K$58,$Z14)) -> 良好 | I14: =IF($AA14="","",INDEX(入力!$B$9:$B$58,$AA14)) -> 山本 祥吉 | J14: =IF($AA14="","",INDEX(入力!$C$9:$C$58,$AA14)) -> 1.4 | K14: =IF($AA14="","",INDEX(入力!$D$9:$D$58,$AA14)) -> 1.8 | L14: =IF($AA14="","",IF(INDEX(入力!$E$9:$E$58,$AA14)<>"",INDEX(入力!$E$9:$E$58,$AA14),IF(ISNUMBER(INDEX(入力!$C$9:$C$58,$AA14)),INDEX(入力!$C$9:$C$58,$AA14),INDEX(入力!$D$9:$D$58,$AA14)))) -> 3.2 | M14: =IF($AA14="","",IF(INDEX(入力!$I$9:$I$58,$AA14)<>"",INDEX(入力!$I$9:$I$58,$AA14),IF(ISNUMBER(INDEX(入力!$C$9:$C$58,$AA14)),INDEX(入力!$C$9:$C$58,$AA14)-入力!$B$5,INDEX(入力!$D$9:$D$58,$AA14)-入力!$C$5))) -> 0 | N14: =IF($AA14="","",INDEX(入力!$J$9:$J$58,$AA14)) -> 梱包改善 | O14: =IF($AA14="","",IF(INDEX(入力!$K$9:$K$58,$AA14)<>"",INDEX(入力!$K$9:$K$58,$AA14),IF(ISNUMBER(INDEX(入力!$C$9:$C$58,$AA14)),IF(INDEX(入力!$C$9:$C$58,$AA14)-入力!$B$5>0,"ピッキング改善（梱包未入力）","良好（梱包未入力）"),IF(INDEX(入力!$D$9:$D$58,$AA14)-入力!$C$5>0,"梱包改善（ピッキング未入力）","良好（ピッキング未入力）")))) -> 目標達成 | Q14: =IF($AB14="","",INDEX(入力!$B$9:$B$58,$AB14)) -> 中納 沙織 | R14: =IF($AB14="","",INDEX(入力!$F$9:$F$58,$AB14)) -> 0.94117647 | S14: =IF($AB14="","",INDEX(入力!$C$9:$C$58,$AB14)) -> 1.3 | T14: =IF($AB14="","",INDEX(入力!$D$9:$D$58,$AB14)) -> 2.1 | U14: =IF($AB14="","",INDEX(入力!$E$9:$E$58,$AB14)) -> 3.4 | V14: =IF($Z14="","",IF($B14<>"",$B14,IF($C14<>"",入力!$B$5,""))) -> 1.1 | W14: =IF($Z14="","",IF($C14<>"",$C14,IF($B14<>"",入力!$C$5,""))) -> 1.4 | Z14: =IFERROR(MATCH(ROW()-1,入力!$N$9:$N$58,0),"") -> 13 | AA14: =IF(ROW()-1>COUNTIF(入力!$L$9:$L$58,">-9.9E+98"),"",IFERROR(MATCH(LARGE(入力!$L$9:$L$58,ROW()-1),入力!$L$9:$L$58,0),"")) -> 8 | AB14: =IF(ROW()-1>COUNTIF(入力!$M$9:$M$58,">-9.9E+98"),"",IFERROR(MATCH(LARGE(入力!$M$9:$M$58,ROW()-1),入力!$M$9:$M$58,0),"")) -> 3 | AC14: =入力!$B$5 -> 1.6 | AD14: =入力!$C$5 -> 1.6
A15: =IF($Z15="","",INDEX(入力!$B$9:$B$58,$Z15)) -> 森田 美加 | B15: =IF($Z15="","",IF(INDEX(入力!$C$9:$C$58,$Z15)="","",INDEX(入力!$C$9:$C$58,$Z15))) -> 1.1 | C15: =IF($Z15="","",IF(INDEX(入力!$D$9:$D$58,$Z15)="","",INDEX(入力!$D$9:$D$58,$Z15))) -> 3.1 | D15: =IF($Z15="","",INDEX(入力!$E$9:$E$58,$Z15)) -> 4.2 | E15: =IF($Z15="","",INDEX(入力!$F$9:$F$58,$Z15)) -> 0.76190476 | F15: =IF($Z15="","",INDEX(入力!$J$9:$J$58,$Z15)) -> 梱包改善 | G15: =IF($Z15="","",INDEX(入力!$K$9:$K$58,$Z15)) -> 梱包手順を改善 | I15: =IF($AA15="","",INDEX(入力!$B$9:$B$58,$AA15)) -> 澤田 凌 | J15: =IF($AA15="","",INDEX(入力!$C$9:$C$58,$AA15)) -> 1.6 | K15: =IF($AA15="","",INDEX(入力!$D$9:$D$58,$AA15)) -> 1.6 | L15: =IF($AA15="","",IF(INDEX(入力!$E$9:$E$58,$AA15)<>"",INDEX(入力!$E$9:$E$58,$AA15),IF(ISNUMBER(INDEX(入力!$C$9:$C$58,$AA15)),INDEX(入力!$C$9:$C$58,$AA15),INDEX(入力!$D$9:$D$58,$AA15)))) -> 3.2 | M15: =IF($AA15="","",IF(INDEX(入力!$I$9:$I$58,$AA15)<>"",INDEX(入力!$I$9:$I$58,$AA15),IF(ISNUMBER(INDEX(入力!$C$9:$C$58,$AA15)),INDEX(入力!$C$9:$C$58,$AA15)-入力!$B$5,INDEX(入力!$D$9:$D$58,$AA15)-入力!$C$5))) -> 0 | N15: =IF($AA15="","",INDEX(入力!$J$9:$J$58,$AA15)) -> 良好 | O15: =IF($AA15="","",IF(INDEX(入力!$K$9:$K$58,$AA15)<>"",INDEX(入力!$K$9:$K$58,$AA15),IF(ISNUMBER(INDEX(入力!$C$9:$C$58,$AA15)),IF(INDEX(入力!$C$9:$C$58,$AA15)-入力!$B$5>0,"ピッキング改善（梱包未入力）","良好（梱包未入力）"),IF(INDEX(入力!$D$9:$D$58,$AA15)-入力!$C$5>0,"梱包改善（ピッキング未入力）","良好（ピッキング未入力）")))) -> 目標達成 | Q15: =IF($AB15="","",INDEX(入力!$B$9:$B$58,$AB15)) -> 後藤 克行 | R15: =IF($AB15="","",INDEX(入力!$F$9:$F$58,$AB15)) -> 0.94117647 | S15: =IF($AB15="","",INDEX(入力!$C$9:$C$58,$AB15)) -> 1.5 | T15: =IF($AB15="","",INDEX(入力!$D$9:$D$58,$AB15)) -> 1.9 | U15: =IF($AB15="","",INDEX(入力!$E$9:$E$58,$AB15)) -> 3.4 | V15: =IF($Z15="","",IF($B15<>"",$B15,IF($C15<>"",入力!$B$5,""))) -> 1.1 | W15: =IF($Z15="","",IF($C15<>"",$C15,IF($B15<>"",入力!$C$5,""))) -> 3.1 | Z15: =IFERROR(MATCH(ROW()-1,入力!$N$9:$N$58,0),"") -> 14 | AA15: =IF(ROW()-1>COUNTIF(入力!$L$9:$L$58,">-9.9E+98"),"",IFERROR(MATCH(LARGE(入力!$L$9:$L$58,ROW()-1),入力!$L$9:$L$58,0),"")) -> 4 | AB15: =IF(ROW()-1>COUNTIF(入力!$M$9:$M$58,">-9.9E+98"),"",IFERROR(MATCH(LARGE(入力!$M$9:$M$58,ROW()-1),入力!$M$9:$M$58,0),"")) -> 7 | AC15: =入力!$B$5 -> 1.6 | AD15: =入力!$C$5 -> 1.6
... A51: =IF($Z51="","",INDEX(入力!$B$9:$B$58,$Z51)) | B51: =IF($Z51="","",IF(INDEX(入力!$C$9:$C$58,$Z51)="","",INDEX(入力!$C$9:$C$58,$Z51))) | C51: =IF($Z51="","",IF(INDEX(入力!$D$9:$D$58,$Z51)="","",INDEX(入力!$D$9:$D$58,$Z51))) | D51: =IF($Z51="","",INDEX(入力!$E$9:$E$58,$Z51)) | E51: =IF($Z51="","",INDEX(入力!$F$9:$F$58,$Z51)) | F51: =IF($Z51="","",INDEX(入力!$J$9:$J$58,$Z51)) | G51: =IF($Z51="","",INDEX(入力!$K$9:$K$58,$Z51)) | I51: =IF($AA51="","",INDEX(入力!$B$9:$B$58,$AA51)) | J51: =IF($AA51="","",INDEX(入力!$C$9:$C$58,$AA51)) | K51: =IF($AA51="","",INDEX(入力!$D$9:$D$58,$AA51)) | L51: =IF($AA51="","",IF(INDEX(入力!$E$9:$E$58,$AA51)<>"",INDEX(入力!$E$9:$E$58,$AA51),IF(ISNUMBER(INDEX(入力!$C$9:$C$58,$AA51)),INDEX(入力!$C$9:$C$58,$AA51),INDEX(入力!$D$9:$D$58,$AA51)))) | M51: =IF($AA51="","",IF(INDEX(入力!$I$9:$I$58,$AA51)<>"",INDEX(入力!$I$9:$I$58,$AA51),IF(ISNUMBER(INDEX(入力!$C$9:$C$58,$AA51)),INDEX(入力!$C$9:$C$58,$AA51)-入力!$B$5,INDEX(入力!$D$9:$D$58,$AA51)-入力!$C$5))) | N51: =IF($AA51="","",INDEX(入力!$J$9:$J$58,$AA51)) | O51: =IF($AA51="","",IF(INDEX(入力!$K$9:$K$58,$AA51)<>"",INDEX(入力!$K$9:$K$58,$AA51),IF(ISNUMBER(INDEX(入力!$C$9:$C$58,$AA51)),IF(INDEX(入力!$C$9:$C$58,$AA51)-入力!$B$5>0,"ピッキング改善（梱包未入力）","良好（梱包未入力）"),IF(INDEX(入力!$D$9:$D$58,$AA51)-入力!$C$5>0,"梱包改善（ピッキング未入力）","良好（ピッキング未入力）")))) | Q51: =IF($AB51="","",INDEX(入力!$B$9:$B$58,$AB51)) | R51: =IF($AB51="","",INDEX(入力!$F$9:$F$58,$AB51)) | S51: =IF($AB51="","",INDEX(入力!$C$9:$C$58,$AB51)) | T51: =IF($AB51="","",INDEX(入力!$D$9:$D$58,$AB51)) | U51: =IF($AB51="","",INDEX(入力!$E$9:$E$58,$AB51)) | V51: =IF($Z51="","",IF($B51<>"",$B51,IF($C51<>"",入力!$B$5,""))) | W51: =IF($Z51="","",IF($C51<>"",$C51,IF($B51<>"",入力!$C$5,""))) | Z51: =IFERROR(MATCH(ROW()-1,入力!$N$9:$N$58,0),"") | AA51: =IF(ROW()-1>COUNTIF(入力!$L$9:$L$58,">-9.9E+98"),"",IFERROR(MATCH(LARGE(入力!$L$9:$L$58,ROW()-1),入力!$L$9:$L$58,0),"")) | AB51: =IF(ROW()-1>COUNTIF(入力!$M$9:$M$58,">-9.9E+98"),"",IFERROR(MATCH(LARGE(入力!$M$9:$M$58,ROW()-1),入力!$M$9:$M$58,0),"")) | AC51: =入力!$B$5 -> 1.6 | AD51: =入力!$C$5 -> 1.6
A53: ="ピッキング目標 "&TEXT(入力!$B$5,"0.0")&"分" -> ピッキング目標 1.6分
A54: ="梱包目標 "&TEXT(入力!$C$5,"0.0")&"分" -> 梱包目標 1.6分

Sheet 使い方
A1: 個人別 作業達成度と改善分析テンプレート｜使い方
A3: 手順 | B3: やること | C3: 説明
A4: 1 | B4: まず入力 | C4: 「入力」シートの黄色セルに、担当者名・ピッキング実績・梱包実績を入力します。最大50人です。
A5: 2 | B5: ダッシュボードが最初に開く | C5: この版では「ダッシュボード」シートを先頭・アクティブにしてあります。
A6: 3 | B6: ②は縦棒グラフ | C6: ②はピッキング・梱包を担当者ごとに並べた縦棒グラフです。目標線（点線）より高い工程が改善対象です。
A7: 4 | B7: ③マトリクス | C7: 入力した全員の名前を直接表示します。50人全員だと密集するため、文字サイズは小さめです。
A8: 5 | B8: 間隔 | C8: ①②③④の間隔を大きく空け、下にスクロールしながら確認する設計です。
A9: 6 | B9: 表示倍率 | C9: 70%前後推奨です。Excelで保存し直すと表示が安定します。

Sheet 偏差値
B1: ⑤ 標準偏差と偏差値（優秀度）
B2: 各工程の実績を母集団の標準偏差で偏差値化。偏差値50＝平均、数値が大きいほど速く優秀（実績 分/個 が小さいほど高い）。
B4: 指標 | C4: ピッキング | D4: 梱包 | E4: 合計
B5: 人数（N） | C5: =COUNT(入力!$C$9:$C$58) -> 25 | D5: =COUNT(入力!$D$9:$D$58) -> 19 | E5: =COUNT(入力!$E$9:$E$58) -> 19
B6: 平均（分/個） | C6: =AVERAGE(入力!$C$9:$C$58) -> 1.552 | D6: =AVERAGE(入力!$D$9:$D$58) -> 1.5368421 | E6: =AVERAGE(入力!$E$9:$E$58) -> 3.0368421
B7: 標準偏差（母集団） | C7: =STDEVP(入力!$C$9:$C$58) -> 0.42437719 | D7: =STDEVP(入力!$D$9:$D$58) -> 0.65309831 | E7: =STDEVP(入力!$E$9:$E$58) -> 0.71392947
B9: 順位 | C9: 担当者 | D9: ピック実績 | E9: ピック偏差値 | F9: 梱包実績 | G9: 梱包偏差値 | H9: 合計実績 | I9: 合計偏差値 | J9: 総合偏差値 | K9: 判定
B10: =IF($J10="","",RANK($J10,$J$10:$J$59,0)) -> 1 | C10: =IF(入力!$B9="","",入力!$B9) -> 佐藤 辰成 | D10: =IF(入力!$B9="","",IF(ISNUMBER(入力!$C9),入力!$C9,"")) -> 1 | E10: =IF(ISNUMBER(入力!$C9),IFERROR(50+10*($C$6-入力!$C9)/$C$7,""),"") -> 63.007297 | F10: =IF(入力!$B9="","",IF(ISNUMBER(入力!$D9),入力!$D9,"")) -> 0.5 | G10: =IF(ISNUMBER(入力!$D9),IFERROR(50+10*($D$6-入力!$D9)/$D$7,""),"") -> 65.875743 | H10: =IF(AND(ISNUMBER(入力!$C9),ISNUMBER(入力!$D9)),入力!$C9+入力!$D9,"") -> 1.5 | I10: =IF(H10="","",IFERROR(50+10*($E$6-H10)/$E$7,"")) -> 71.526526 | J10: =IF(入力!$B9="","",IF(AND(ISNUMBER(E10),ISNUMBER(G10)),(E10+G10)/2,IF(ISNUMBER(E10),E10,IF(ISNUMBER(G10),G10,"")))) -> 64.44152 | K10: =IF(J10="","",IF(J10>=60,"優秀",IF(J10>=55,"やや優秀",IF(J10>=45,"標準",IF(J10>=40,"やや要改善","要改善"))))) -> 優秀 | M10: 1. 標準偏差（σ）とは — 「ばらつきの大きさ」
B11: =IF($J11="","",RANK($J11,$J$10:$J$59,0)) -> 3 | C11: =IF(入力!$B10="","",入力!$B10) -> 河野 忠 | D11: =IF(入力!$B10="","",IF(ISNUMBER(入力!$C10),入力!$C10,"")) -> 1.2 | E11: =IF(ISNUMBER(入力!$C10),IFERROR(50+10*($C$6-入力!$C10)/$C$7,""),"") -> 58.294508 | F11: =IF(入力!$B10="","",IF(ISNUMBER(入力!$D10),入力!$D10,"")) -> 1 | G11: =IF(ISNUMBER(入力!$D10),IFERROR(50+10*($D$6-入力!$D10)/$D$7,""),"") -> 58.219928 | H11: =IF(AND(ISNUMBER(入力!$C10),ISNUMBER(入力!$D10)),入力!$C10+入力!$D10,"") -> 2.2 | I11: =IF(H11="","",IFERROR(50+10*($E$6-H11)/$E$7,"")) -> 61.721636 | J11: =IF(入力!$B10="","",IF(AND(ISNUMBER(E11),ISNUMBER(G11)),(E11+G11)/2,IF(ISNUMBER(E11),E11,IF(ISNUMBER(G11),G11,"")))) -> 58.257218 | K11: =IF(J11="","",IF(J11>=60,"優秀",IF(J11>=55,"やや優秀",IF(J11>=45,"標準",IF(J11>=40,"やや要改善","要改善"))))) -> やや優秀 | M11: 平均だけでは「みんなが平均付近なのか、バラバラなのか」が分かりません。標準偏差は平均からどれくらい散らばっているかを1つの数字で表します。
B12: =IF($J12="","",RANK($J12,$J$10:$J$59,0)) -> 14 | C12: =IF(入力!$B11="","",入力!$B11) -> 中納 沙織 | D12: =IF(入力!$B11="","",IF(ISNUMBER(入力!$C11),入力!$C11,"")) -> 1.3 | E12: =IF(ISNUMBER(入力!$C11),IFERROR(50+10*($C$6-入力!$C11)/$C$7,""),"") -> 55.938114 | F12: =IF(入力!$B11="","",IF(ISNUMBER(入力!$D11),入力!$D11,"")) -> 2.1 | G12: =IF(ISNUMBER(入力!$D11),IFERROR(50+10*($D$6-入力!$D11)/$D$7,""),"") -> 41.377134 | H12: =IF(AND(ISNUMBER(入力!$C11),ISNUMBER(入力!$D11)),入力!$C11+入力!$D11,"") -> 3.4 | I12: =IF(H12="","",IFERROR(50+10*($E$6-H12)/$E$7,"")) -> 44.913253 | J12: =IF(入力!$B11="","",IF(AND(ISNUMBER(E12),ISNUMBER(G12)),(E12+G12)/2,IF(ISNUMBER(E12),E12,IF(ISNUMBER(G12),G12,"")))) -> 48.657624 | K12: =IF(J12="","",IF(J12>=60,"優秀",IF(J12>=55,"やや優秀",IF(J12>=45,"標準",IF(J12>=40,"やや要改善","要改善"))))) -> 標準
B13: =IF($J13="","",RANK($J13,$J$10:$J$59,0)) -> 13 | C13: =IF(入力!$B12="","",入力!$B12) -> 澤田 凌 | D13: =IF(入力!$B12="","",IF(ISNUMBER(入力!$C12),入力!$C12,"")) -> 1.6 | E13: =IF(ISNUMBER(入力!$C12),IFERROR(50+10*($C$6-入力!$C12)/$C$7,""),"") -> 48.868931 | F13: =IF(入力!$B12="","",IF(ISNUMBER(入力!$D12),入力!$D12,"")) -> 1.6 | G13: =IF(ISNUMBER(入力!$D12),IFERROR(50+10*($D$6-入力!$D12)/$D$7,""),"") -> 49.03295 | H13: =IF(AND(ISNUMBER(入力!$C12),ISNUMBER(入力!$D12)),入力!$C12+入力!$D12,"") -> 3.2 | I13: =IF(H13="","",IFERROR(50+10*($E$6-H13)/$E$7,"")) -> 47.71465 | J13: =IF(入力!$B12="","",IF(AND(ISNUMBER(E13),ISNUMBER(G13)),(E13+G13)/2,IF(ISNUMBER(E13),E13,IF(ISNUMBER(G13),G13,"")))) -> 48.95094 | K13: =IF(J13="","",IF(J13>=60,"優秀",IF(J13>=55,"やや優秀",IF(J13>=45,"標準",IF(J13>=40,"やや要改善","要改善"))))) -> 標準 | M13: 計算式（母集団）： σ = √( Σ(各実績 − 平均)² ÷ N )
B14: =IF($J14="","",RANK($J14,$J$10:$J$59,0)) -> 7 | C14: =IF(入力!$B13="","",入力!$B13) -> 佐々木 千恵 | D14: =IF(入力!$B13="","",IF(ISNUMBER(入力!$C13),入力!$C13,"")) -> 1.7 | E14: =IF(ISNUMBER(入力!$C13),IFERROR(50+10*($C$6-入力!$C13)/$C$7,""),"") -> 46.512536 | F14: =IF(入力!$B13="","",IF(ISNUMBER(入力!$D13),入力!$D13,"")) -> 0.6 | G14: =IF(ISNUMBER(入力!$D13),IFERROR(50+10*($D$6-入力!$D13)/$D$7,""),"") -> 64.34458 | H14: =IF(AND(ISNUMBER(入力!$C13),ISNUMBER(入力!$D13)),入力!$C13+入力!$D13,"") -> 2.3 | I14: =IF(H14="","",IFERROR(50+10*($E$6-H14)/$E$7,"")) -> 60.320937 | J14: =IF(入力!$B13="","",IF(AND(ISNUMBER(E14),ISNUMBER(G14)),(E14+G14)/2,IF(ISNUMBER(E14),E14,IF(ISNUMBER(G14),G14,"")))) -> 55.428558 | K14: =IF(J14="","",IF(J14>=60,"優秀",IF(J14>=55,"やや優秀",IF(J14>=45,"標準",IF(J14>=40,"やや要改善","要改善"))))) -> やや優秀 | M14: 各人の「平均とのズレ」を2乗して平均し、平方根を取ったものです。
B15: =IF($J15="","",RANK($J15,$J$10:$J$59,0)) -> 25 | C15: =IF(入力!$B14="","",入力!$B14) -> 片岡 達也 | D15: =IF(入力!$B14="","",IF(ISNUMBER(入力!$C14),入力!$C14,"")) -> 3.1 | E15: =IF(ISNUMBER(入力!$C14),IFERROR(50+10*($C$6-入力!$C14)/$C$7,""),"") -> 13.523016 | F15: =IF(入力!$B14="","",IF(ISNUMBER(入力!$D14),入力!$D14,"")) -> 0.6 | G15: =IF(ISNUMBER(入力!$D14),IFERROR(50+10*($D$6-入力!$D14)/$D$7,""),"") -> 64.34458 | H15: =IF(AND(ISNUMBER(入力!$C14),ISNUMBER(入力!$D14)),入力!$C14+入力!$D14,"") -> 3.7 | I15: =IF(H15="","",IFERROR(50+10*($E$6-H15)/$E$7,"")) -> 40.711157 | J15: =IF(入力!$B14="","",IF(AND(ISNUMBER(E15),ISNUMBER(G15)),(E15+G15)/2,IF(ISNUMBER(E15),E15,IF(ISNUMBER(G15),G15,"")))) -> 38.933798 | K15: =IF(J15="","",IF(J15>=60,"優秀",IF(J15>=55,"やや優秀",IF(J15>=45,"標準",IF(J15>=40,"やや要改善","要改善"))))) -> 要改善
B16: =IF($J16="","",RANK($J16,$J$10:$J$59,0)) -> 16 | C16: =IF(入力!$B15="","",入力!$B15) -> 後藤 克行 | D16: =IF(入力!$B15="","",IF(ISNUMBER(入力!$C15),入力!$C15,"")) -> 1.5 | E16: =IF(ISNUMBER(入力!$C15),IFERROR(50+10*($C$6-入力!$C15)/$C$7,""),"") -> 51.225325 | F16: =IF(入力!$B15="","",IF(ISNUMBER(入力!$D15),入力!$D15,"")) -> 1.9 | G16: =IF(ISNUMBER(入力!$D15),IFERROR(50+10*($D$6-入力!$D15)/$D$7,""),"") -> 44.43946 | H16: =IF(AND(ISNUMBER(入力!$C15),ISNUMBER(入力!$D15)),入力!$C15+入力!$D15,"") -> 3.4 | I16: =IF(H16="","",IFERROR(50+10*($E$6-H16)/$E$7,"")) -> 44.913253 | J16: =IF(入力!$B15="","",IF(AND(ISNUMBER(E16),ISNUMBER(G16)),(E16+G16)/2,IF(ISNUMBER(E16),E16,IF(ISNUMBER(G16),G16,"")))) -> 47.832393 | K16: =IF(J16="","",IF(J16>=60,"優秀",IF(J16>=55,"やや優秀",IF(J16>=45,"標準",IF(J16>=40,"やや要改善","要改善"))))) -> 標準 | M16: 今回の3つの数値の意味
B17: =IF($J17="","",RANK($J17,$J$10:$J$59,0)) -> 12 | C17: =IF(入力!$B16="","",入力!$B16) -> 山本 祥吉 | D17: =IF(入力!$B16="","",IF(ISNUMBER(入力!$C16),入力!$C16,"")) -> 1.4 | E17: =IF(ISNUMBER(入力!$C16),IFERROR(50+10*($C$6-入力!$C16)/$C$7,""),"") -> 53.581719 | F17: =IF(入力!$B16="","",IF(ISNUMBER(入力!$D16),入力!$D16,"")) -> 1.8 | G17: =IF(ISNUMBER(入力!$D16),IFERROR(50+10*($D$6-入力!$D16)/$D$7,""),"") -> 45.970624 | H17: =IF(AND(ISNUMBER(入力!$C16),ISNUMBER(入力!$D16)),入力!$C16+入力!$D16,"") -> 3.2 | I17: =IF(H17="","",IFERROR(50+10*($E$6-H17)/$E$7,"")) -> 47.71465 | J17: =IF(入力!$B16="","",IF(AND(ISNUMBER(E17),ISNUMBER(G17)),(E17+G17)/2,IF(ISNUMBER(E17),E17,IF(ISNUMBER(G17),G17,"")))) -> 49.776171 | K17: =IF(J17="","",IF(J17>=60,"優秀",IF(J17>=55,"やや優秀",IF(J17>=45,"標準",IF(J17>=40,"やや要改善","要改善"))))) -> 標準
B18: =IF($J18="","",RANK($J18,$J$10:$J$59,0)) -> 2 | C18: =IF(入力!$B17="","",入力!$B17) -> 本吉 有美子 | D18: =IF(入力!$B17="","",IF(ISNUMBER(入力!$C17),入力!$C17,"")) -> 1.1 | E18: =IF(ISNUMBER(入力!$C17),IFERROR(50+10*($C$6-入力!$C17)/$C$7,""),"") -> 60.650902 | F18: =IF(入力!$B17="","",IF(ISNUMBER(入力!$D17),入力!$D17,"")) -> 1 | G18: =IF(ISNUMBER(入力!$D17),IFERROR(50+10*($D$6-入力!$D17)/$D$7,""),"") -> 58.219928 | H18: =IF(AND(ISNUMBER(入力!$C17),ISNUMBER(入力!$D17)),入力!$C17+入力!$D17,"") -> 2.1 | I18: =IF(H18="","",IFERROR(50+10*($E$6-H18)/$E$7,"")) -> 63.122334 | J18: =IF(入力!$B17="","",IF(AND(ISNUMBER(E18),ISNUMBER(G18)),(E18+G18)/2,IF(ISNUMBER(E18),E18,IF(ISNUMBER(G18),G18,"")))) -> 59.435415 | K18: =IF(J18="","",IF(J18>=60,"優秀",IF(J18>=55,"やや優秀",IF(J18>=45,"標準",IF(J18>=40,"やや要改善","要改善"))))) -> やや優秀 | M18: 工程 | N18: N | O18: 平均 | P18: 標準偏差σ | Q18: 平均±1σの範囲 | R18: 読み方
B19: =IF($J19="","",RANK($J19,$J$10:$J$59,0)) | C19: =IF(入力!$B18="","",入力!$B18) -> 屋宮 敬子 | D19: =IF(入力!$B18="","",IF(ISNUMBER(入力!$C18),入力!$C18,"")) | E19: =IF(ISNUMBER(入力!$C18),IFERROR(50+10*($C$6-入力!$C18)/$C$7,""),"") | F19: =IF(入力!$B18="","",IF(ISNUMBER(入力!$D18),入力!$D18,"")) | G19: =IF(ISNUMBER(入力!$D18),IFERROR(50+10*($D$6-入力!$D18)/$D$7,""),"") | H19: =IF(AND(ISNUMBER(入力!$C18),ISNUMBER(入力!$D18)),入力!$C18+入力!$D18,"") | I19: =IF(H19="","",IFERROR(50+10*($E$6-H19)/$E$7,"")) | J19: =IF(入力!$B18="","",IF(AND(ISNUMBER(E19),ISNUMBER(G19)),(E19+G19)/2,IF(ISNUMBER(E19),E19,IF(ISNUMBER(G19),G19,"")))) | K19: =IF(J19="","",IF(J19>=60,"優秀",IF(J19>=55,"やや優秀",IF(J19>=45,"標準",IF(J19>=40,"やや要改善","要改善"))))) | M19: ピッキング | N19: 25 | O19: 1.55 | P19: 0.42 | Q19: 1.13〜1.97 | R19: ばらつき小＝比較的そろっている
B20: =IF($J20="","",RANK($J20,$J$10:$J$59,0)) -> 4 | C20: =IF(入力!$B19="","",入力!$B19) -> 大江 美記子 | D20: =IF(入力!$B19="","",IF(ISNUMBER(入力!$C19),入力!$C19,"")) -> 1.2 | E20: =IF(ISNUMBER(入力!$C19),IFERROR(50+10*($C$6-入力!$C19)/$C$7,""),"") -> 58.294508 | F20: =IF(入力!$B19="","",IF(ISNUMBER(入力!$D19),入力!$D19,"")) -> 1.2 | G20: =IF(ISNUMBER(入力!$D19),IFERROR(50+10*($D$6-入力!$D19)/$D$7,""),"") -> 55.157602 | H20: =IF(AND(ISNUMBER(入力!$C19),ISNUMBER(入力!$D19)),入力!$C19+入力!$D19,"") -> 2.4 | I20: =IF(H20="","",IFERROR(50+10*($E$6-H20)/$E$7,"")) -> 58.920238 | J20: =IF(入力!$B19="","",IF(AND(ISNUMBER(E20),ISNUMBER(G20)),(E20+G20)/2,IF(ISNUMBER(E20),E20,IF(ISNUMBER(G20),G20,"")))) -> 56.726055 | K20: =IF(J20="","",IF(J20>=60,"優秀",IF(J20>=55,"やや優秀",IF(J20>=45,"標準",IF(J20>=40,"やや要改善","要改善"))))) -> やや優秀 | M20: 梱包 | N20: 19 | O20: 1.54 | P20: 0.65 | Q20: 0.89〜2.19 | R20: ばらつき大＝人による差が大きい
B21: =IF($J21="","",RANK($J21,$J$10:$J$59,0)) -> 21 | C21: =IF(入力!$B20="","",入力!$B20) -> 木村 千鶴 | D21: =IF(入力!$B20="","",IF(ISNUMBER(入力!$C20),入力!$C20,"")) -> 1.7 | E21: =IF(ISNUMBER(入力!$C20),IFERROR(50+10*($C$6-入力!$C20)/$C$7,""),"") -> 46.512536 | F21: =IF(入力!$B20="","",IF(ISNUMBER(入力!$D20),入力!$D20,"")) -> 2.2 | G21: =IF(ISNUMBER(入力!$D20),IFERROR(50+10*($D$6-入力!$D20)/$D$7,""),"") -> 39.845971 | H21: =IF(AND(ISNUMBER(入力!$C20),ISNUMBER(入力!$D20)),入力!$C20+入力!$D20,"") -> 3.9 | I21: =IF(H21="","",IFERROR(50+10*($E$6-H21)/$E$7,"")) -> 37.90976 | J21: =IF(入力!$B20="","",IF(AND(ISNUMBER(E21),ISNUMBER(G21)),(E21+G21)/2,IF(ISNUMBER(E21),E21,IF(ISNUMBER(G21),G21,"")))) -> 43.179254 | K21: =IF(J21="","",IF(J21>=60,"優秀",IF(J21>=55,"やや優秀",IF(J21>=45,"標準",IF(J21>=40,"やや要改善","要改善"))))) -> やや要改善 | M21: 合計 | N21: 19 | O21: 3.04 | P21: 0.71 | Q21: 2.33〜3.75 | R21: ―
B22: =IF($J22="","",RANK($J22,$J$10:$J$59,0)) -> 5 | C22: =IF(入力!$B21="","",入力!$B21) -> 晩田 恵美 | D22: =IF(入力!$B21="","",IF(ISNUMBER(入力!$C21),入力!$C21,"")) -> 1.1 | E22: =IF(ISNUMBER(入力!$C21),IFERROR(50+10*($C$6-入力!$C21)/$C$7,""),"") -> 60.650902 | F22: =IF(入力!$B21="","",IF(ISNUMBER(入力!$D21),入力!$D21,"")) -> 1.4 | G22: =IF(ISNUMBER(入力!$D21),IFERROR(50+10*($D$6-入力!$D21)/$D$7,""),"") -> 52.095276 | H22: =IF(AND(ISNUMBER(入力!$C21),ISNUMBER(入力!$D21)),入力!$C21+入力!$D21,"") -> 2.5 | I22: =IF(H22="","",IFERROR(50+10*($E$6-H22)/$E$7,"")) -> 57.51954 | J22: =IF(入力!$B21="","",IF(AND(ISNUMBER(E22),ISNUMBER(G22)),(E22+G22)/2,IF(ISNUMBER(E22),E22,IF(ISNUMBER(G22),G22,"")))) -> 56.373089 | K22: =IF(J22="","",IF(J22>=60,"優秀",IF(J22>=55,"やや優秀",IF(J22>=45,"標準",IF(J22>=40,"やや要改善","要改善"))))) -> やや優秀 | M22: ここが一番の示唆：平均はピック1.55／梱包1.54とほぼ同じなのに、梱包のσ（0.65）はピックのσ（0.42）の約1.5倍。つまり梱包は「速い人と遅い人の差が大きい」工程です。ばらつきが大きい＝標準化・教育の余地が大きい、と読めます（0.6分で終わる人もいれば3.1分かかる人もいる）。
B23: =IF($J23="","",RANK($J23,$J$10:$J$59,0)) -> 20 | C23: =IF(入力!$B22="","",入力!$B22) -> 森田 美加 | D23: =IF(入力!$B22="","",IF(ISNUMBER(入力!$C22),入力!$C22,"")) -> 1.1 | E23: =IF(ISNUMBER(入力!$C22),IFERROR(50+10*($C$6-入力!$C22)/$C$7,""),"") -> 60.650902 | F23: =IF(入力!$B22="","",IF(ISNUMBER(入力!$D22),入力!$D22,"")) -> 3.1 | G23: =IF(ISNUMBER(入力!$D22),IFERROR(50+10*($D$6-入力!$D22)/$D$7,""),"") -> 26.065504 | H23: =IF(AND(ISNUMBER(入力!$C22),ISNUMBER(入力!$D22)),入力!$C22+入力!$D22,"") -> 4.2 | I23: =IF(H23="","",IFERROR(50+10*($E$6-H23)/$E$7,"")) -> 33.707664 | J23: =IF(入力!$B22="","",IF(AND(ISNUMBER(E23),ISNUMBER(G23)),(E23+G23)/2,IF(ISNUMBER(E23),E23,IF(ISNUMBER(G23),G23,"")))) -> 43.358203 | K23: =IF(J23="","",IF(J23>=60,"優秀",IF(J23>=55,"やや優秀",IF(J23>=45,"標準",IF(J23>=40,"やや要改善","要改善"))))) -> やや要改善
B24: =IF($J24="","",RANK($J24,$J$10:$J$59,0)) -> 15 | C24: =IF(入力!$B23="","",入力!$B23) -> 飯田 由加里 | D24: =IF(入力!$B23="","",IF(ISNUMBER(入力!$C23),入力!$C23,"")) -> 1.8 | E24: =IF(ISNUMBER(入力!$C23),IFERROR(50+10*($C$6-入力!$C23)/$C$7,""),"") -> 44.156142 | F24: =IF(入力!$B23="","",IF(ISNUMBER(入力!$D23),入力!$D23,"")) -> 1.4 | G24: =IF(ISNUMBER(入力!$D23),IFERROR(50+10*($D$6-入力!$D23)/$D$7,""),"") -> 52.095276 | H24: =IF(AND(ISNUMBER(入力!$C23),ISNUMBER(入力!$D23)),入力!$C23+入力!$D23,"") -> 3.2 | I24: =IF(H24="","",IFERROR(50+10*($E$6-H24)/$E$7,"")) -> 47.71465 | J24: =IF(入力!$B23="","",IF(AND(ISNUMBER(E24),ISNUMBER(G24)),(E24+G24)/2,IF(ISNUMBER(E24),E24,IF(ISNUMBER(G24),G24,"")))) -> 48.125709 | K24: =IF(J24="","",IF(J24>=60,"優秀",IF(J24>=55,"やや優秀",IF(J24>=45,"標準",IF(J24>=40,"やや要改善","要改善"))))) -> 標準 | M24: N（人数）が工程で違うのは、ピッキングのみ入力の6名がいるため。ピック=25人、梱包・合計=両方入力の19人で計算しています。
B25: =IF($J25="","",RANK($J25,$J$10:$J$59,0)) -> 10 | C25: =IF(入力!$B24="","",入力!$B24) -> 森本 久美 | D25: =IF(入力!$B24="","",IF(ISNUMBER(入力!$C24),入力!$C24,"")) -> 1.4 | E25: =IF(ISNUMBER(入力!$C24),IFERROR(50+10*($C$6-入力!$C24)/$C$7,""),"") -> 53.581719 | F25: =IF(入力!$B24="","",IF(ISNUMBER(入力!$D24),入力!$D24,"")) -> 1.6 | G25: =IF(ISNUMBER(入力!$D24),IFERROR(50+10*($D$6-入力!$D24)/$D$7,""),"") -> 49.03295 | H25: =IF(AND(ISNUMBER(入力!$C24),ISNUMBER(入力!$D24)),入力!$C24+入力!$D24,"") -> 3 | I25: =IF(H25="","",IFERROR(50+10*($E$6-H25)/$E$7,"")) -> 50.516047 | J25: =IF(入力!$B24="","",IF(AND(ISNUMBER(E25),ISNUMBER(G25)),(E25+G25)/2,IF(ISNUMBER(E25),E25,IF(ISNUMBER(G25),G25,"")))) -> 51.307335 | K25: =IF(J25="","",IF(J25>=60,"優秀",IF(J25>=55,"やや優秀",IF(J25>=45,"標準",IF(J25>=40,"やや要改善","要改善"))))) -> 標準
B26: =IF($J26="","",RANK($J26,$J$10:$J$59,0)) -> 17 | C26: =IF(入力!$B25="","",入力!$B25) -> 高橋 佐織 | D26: =IF(入力!$B25="","",IF(ISNUMBER(入力!$C25),入力!$C25,"")) -> 1.8 | E26: =IF(ISNUMBER(入力!$C25),IFERROR(50+10*($C$6-入力!$C25)/$C$7,""),"") -> 44.156142 | F26: =IF(入力!$B25="","",IF(ISNUMBER(入力!$D25),入力!$D25,"")) -> 1.7 | G26: =IF(ISNUMBER(入力!$D25),IFERROR(50+10*($D$6-入力!$D25)/$D$7,""),"") -> 47.501787 | H26: =IF(AND(ISNUMBER(入力!$C25),ISNUMBER(入力!$D25)),入力!$C25+入力!$D25,"") -> 3.5 | I26: =IF(H26="","",IFERROR(50+10*($E$6-H26)/$E$7,"")) -> 43.512554 | J26: =IF(入力!$B25="","",IF(AND(ISNUMBER(E26),ISNUMBER(G26)),(E26+G26)/2,IF(ISNUMBER(E26),E26,IF(ISNUMBER(G26),G26,"")))) -> 45.828964 | K26: =IF(J26="","",IF(J26>=60,"優秀",IF(J26>=55,"やや優秀",IF(J26>=45,"標準",IF(J26>=40,"やや要改善","要改善"))))) -> 標準 | M26: 2. 偏差値 — 「チームの中でどれくらい速いか」
B27: =IF($J27="","",RANK($J27,$J$10:$J$59,0)) -> 9 | C27: =IF(入力!$B26="","",入力!$B26) -> 北田 倫子 | D27: =IF(入力!$B26="","",IF(ISNUMBER(入力!$C26),入力!$C26,"")) -> 1.6 | E27: =IF(ISNUMBER(入力!$C26),IFERROR(50+10*($C$6-入力!$C26)/$C$7,""),"") -> 48.868931 | F27: =IF(入力!$B26="","",IF(ISNUMBER(入力!$D26),入力!$D26,"")) -> 1.2 | G27: =IF(ISNUMBER(入力!$D26),IFERROR(50+10*($D$6-入力!$D26)/$D$7,""),"") -> 55.157602 | H27: =IF(AND(ISNUMBER(入力!$C26),ISNUMBER(入力!$D26)),入力!$C26+入力!$D26,"") -> 2.8 | I27: =IF(H27="","",IFERROR(50+10*($E$6-H27)/$E$7,"")) -> 53.317444 | J27: =IF(入力!$B26="","",IF(AND(ISNUMBER(E27),ISNUMBER(G27)),(E27+G27)/2,IF(ISNUMBER(E27),E27,IF(ISNUMBER(G27),G27,"")))) -> 52.013266 | K27: =IF(J27="","",IF(J27>=60,"優秀",IF(J27>=55,"やや優秀",IF(J27>=45,"標準",IF(J27>=40,"やや要改善","要改善"))))) -> 標準 | M27: 偏差値は、σを「ものさし」にして各人の位置を50を平均とする点数に変換したものです（学校のテストと同じ考え方）。
B28: =IF($J28="","",RANK($J28,$J$10:$J$59,0)) -> 8 | C28: =IF(入力!$B27="","",入力!$B27) -> 鈴木 香織 | D28: =IF(入力!$B27="","",IF(ISNUMBER(入力!$C27),入力!$C27,"")) -> 1.2 | E28: =IF(ISNUMBER(入力!$C27),IFERROR(50+10*($C$6-入力!$C27)/$C$7,""),"") -> 58.294508 | F28: =IF(入力!$B27="","",IF(ISNUMBER(入力!$D27),入力!$D27,"")) -> 1.8 | G28: =IF(ISNUMBER(入力!$D27),IFERROR(50+10*($D$6-入力!$D27)/$D$7,""),"") -> 45.970624 | H28: =IF(AND(ISNUMBER(入力!$C27),ISNUMBER(入力!$D27)),入力!$C27+入力!$D27,"") -> 3 | I28: =IF(H28="","",IFERROR(50+10*($E$6-H28)/$E$7,"")) -> 50.516047 | J28: =IF(入力!$B27="","",IF(AND(ISNUMBER(E28),ISNUMBER(G28)),(E28+G28)/2,IF(ISNUMBER(E28),E28,IF(ISNUMBER(G28),G28,"")))) -> 52.132566 | K28: =IF(J28="","",IF(J28>=60,"優秀",IF(J28>=55,"やや優秀",IF(J28>=45,"標準",IF(J28>=40,"やや要改善","要改善"))))) -> 標準
B29: =IF($J29="","",RANK($J29,$J$10:$J$59,0)) -> 23 | C29: =IF(入力!$B28="","",入力!$B28) -> 菊池 敬 | D29: =IF(入力!$B28="","",IF(ISNUMBER(入力!$C28),入力!$C28,"")) -> 1.7 | E29: =IF(ISNUMBER(入力!$C28),IFERROR(50+10*($C$6-入力!$C28)/$C$7,""),"") -> 46.512536 | F29: =IF(入力!$B28="","",IF(ISNUMBER(入力!$D28),入力!$D28,"")) -> 2.5 | G29: =IF(ISNUMBER(入力!$D28),IFERROR(50+10*($D$6-入力!$D28)/$D$7,""),"") -> 35.252482 | H29: =IF(AND(ISNUMBER(入力!$C28),ISNUMBER(入力!$D28)),入力!$C28+入力!$D28,"") -> 4.2 | I29: =IF(H29="","",IFERROR(50+10*($E$6-H29)/$E$7,"")) -> 33.707664 | J29: =IF(入力!$B28="","",IF(AND(ISNUMBER(E29),ISNUMBER(G29)),(E29+G29)/2,IF(ISNUMBER(E29),E29,IF(ISNUMBER(G29),G29,"")))) -> 40.882509 | K29: =IF(J29="","",IF(J29>=60,"優秀",IF(J29>=55,"やや優秀",IF(J29>=45,"標準",IF(J29>=40,"やや要改善","要改善"))))) -> やや要改善 | M29: 計算式： 偏差値 ＝ 50 ＋ 10 ×（平均 − 実績）÷ σ
B30: =IF($J30="","",RANK($J30,$J$10:$J$59,0)) -> 18 | C30: =IF(入力!$B29="","",入力!$B29) -> 上村 和恵 | D30: =IF(入力!$B29="","",IF(ISNUMBER(入力!$C29),入力!$C29,"")) -> 1.8 | E30: =IF(ISNUMBER(入力!$C29),IFERROR(50+10*($C$6-入力!$C29)/$C$7,""),"") -> 44.156142 | F30: =IF(入力!$B29="","",IF(ISNUMBER(入力!$D29),入力!$D29,"")) | G30: =IF(ISNUMBER(入力!$D29),IFERROR(50+10*($D$6-入力!$D29)/$D$7,""),"") | H30: =IF(AND(ISNUMBER(入力!$C29),ISNUMBER(入力!$D29)),入力!$C29+入力!$D29,"") | I30: =IF(H30="","",IFERROR(50+10*($E$6-H30)/$E$7,"")) | J30: =IF(入力!$B29="","",IF(AND(ISNUMBER(E30),ISNUMBER(G30)),(E30+G30)/2,IF(ISNUMBER(E30),E30,IF(ISNUMBER(G30),G30,"")))) -> 44.156142 | K30: =IF(J30="","",IF(J30>=60,"優秀",IF(J30>=55,"やや優秀",IF(J30>=45,"標準",IF(J30>=40,"やや要改善","要改善"))))) -> やや要改善
B31: =IF($J31="","",RANK($J31,$J$10:$J$59,0)) -> 18 | C31: =IF(入力!$B30="","",入力!$B30) -> 秋草 文恵 | D31: =IF(入力!$B30="","",IF(ISNUMBER(入力!$C30),入力!$C30,"")) -> 1.8 | E31: =IF(ISNUMBER(入力!$C30),IFERROR(50+10*($C$6-入力!$C30)/$C$7,""),"") -> 44.156142 | F31: =IF(入力!$B30="","",IF(ISNUMBER(入力!$D30),入力!$D30,"")) | G31: =IF(ISNUMBER(入力!$D30),IFERROR(50+10*($D$6-入力!$D30)/$D$7,""),"") | H31: =IF(AND(ISNUMBER(入力!$C30),ISNUMBER(入力!$D30)),入力!$C30+入力!$D30,"") | I31: =IF(H31="","",IFERROR(50+10*($E$6-H31)/$E$7,"")) | J31: =IF(入力!$B30="","",IF(AND(ISNUMBER(E31),ISNUMBER(G31)),(E31+G31)/2,IF(ISNUMBER(E31),E31,IF(ISNUMBER(G31),G31,"")))) -> 44.156142 | K31: =IF(J31="","",IF(J31>=60,"優秀",IF(J31>=55,"やや優秀",IF(J31>=45,"標準",IF(J31>=40,"やや要改善","要改善"))))) -> やや要改善 | M31: （平均 − 実績）… 平均より速い（実績が小さい）ほどプラス。※ここを反転させているのが今回のポイント。作業時間は小さいほど優秀なので、偏差値も高くなります。
B32: =IF($J32="","",RANK($J32,$J$10:$J$59,0)) -> 11 | C32: =IF(入力!$B31="","",入力!$B31) -> 向井 ひかり | D32: =IF(入力!$B31="","",IF(ISNUMBER(入力!$C31),入力!$C31,"")) -> 1.5 | E32: =IF(ISNUMBER(入力!$C31),IFERROR(50+10*($C$6-入力!$C31)/$C$7,""),"") -> 51.225325 | F32: =IF(入力!$B31="","",IF(ISNUMBER(入力!$D31),入力!$D31,"")) | G32: =IF(ISNUMBER(入力!$D31),IFERROR(50+10*($D$6-入力!$D31)/$D$7,""),"") | H32: =IF(AND(ISNUMBER(入力!$C31),ISNUMBER(入力!$D31)),入力!$C31+入力!$D31,"") | I32: =IF(H32="","",IFERROR(50+10*($E$6-H32)/$E$7,"")) | J32: =IF(入力!$B31="","",IF(AND(ISNUMBER(E32),ISNUMBER(G32)),(E32+G32)/2,IF(ISNUMBER(E32),E32,IF(ISNUMBER(G32),G32,"")))) -> 51.225325 | K32: =IF(J32="","",IF(J32>=60,"優秀",IF(J32>=55,"やや優秀",IF(J32>=45,"標準",IF(J32>=40,"やや要改善","要改善"))))) -> 標準 | M32: ÷ σ… ズレを「σ何個分か」に換算。
B33: =IF($J33="","",RANK($J33,$J$10:$J$59,0)) -> 22 | C33: =IF(入力!$B32="","",入力!$B32) -> 高橋 正美 | D33: =IF(入力!$B32="","",IF(ISNUMBER(入力!$C32),入力!$C32,"")) -> 1.9 | E33: =IF(ISNUMBER(入力!$C32),IFERROR(50+10*($C$6-入力!$C32)/$C$7,""),"") -> 41.799748 | F33: =IF(入力!$B32="","",IF(ISNUMBER(入力!$D32),入力!$D32,"")) | G33: =IF(ISNUMBER(入力!$D32),IFERROR(50+10*($D$6-入力!$D32)/$D$7,""),"") | H33: =IF(AND(ISNUMBER(入力!$C32),ISNUMBER(入力!$D32)),入力!$C32+入力!$D32,"") | I33: =IF(H33="","",IFERROR(50+10*($E$6-H33)/$E$7,"")) | J33: =IF(入力!$B32="","",IF(AND(ISNUMBER(E33),ISNUMBER(G33)),(E33+G33)/2,IF(ISNUMBER(E33),E33,IF(ISNUMBER(G33),G33,"")))) -> 41.799748 | K33: =IF(J33="","",IF(J33>=60,"優秀",IF(J33>=55,"やや優秀",IF(J33>=45,"標準",IF(J33>=40,"やや要改善","要改善"))))) -> やや要改善 | M33: ×10 ＋50… σ1個分＝10点、平均＝50点になるよう調整。
B34: =IF($J34="","",RANK($J34,$J$10:$J$59,0)) -> 24 | C34: =IF(入力!$B33="","",入力!$B33) -> 廣瀬 こずえ | D34: =IF(入力!$B33="","",IF(ISNUMBER(入力!$C33),入力!$C33,"")) -> 2 | E34: =IF(ISNUMBER(入力!$C33),IFERROR(50+10*($C$6-入力!$C33)/$C$7,""),"") -> 39.443353 | F34: =IF(入力!$B33="","",IF(ISNUMBER(入力!$D33),入力!$D33,"")) | G34: =IF(ISNUMBER(入力!$D33),IFERROR(50+10*($D$6-入力!$D33)/$D$7,""),"") | H34: =IF(AND(ISNUMBER(入力!$C33),ISNUMBER(入力!$D33)),入力!$C33+入力!$D33,"") | I34: =IF(H34="","",IFERROR(50+10*($E$6-H34)/$E$7,"")) | J34: =IF(入力!$B33="","",IF(AND(ISNUMBER(E34),ISNUMBER(G34)),(E34+G34)/2,IF(ISNUMBER(E34),E34,IF(ISNUMBER(G34),G34,"")))) -> 39.443353 | K34: =IF(J34="","",IF(J34>=60,"優秀",IF(J34>=55,"やや優秀",IF(J34>=45,"標準",IF(J34>=40,"やや要改善","要改善"))))) -> 要改善 | M34: 計算例①：佐藤さん（ピック1.0）
B35: =IF($J35="","",RANK($J35,$J$10:$J$59,0)) -> 6 | C35: =IF(入力!$B34="","",入力!$B34) -> 石戸谷 亜子 | D35: =IF(入力!$B34="","",IF(ISNUMBER(入力!$C34),入力!$C34,"")) -> 1.3 | E35: =IF(ISNUMBER(入力!$C34),IFERROR(50+10*($C$6-入力!$C34)/$C$7,""),"") -> 55.938114 | F35: =IF(入力!$B34="","",IF(ISNUMBER(入力!$D34),入力!$D34,"")) | G35: =IF(ISNUMBER(入力!$D34),IFERROR(50+10*($D$6-入力!$D34)/$D$7,""),"") | H35: =IF(AND(ISNUMBER(入力!$C34),ISNUMBER(入力!$D34)),入力!$C34+入力!$D34,"") | I35: =IF(H35="","",IFERROR(50+10*($E$6-H35)/$E$7,"")) | J35: =IF(入力!$B34="","",IF(AND(ISNUMBER(E35),ISNUMBER(G35)),(E35+G35)/2,IF(ISNUMBER(E35),E35,IF(ISNUMBER(G35),G35,"")))) -> 55.938114 | K35: =IF(J35="","",IF(J35>=60,"優秀",IF(J35>=55,"やや優秀",IF(J35>=45,"標準",IF(J35>=40,"やや要改善","要改善"))))) -> やや優秀 | M35: (1.55 − 1.0) ÷ 0.42 ＝ 1.30σ 速い → 50 ＋ 10×1.30 ＝ 63.0
B36: =IF($J36="","",RANK($J36,$J$10:$J$59,0)) | C36: =IF(入力!$B35="","",入力!$B35) -> 奥野 愛海 | D36: =IF(入力!$B35="","",IF(ISNUMBER(入力!$C35),入力!$C35,"")) | E36: =IF(ISNUMBER(入力!$C35),IFERROR(50+10*($C$6-入力!$C35)/$C$7,""),"") | F36: =IF(入力!$B35="","",IF(ISNUMBER(入力!$D35),入力!$D35,"")) | G36: =IF(ISNUMBER(入力!$D35),IFERROR(50+10*($D$6-入力!$D35)/$D$7,""),"") | H36: =IF(AND(ISNUMBER(入力!$C35),ISNUMBER(入力!$D35)),入力!$C35+入力!$D35,"") | I36: =IF(H36="","",IFERROR(50+10*($E$6-H36)/$E$7,"")) | J36: =IF(入力!$B35="","",IF(AND(ISNUMBER(E36),ISNUMBER(G36)),(E36+G36)/2,IF(ISNUMBER(E36),E36,IF(ISNUMBER(G36),G36,"")))) | K36: =IF(J36="","",IF(J36>=60,"優秀",IF(J36>=55,"やや優秀",IF(J36>=45,"標準",IF(J36>=40,"やや要改善","要改善")))))
B37: =IF($J37="","",RANK($J37,$J$10:$J$59,0)) | C37: =IF(入力!$B36="","",入力!$B36) -> 平田 学 | D37: =IF(入力!$B36="","",IF(ISNUMBER(入力!$C36),入力!$C36,"")) | E37: =IF(ISNUMBER(入力!$C36),IFERROR(50+10*($C$6-入力!$C36)/$C$7,""),"") | F37: =IF(入力!$B36="","",IF(ISNUMBER(入力!$D36),入力!$D36,"")) | G37: =IF(ISNUMBER(入力!$D36),IFERROR(50+10*($D$6-入力!$D36)/$D$7,""),"") | H37: =IF(AND(ISNUMBER(入力!$C36),ISNUMBER(入力!$D36)),入力!$C36+入力!$D36,"") | I37: =IF(H37="","",IFERROR(50+10*($E$6-H37)/$E$7,"")) | J37: =IF(入力!$B36="","",IF(AND(ISNUMBER(E37),ISNUMBER(G37)),(E37+G37)/2,IF(ISNUMBER(E37),E37,IF(ISNUMBER(G37),G37,"")))) | K37: =IF(J37="","",IF(J37>=60,"優秀",IF(J37>=55,"やや優秀",IF(J37>=45,"標準",IF(J37>=40,"やや要改善","要改善"))))) | M37: 計算例②：片岡さん（ピック3.1）
B38: =IF($J38="","",RANK($J38,$J$10:$J$59,0)) | C38: =IF(入力!$B37="","",入力!$B37) | D38: =IF(入力!$B37="","",IF(ISNUMBER(入力!$C37),入力!$C37,"")) | E38: =IF(ISNUMBER(入力!$C37),IFERROR(50+10*($C$6-入力!$C37)/$C$7,""),"") | F38: =IF(入力!$B37="","",IF(ISNUMBER(入力!$D37),入力!$D37,"")) | G38: =IF(ISNUMBER(入力!$D37),IFERROR(50+10*($D$6-入力!$D37)/$D$7,""),"") | H38: =IF(AND(ISNUMBER(入力!$C37),ISNUMBER(入力!$D37)),入力!$C37+入力!$D37,"") | I38: =IF(H38="","",IFERROR(50+10*($E$6-H38)/$E$7,"")) | J38: =IF(入力!$B37="","",IF(AND(ISNUMBER(E38),ISNUMBER(G38)),(E38+G38)/2,IF(ISNUMBER(E38),E38,IF(ISNUMBER(G38),G38,"")))) | K38: =IF(J38="","",IF(J38>=60,"優秀",IF(J38>=55,"やや優秀",IF(J38>=45,"標準",IF(J38>=40,"やや要改善","要改善"))))) | M38: (1.55 − 3.1) ÷ 0.42 ＝ −3.65σ 遅い → 50 ＋ 10×(−3.65) ＝ 13.5（3σ以上遅い＝極端な外れ値）
B39: =IF($J39="","",RANK($J39,$J$10:$J$59,0)) | C39: =IF(入力!$B38="","",入力!$B38) | D39: =IF(入力!$B38="","",IF(ISNUMBER(入力!$C38),入力!$C38,"")) | E39: =IF(ISNUMBER(入力!$C38),IFERROR(50+10*($C$6-入力!$C38)/$C$7,""),"") | F39: =IF(入力!$B38="","",IF(ISNUMBER(入力!$D38),入力!$D38,"")) | G39: =IF(ISNUMBER(入力!$D38),IFERROR(50+10*($D$6-入力!$D38)/$D$7,""),"") | H39: =IF(AND(ISNUMBER(入力!$C38),ISNUMBER(入力!$D38)),入力!$C38+入力!$D38,"") | I39: =IF(H39="","",IFERROR(50+10*($E$6-H39)/$E$7,"")) | J39: =IF(入力!$B38="","",IF(AND(ISNUMBER(E39),ISNUMBER(G39)),(E39+G39)/2,IF(ISNUMBER(E39),E39,IF(ISNUMBER(G39),G39,"")))) | K39: =IF(J39="","",IF(J39>=60,"優秀",IF(J39>=55,"やや優秀",IF(J39>=45,"標準",IF(J39>=40,"やや要改善","要改善")))))
B40: =IF($J40="","",RANK($J40,$J$10:$J$59,0)) | C40: =IF(入力!$B39="","",入力!$B39) | D40: =IF(入力!$B39="","",IF(ISNUMBER(入力!$C39),入力!$C39,"")) | E40: =IF(ISNUMBER(入力!$C39),IFERROR(50+10*($C$6-入力!$C39)/$C$7,""),"") | F40: =IF(入力!$B39="","",IF(ISNUMBER(入力!$D39),入力!$D39,"")) | G40: =IF(ISNUMBER(入力!$D39),IFERROR(50+10*($D$6-入力!$D39)/$D$7,""),"") | H40: =IF(AND(ISNUMBER(入力!$C39),ISNUMBER(入力!$D39)),入力!$C39+入力!$D39,"") | I40: =IF(H40="","",IFERROR(50+10*($E$6-H40)/$E$7,"")) | J40: =IF(入力!$B39="","",IF(AND(ISNUMBER(E40),ISNUMBER(G40)),(E40+G40)/2,IF(ISNUMBER(E40),E40,IF(ISNUMBER(G40),G40,"")))) | K40: =IF(J40="","",IF(J40>=60,"優秀",IF(J40>=55,"やや優秀",IF(J40>=45,"標準",IF(J40>=40,"やや要改善","要改善"))))) | M40: 偏差値 早見表（正規分布を仮定した目安）
B41: =IF($J41="","",RANK($J41,$J$10:$J$59,0)) | C41: =IF(入力!$B40="","",入力!$B40) | D41: =IF(入力!$B40="","",IF(ISNUMBER(入力!$C40),入力!$C40,"")) | E41: =IF(ISNUMBER(入力!$C40),IFERROR(50+10*($C$6-入力!$C40)/$C$7,""),"") | F41: =IF(入力!$B40="","",IF(ISNUMBER(入力!$D40),入力!$D40,"")) | G41: =IF(ISNUMBER(入力!$D40),IFERROR(50+10*($D$6-入力!$D40)/$D$7,""),"") | H41: =IF(AND(ISNUMBER(入力!$C40),ISNUMBER(入力!$D40)),入力!$C40+入力!$D40,"") | I41: =IF(H41="","",IFERROR(50+10*($E$6-H41)/$E$7,"")) | J41: =IF(入力!$B40="","",IF(AND(ISNUMBER(E41),ISNUMBER(G41)),(E41+G41)/2,IF(ISNUMBER(E41),E41,IF(ISNUMBER(G41),G41,"")))) | K41: =IF(J41="","",IF(J41>=60,"優秀",IF(J41>=55,"やや優秀",IF(J41>=45,"標準",IF(J41>=40,"やや要改善","要改善")))))
B42: =IF($J42="","",RANK($J42,$J$10:$J$59,0)) | C42: =IF(入力!$B41="","",入力!$B41) | D42: =IF(入力!$B41="","",IF(ISNUMBER(入力!$C41),入力!$C41,"")) | E42: =IF(ISNUMBER(入力!$C41),IFERROR(50+10*($C$6-入力!$C41)/$C$7,""),"") | F42: =IF(入力!$B41="","",IF(ISNUMBER(入力!$D41),入力!$D41,"")) | G42: =IF(ISNUMBER(入力!$D41),IFERROR(50+10*($D$6-入力!$D41)/$D$7,""),"") | H42: =IF(AND(ISNUMBER(入力!$C41),ISNUMBER(入力!$D41)),入力!$C41+入力!$D41,"") | I42: =IF(H42="","",IFERROR(50+10*($E$6-H42)/$E$7,"")) | J42: =IF(入力!$B41="","",IF(AND(ISNUMBER(E42),ISNUMBER(G42)),(E42+G42)/2,IF(ISNUMBER(E42),E42,IF(ISNUMBER(G42),G42,"")))) | K42: =IF(J42="","",IF(J42>=60,"優秀",IF(J42>=55,"やや優秀",IF(J42>=45,"標準",IF(J42>=40,"やや要改善","要改善"))))) | M42: 偏差値 | N42: 平均からの位置 | O42: 上位割合 | P42: 意味
B43: =IF($J43="","",RANK($J43,$J$10:$J$59,0)) | C43: =IF(入力!$B42="","",入力!$B42) | D43: =IF(入力!$B42="","",IF(ISNUMBER(入力!$C42),入力!$C42,"")) | E43: =IF(ISNUMBER(入力!$C42),IFERROR(50+10*($C$6-入力!$C42)/$C$7,""),"") | F43: =IF(入力!$B42="","",IF(ISNUMBER(入力!$D42),入力!$D42,"")) | G43: =IF(ISNUMBER(入力!$D42),IFERROR(50+10*($D$6-入力!$D42)/$D$7,""),"") | H43: =IF(AND(ISNUMBER(入力!$C42),ISNUMBER(入力!$D42)),入力!$C42+入力!$D42,"") | I43: =IF(H43="","",IFERROR(50+10*($E$6-H43)/$E$7,"")) | J43: =IF(入力!$B42="","",IF(AND(ISNUMBER(E43),ISNUMBER(G43)),(E43+G43)/2,IF(ISNUMBER(E43),E43,IF(ISNUMBER(G43),G43,"")))) | K43: =IF(J43="","",IF(J43>=60,"優秀",IF(J43>=55,"やや優秀",IF(J43>=45,"標準",IF(J43>=40,"やや要改善","要改善"))))) | M43: 70+ | N43: +2σ以上 | O43: 上位 約2% | P43: 抜群
B44: =IF($J44="","",RANK($J44,$J$10:$J$59,0)) | C44: =IF(入力!$B43="","",入力!$B43) | D44: =IF(入力!$B43="","",IF(ISNUMBER(入力!$C43),入力!$C43,"")) | E44: =IF(ISNUMBER(入力!$C43),IFERROR(50+10*($C$6-入力!$C43)/$C$7,""),"") | F44: =IF(入力!$B43="","",IF(ISNUMBER(入力!$D43),入力!$D43,"")) | G44: =IF(ISNUMBER(入力!$D43),IFERROR(50+10*($D$6-入力!$D43)/$D$7,""),"") | H44: =IF(AND(ISNUMBER(入力!$C43),ISNUMBER(入力!$D43)),入力!$C43+入力!$D43,"") | I44: =IF(H44="","",IFERROR(50+10*($E$6-H44)/$E$7,"")) | J44: =IF(入力!$B43="","",IF(AND(ISNUMBER(E44),ISNUMBER(G44)),(E44+G44)/2,IF(ISNUMBER(E44),E44,IF(ISNUMBER(G44),G44,"")))) | K44: =IF(J44="","",IF(J44>=60,"優秀",IF(J44>=55,"やや優秀",IF(J44>=45,"標準",IF(J44>=40,"やや要改善","要改善"))))) | M44: 60〜70 | N44: +1σ〜+2σ | O44: 上位 約16% | P44: 優秀
B45: =IF($J45="","",RANK($J45,$J$10:$J$59,0)) | C45: =IF(入力!$B44="","",入力!$B44) | D45: =IF(入力!$B44="","",IF(ISNUMBER(入力!$C44),入力!$C44,"")) | E45: =IF(ISNUMBER(入力!$C44),IFERROR(50+10*($C$6-入力!$C44)/$C$7,""),"") | F45: =IF(入力!$B44="","",IF(ISNUMBER(入力!$D44),入力!$D44,"")) | G45: =IF(ISNUMBER(入力!$D44),IFERROR(50+10*($D$6-入力!$D44)/$D$7,""),"") | H45: =IF(AND(ISNUMBER(入力!$C44),ISNUMBER(入力!$D44)),入力!$C44+入力!$D44,"") | I45: =IF(H45="","",IFERROR(50+10*($E$6-H45)/$E$7,"")) | J45: =IF(入力!$B44="","",IF(AND(ISNUMBER(E45),ISNUMBER(G45)),(E45+G45)/2,IF(ISNUMBER(E45),E45,IF(ISNUMBER(G45),G45,"")))) | K45: =IF(J45="","",IF(J45>=60,"優秀",IF(J45>=55,"やや優秀",IF(J45>=45,"標準",IF(J45>=40,"やや要改善","要改善"))))) | M45: 55〜60 | N45: +0.5σ〜+1σ | O45: 上位 約31% | P45: やや優秀
B46: =IF($J46="","",RANK($J46,$J$10:$J$59,0)) | C46: =IF(入力!$B45="","",入力!$B45) | D46: =IF(入力!$B45="","",IF(ISNUMBER(入力!$C45),入力!$C45,"")) | E46: =IF(ISNUMBER(入力!$C45),IFERROR(50+10*($C$6-入力!$C45)/$C$7,""),"") | F46: =IF(入力!$B45="","",IF(ISNUMBER(入力!$D45),入力!$D45,"")) | G46: =IF(ISNUMBER(入力!$D45),IFERROR(50+10*($D$6-入力!$D45)/$D$7,""),"") | H46: =IF(AND(ISNUMBER(入力!$C45),ISNUMBER(入力!$D45)),入力!$C45+入力!$D45,"") | I46: =IF(H46="","",IFERROR(50+10*($E$6-H46)/$E$7,"")) | J46: =IF(入力!$B45="","",IF(AND(ISNUMBER(E46),ISNUMBER(G46)),(E46+G46)/2,IF(ISNUMBER(E46),E46,IF(ISNUMBER(G46),G46,"")))) | K46: =IF(J46="","",IF(J46>=60,"優秀",IF(J46>=55,"やや優秀",IF(J46>=45,"標準",IF(J46>=40,"やや要改善","要改善"))))) | M46: 45〜55 | N46: 平均±0.5σ | O46: 中央 約38% | P46: 標準
B47: =IF($J47="","",RANK($J47,$J$10:$J$59,0)) | C47: =IF(入力!$B46="","",入力!$B46) | D47: =IF(入力!$B46="","",IF(ISNUMBER(入力!$C46),入力!$C46,"")) | E47: =IF(ISNUMBER(入力!$C46),IFERROR(50+10*($C$6-入力!$C46)/$C$7,""),"") | F47: =IF(入力!$B46="","",IF(ISNUMBER(入力!$D46),入力!$D46,"")) | G47: =IF(ISNUMBER(入力!$D46),IFERROR(50+10*($D$6-入力!$D46)/$D$7,""),"") | H47: =IF(AND(ISNUMBER(入力!$C46),ISNUMBER(入力!$D46)),入力!$C46+入力!$D46,"") | I47: =IF(H47="","",IFERROR(50+10*($E$6-H47)/$E$7,"")) | J47: =IF(入力!$B46="","",IF(AND(ISNUMBER(E47),ISNUMBER(G47)),(E47+G47)/2,IF(ISNUMBER(E47),E47,IF(ISNUMBER(G47),G47,"")))) | K47: =IF(J47="","",IF(J47>=60,"優秀",IF(J47>=55,"やや優秀",IF(J47>=45,"標準",IF(J47>=40,"やや要改善","要改善"))))) | M47: 40〜45 | N47: −1σ〜−0.5σ | O47: 下位 約31% | P47: やや要改善
B48: =IF($J48="","",RANK($J48,$J$10:$J$59,0)) | C48: =IF(入力!$B47="","",入力!$B47) | D48: =IF(入力!$B47="","",IF(ISNUMBER(入力!$C47),入力!$C47,"")) | E48: =IF(ISNUMBER(入力!$C47),IFERROR(50+10*($C$6-入力!$C47)/$C$7,""),"") | F48: =IF(入力!$B47="","",IF(ISNUMBER(入力!$D47),入力!$D47,"")) | G48: =IF(ISNUMBER(入力!$D47),IFERROR(50+10*($D$6-入力!$D47)/$D$7,""),"") | H48: =IF(AND(ISNUMBER(入力!$C47),ISNUMBER(入力!$D47)),入力!$C47+入力!$D47,"") | I48: =IF(H48="","",IFERROR(50+10*($E$6-H48)/$E$7,"")) | J48: =IF(入力!$B47="","",IF(AND(ISNUMBER(E48),ISNUMBER(G48)),(E48+G48)/2,IF(ISNUMBER(E48),E48,IF(ISNUMBER(G48),G48,"")))) | K48: =IF(J48="","",IF(J48>=60,"優秀",IF(J48>=55,"やや優秀",IF(J48>=45,"標準",IF(J48>=40,"やや要改善","要改善"))))) | M48: 30〜40 | N48: −2σ〜−1σ | O48: 下位 約16% | P48: 要改善
B49: =IF($J49="","",RANK($J49,$J$10:$J$59,0)) | C49: =IF(入力!$B48="","",入力!$B48) | D49: =IF(入力!$B48="","",IF(ISNUMBER(入力!$C48),入力!$C48,"")) | E49: =IF(ISNUMBER(入力!$C48),IFERROR(50+10*($C$6-入力!$C48)/$C$7,""),"") | F49: =IF(入力!$B48="","",IF(ISNUMBER(入力!$D48),入力!$D48,"")) | G49: =IF(ISNUMBER(入力!$D48),IFERROR(50+10*($D$6-入力!$D48)/$D$7,""),"") | H49: =IF(AND(ISNUMBER(入力!$C48),ISNUMBER(入力!$D48)),入力!$C48+入力!$D48,"") | I49: =IF(H49="","",IFERROR(50+10*($E$6-H49)/$E$7,"")) | J49: =IF(入力!$B48="","",IF(AND(ISNUMBER(E49),ISNUMBER(G49)),(E49+G49)/2,IF(ISNUMBER(E49),E49,IF(ISNUMBER(G49),G49,"")))) | K49: =IF(J49="","",IF(J49>=60,"優秀",IF(J49>=55,"やや優秀",IF(J49>=45,"標準",IF(J49>=40,"やや要改善","要改善"))))) | M49: 3. 総合偏差値 と 合計偏差値の違い（別列で両方載せています）
B50: =IF($J50="","",RANK($J50,$J$10:$J$59,0)) | C50: =IF(入力!$B49="","",入力!$B49) | D50: =IF(入力!$B49="","",IF(ISNUMBER(入力!$C49),入力!$C49,"")) | E50: =IF(ISNUMBER(入力!$C49),IFERROR(50+10*($C$6-入力!$C49)/$C$7,""),"") | F50: =IF(入力!$B49="","",IF(ISNUMBER(入力!$D49),入力!$D49,"")) | G50: =IF(ISNUMBER(入力!$D49),IFERROR(50+10*($D$6-入力!$D49)/$D$7,""),"") | H50: =IF(AND(ISNUMBER(入力!$C49),ISNUMBER(入力!$D49)),入力!$C49+入力!$D49,"") | I50: =IF(H50="","",IFERROR(50+10*($E$6-H50)/$E$7,"")) | J50: =IF(入力!$B49="","",IF(AND(ISNUMBER(E50),ISNUMBER(G50)),(E50+G50)/2,IF(ISNUMBER(E50),E50,IF(ISNUMBER(G50),G50,"")))) | K50: =IF(J50="","",IF(J50>=60,"優秀",IF(J50>=55,"やや優秀",IF(J50>=45,"標準",IF(J50>=40,"やや要改善","要改善"))))) | M50: 総合偏差値 ＝ ピック偏差値 と 梱包偏差値 の平均。各工程を対等に評価。片方のみ入力の人は入力側だけ。
B51: =IF($J51="","",RANK($J51,$J$10:$J$59,0)) | C51: =IF(入力!$B50="","",入力!$B50) | D51: =IF(入力!$B50="","",IF(ISNUMBER(入力!$C50),入力!$C50,"")) | E51: =IF(ISNUMBER(入力!$C50),IFERROR(50+10*($C$6-入力!$C50)/$C$7,""),"") | F51: =IF(入力!$B50="","",IF(ISNUMBER(入力!$D50),入力!$D50,"")) | G51: =IF(ISNUMBER(入力!$D50),IFERROR(50+10*($D$6-入力!$D50)/$D$7,""),"") | H51: =IF(AND(ISNUMBER(入力!$C50),ISNUMBER(入力!$D50)),入力!$C50+入力!$D50,"") | I51: =IF(H51="","",IFERROR(50+10*($E$6-H51)/$E$7,"")) | J51: =IF(入力!$B50="","",IF(AND(ISNUMBER(E51),ISNUMBER(G51)),(E51+G51)/2,IF(ISNUMBER(E51),E51,IF(ISNUMBER(G51),G51,"")))) | K51: =IF(J51="","",IF(J51>=60,"優秀",IF(J51>=55,"やや優秀",IF(J51>=45,"標準",IF(J51>=40,"やや要改善","要改善"))))) | M51: 合計偏差値 ＝ 合計実績（ピック＋梱包）を、合計の平均・σで偏差値化。実時間の重みで評価（時間のかかる工程の影響が大きい）。
B52: =IF($J52="","",RANK($J52,$J$10:$J$59,0)) | C52: =IF(入力!$B51="","",入力!$B51) | D52: =IF(入力!$B51="","",IF(ISNUMBER(入力!$C51),入力!$C51,"")) | E52: =IF(ISNUMBER(入力!$C51),IFERROR(50+10*($C$6-入力!$C51)/$C$7,""),"") | F52: =IF(入力!$B51="","",IF(ISNUMBER(入力!$D51),入力!$D51,"")) | G52: =IF(ISNUMBER(入力!$D51),IFERROR(50+10*($D$6-入力!$D51)/$D$7,""),"") | H52: =IF(AND(ISNUMBER(入力!$C51),ISNUMBER(入力!$D51)),入力!$C51+入力!$D51,"") | I52: =IF(H52="","",IFERROR(50+10*($E$6-H52)/$E$7,"")) | J52: =IF(入力!$B51="","",IF(AND(ISNUMBER(E52),ISNUMBER(G52)),(E52+G52)/2,IF(ISNUMBER(E52),E52,IF(ISNUMBER(G52),G52,"")))) | K52: =IF(J52="","",IF(J52>=60,"優秀",IF(J52>=55,"やや優秀",IF(J52>=45,"標準",IF(J52>=40,"やや要改善","要改善"))))) | M52: 両者がズレる典型例＝アンバランスな人：
B53: =IF($J53="","",RANK($J53,$J$10:$J$59,0)) | C53: =IF(入力!$B52="","",入力!$B52) | D53: =IF(入力!$B52="","",IF(ISNUMBER(入力!$C52),入力!$C52,"")) | E53: =IF(ISNUMBER(入力!$C52),IFERROR(50+10*($C$6-入力!$C52)/$C$7,""),"") | F53: =IF(入力!$B52="","",IF(ISNUMBER(入力!$D52),入力!$D52,"")) | G53: =IF(ISNUMBER(入力!$D52),IFERROR(50+10*($D$6-入力!$D52)/$D$7,""),"") | H53: =IF(AND(ISNUMBER(入力!$C52),ISNUMBER(入力!$D52)),入力!$C52+入力!$D52,"") | I53: =IF(H53="","",IFERROR(50+10*($E$6-H53)/$E$7,"")) | J53: =IF(入力!$B52="","",IF(AND(ISNUMBER(E53),ISNUMBER(G53)),(E53+G53)/2,IF(ISNUMBER(E53),E53,IF(ISNUMBER(G53),G53,"")))) | K53: =IF(J53="","",IF(J53>=60,"優秀",IF(J53>=55,"やや優秀",IF(J53>=45,"標準",IF(J53>=40,"やや要改善","要改善")))))
B54: =IF($J54="","",RANK($J54,$J$10:$J$59,0)) | C54: =IF(入力!$B53="","",入力!$B53) | D54: =IF(入力!$B53="","",IF(ISNUMBER(入力!$C53),入力!$C53,"")) | E54: =IF(ISNUMBER(入力!$C53),IFERROR(50+10*($C$6-入力!$C53)/$C$7,""),"") | F54: =IF(入力!$B53="","",IF(ISNUMBER(入力!$D53),入力!$D53,"")) | G54: =IF(ISNUMBER(入力!$D53),IFERROR(50+10*($D$6-入力!$D53)/$D$7,""),"") | H54: =IF(AND(ISNUMBER(入力!$C53),ISNUMBER(入力!$D53)),入力!$C53+入力!$D53,"") | I54: =IF(H54="","",IFERROR(50+10*($E$6-H54)/$E$7,"")) | J54: =IF(入力!$B53="","",IF(AND(ISNUMBER(E54),ISNUMBER(G54)),(E54+G54)/2,IF(ISNUMBER(E54),E54,IF(ISNUMBER(G54),G54,"")))) | K54: =IF(J54="","",IF(J54>=60,"優秀",IF(J54>=55,"やや優秀",IF(J54>=45,"標準",IF(J54>=40,"やや要改善","要改善"))))) | M54: 担当者 | N54: ピック偏差 | O54: 梱包偏差 | P54: 総合 | Q54: 合計偏差 | R54: 何が起きているか
B55: =IF($J55="","",RANK($J55,$J$10:$J$59,0)) | C55: =IF(入力!$B54="","",入力!$B54) | D55: =IF(入力!$B54="","",IF(ISNUMBER(入力!$C54),入力!$C54,"")) | E55: =IF(ISNUMBER(入力!$C54),IFERROR(50+10*($C$6-入力!$C54)/$C$7,""),"") | F55: =IF(入力!$B54="","",IF(ISNUMBER(入力!$D54),入力!$D54,"")) | G55: =IF(ISNUMBER(入力!$D54),IFERROR(50+10*($D$6-入力!$D54)/$D$7,""),"") | H55: =IF(AND(ISNUMBER(入力!$C54),ISNUMBER(入力!$D54)),入力!$C54+入力!$D54,"") | I55: =IF(H55="","",IFERROR(50+10*($E$6-H55)/$E$7,"")) | J55: =IF(入力!$B54="","",IF(AND(ISNUMBER(E55),ISNUMBER(G55)),(E55+G55)/2,IF(ISNUMBER(E55),E55,IF(ISNUMBER(G55),G55,"")))) | K55: =IF(J55="","",IF(J55>=60,"優秀",IF(J55>=55,"やや優秀",IF(J55>=45,"標準",IF(J55>=40,"やや要改善","要改善"))))) | M55: 片岡 | N55: 13.5 | O55: 64.3 | P55: 38.9 | Q55: 40.7 | R55: 梱包は抜群だがピックが極端に遅い
B56: =IF($J56="","",RANK($J56,$J$10:$J$59,0)) | C56: =IF(入力!$B55="","",入力!$B55) | D56: =IF(入力!$B55="","",IF(ISNUMBER(入力!$C55),入力!$C55,"")) | E56: =IF(ISNUMBER(入力!$C55),IFERROR(50+10*($C$6-入力!$C55)/$C$7,""),"") | F56: =IF(入力!$B55="","",IF(ISNUMBER(入力!$D55),入力!$D55,"")) | G56: =IF(ISNUMBER(入力!$D55),IFERROR(50+10*($D$6-入力!$D55)/$D$7,""),"") | H56: =IF(AND(ISNUMBER(入力!$C55),ISNUMBER(入力!$D55)),入力!$C55+入力!$D55,"") | I56: =IF(H56="","",IFERROR(50+10*($E$6-H56)/$E$7,"")) | J56: =IF(入力!$B55="","",IF(AND(ISNUMBER(E56),ISNUMBER(G56)),(E56+G56)/2,IF(ISNUMBER(E56),E56,IF(ISNUMBER(G56),G56,"")))) | K56: =IF(J56="","",IF(J56>=60,"優秀",IF(J56>=55,"やや優秀",IF(J56>=45,"標準",IF(J56>=40,"やや要改善","要改善"))))) | M56: 森田 | N56: 60.7 | O56: 26.1 | P56: 43.4 | Q56: 33.7 | R56: ピックは速いが梱包が最も遅い
B57: =IF($J57="","",RANK($J57,$J$10:$J$59,0)) | C57: =IF(入力!$B56="","",入力!$B56) | D57: =IF(入力!$B56="","",IF(ISNUMBER(入力!$C56),入力!$C56,"")) | E57: =IF(ISNUMBER(入力!$C56),IFERROR(50+10*($C$6-入力!$C56)/$C$7,""),"") | F57: =IF(入力!$B56="","",IF(ISNUMBER(入力!$D56),入力!$D56,"")) | G57: =IF(ISNUMBER(入力!$D56),IFERROR(50+10*($D$6-入力!$D56)/$D$7,""),"") | H57: =IF(AND(ISNUMBER(入力!$C56),ISNUMBER(入力!$D56)),入力!$C56+入力!$D56,"") | I57: =IF(H57="","",IFERROR(50+10*($E$6-H57)/$E$7,"")) | J57: =IF(入力!$B56="","",IF(AND(ISNUMBER(E57),ISNUMBER(G57)),(E57+G57)/2,IF(ISNUMBER(E57),E57,IF(ISNUMBER(G57),G57,"")))) | K57: =IF(J57="","",IF(J57>=60,"優秀",IF(J57>=55,"やや優秀",IF(J57>=45,"標準",IF(J57>=40,"やや要改善","要改善"))))) | M57: 佐々木 | N57: 46.5 | O57: 64.3 | P57: 55.4 | Q57: 60.3 | R57: 梱包がとても速い
B58: =IF($J58="","",RANK($J58,$J$10:$J$59,0)) | C58: =IF(入力!$B57="","",入力!$B57) | D58: =IF(入力!$B57="","",IF(ISNUMBER(入力!$C57),入力!$C57,"")) | E58: =IF(ISNUMBER(入力!$C57),IFERROR(50+10*($C$6-入力!$C57)/$C$7,""),"") | F58: =IF(入力!$B57="","",IF(ISNUMBER(入力!$D57),入力!$D57,"")) | G58: =IF(ISNUMBER(入力!$D57),IFERROR(50+10*($D$6-入力!$D57)/$D$7,""),"") | H58: =IF(AND(ISNUMBER(入力!$C57),ISNUMBER(入力!$D57)),入力!$C57+入力!$D57,"") | I58: =IF(H58="","",IFERROR(50+10*($E$6-H58)/$E$7,"")) | J58: =IF(入力!$B57="","",IF(AND(ISNUMBER(E58),ISNUMBER(G58)),(E58+G58)/2,IF(ISNUMBER(E58),E58,IF(ISNUMBER(G58),G58,"")))) | K58: =IF(J58="","",IF(J58>=60,"優秀",IF(J58>=55,"やや優秀",IF(J58>=45,"標準",IF(J58>=40,"やや要改善","要改善"))))) | M58: こういう人は「総合」より工程別の偏差値を見ると、どちらを改善すべきか（または得意工程に配置すべきか）が一目で分かります。片岡さんは梱包専任にすればチーム全体が速くなる、という判断材料になります。
B59: =IF($J59="","",RANK($J59,$J$10:$J$59,0)) | C59: =IF(入力!$B58="","",入力!$B58) | D59: =IF(入力!$B58="","",IF(ISNUMBER(入力!$C58),入力!$C58,"")) | E59: =IF(ISNUMBER(入力!$C58),IFERROR(50+10*($C$6-入力!$C58)/$C$7,""),"") | F59: =IF(入力!$B58="","",IF(ISNUMBER(入力!$D58),入力!$D58,"")) | G59: =IF(ISNUMBER(入力!$D58),IFERROR(50+10*($D$6-入力!$D58)/$D$7,""),"") | H59: =IF(AND(ISNUMBER(入力!$C58),ISNUMBER(入力!$D58)),入力!$C58+入力!$D58,"") | I59: =IF(H59="","",IFERROR(50+10*($E$6-H59)/$E$7,"")) | J59: =IF(入力!$B58="","",IF(AND(ISNUMBER(E59),ISNUMBER(G59)),(E59+G59)/2,IF(ISNUMBER(E59),E59,IF(ISNUMBER(G59),G59,"")))) | K59: =IF(J59="","",IF(J59>=60,"優秀",IF(J59>=55,"やや優秀",IF(J59>=45,"標準",IF(J59>=40,"やや要改善","要改善")))))
M60: 4. 判定と人数分布（今回のデータ）
M61: 判定 | N61: 偏差値 | O61: 人数 | P61: 該当者
M62: 優秀 | N62: 60以上 | O62: 1名 | P62: 佐藤(64.4)
M63: やや優秀 | N63: 55〜60 | O63: 6名 | P63: 本吉・河野・大江・晩田・石戸谷・佐々木
M64: 標準 | N64: 45〜55 | O64: 10名 | P64: 鈴木・北田・森本・向井・山本・澤田・中納・飯田・後藤・高橋佐織
M65: やや要改善 | N65: 40〜45 | O65: 6名 | P65: 上村・秋草・森田・木村・高橋正美・菊池
M66: 要改善 | N66: 40未満 | O66: 2名 | P66: 廣瀬(39.4)・片岡(38.9)
M67: 統計的な補足：本来 偏差値60以上は「上位16%（約4名）」出るはずですが、今回は1名だけ。これは総合偏差値が平均どうしなので、山が50付近に集まりやすい（分散が小さくなる）ためです。極端な優秀さ・遅さを見たいときは、総合ではなく工程別の偏差値（佐藤のピック63・梱包66、片岡の梱包64 など）を見てください。
M69: 5. ⚠ 最重要の注意点 — 「偏差値＝相対評価」
M70: 偏差値はチーム内での相対位置であって、目標（1.6分）に対する絶対評価ではありません。
M72: 極端に言えば、全員が目標未達でも、その中で一番マシな人は偏差値70になります（＝目標達成とは別物）。
M73: 目標との差・達成率を見たいときは ダッシュボードの ①〜④（絶対評価）、チーム内の相対的な速さ・優秀度を見たいときは 偏差値シート、と使い分けてください。両方を並べると「目標も達成し、かつ相対的にも速い人」＝真のトップが分かります。
M74: その他の前提：
M76: 正規分布を仮定した早見表です。N=19〜25と小さめなので、%はあくまで目安。
M77: 母集団σ（STDEVP） 採用。標本σ（STDEV）にすると σが約2%大きくなり（ピック0.42→0.43 等）、偏差値はごくわずかに50へ寄りますが、順位はほぼ不変です。

Sheet 目標到達分析
B1: ⑥ 件数の集計と 目標到達（1個あたりの短縮）分析
B2: 目標＝1.6分/個。必要短縮＝目標到達に1個あたり縮める分。短縮効果(分)＝必要短縮×件数。追加可能件数＝短縮効果(分)÷目標1.6分/個（浮いた時間で追加処理できる件数）。
B4: ① 件数の統計 | C4: ピッキング件数 | D4: 梱包件数
B5: 入力人数（N） | C5: =COUNT(入力!$O$9:$O$58) -> 24 | D5: =COUNT(入力!$P$9:$P$58) -> 16
B6: 合計件数 | C6: =SUM(入力!$O$9:$O$58) -> 19739 | D6: =SUM(入力!$P$9:$P$58) -> 20116
B7: 平均値（件） | C7: =AVERAGE(入力!$O$9:$O$58) -> 822.45833 | D7: =AVERAGE(入力!$P$9:$P$58) -> 1257.25
B8: 中央値（件） | C8: =MEDIAN(入力!$O$9:$O$58) -> 842.5 | D8: =MEDIAN(入力!$P$9:$P$58) -> 1122
B10: ② 全体サマリー（目標到達）
B11: 項目 | C11: ピッキング | D11: 梱包 | E11: 合計
B12: 総件数 | C12: =SUM(E22:E71) -> 19739 | D12: =SUM(K22:K71) -> 20116 | E12: =C12+D12 -> 39855
B13: 加重平均速度（分/個） | C13: =IF(SUM(E22:E71)=0,"",SUM(F22:F71)/SUM(E22:E71)) -> 1.501798 | D13: =IF(SUM(K22:K71)=0,"",SUM(L22:L71)/SUM(K22:K71)) -> 1.472862 | E13: —
B14: 目標との差（分/個） | C14: =IF(C13="","",MAX(0,C13-入力!$B$5)) -> 0 | D14: =IF(D13="","",MAX(0,D13-入力!$C$5)) -> 0 | E14: —
B15: 総短縮効果（分） | C15: =SUM(G22:G71) -> 1577 | D15: =SUM(M22:M71) -> 2961.2 | E15: =C15+D15 -> 4538.2
B16: 総追加可能件数 | C16: =SUM(H22:H71) -> 985 | D16: =SUM(N22:N71) -> 1850 | E16: =C16+D16 -> 2835
B17: =="◎ 全員が目標(1.6分/個)に到達すると、同じ稼働時間で 合計 "&TEXT(E16,"#,##0")&" アイテム多く処理可能（削減できる総作業時間 "&TEXT(E15,"#,##0")&" 分 ≒ "&TEXT(E15/60,"0.0")&" 時間）" -> ◎ 全員が目標(1.6分/個)に到達すると、同じ稼働時間で 合計 2,835 アイテム多く処理可能（削減できる総作業時間 4,538 分 ≒ 75.6 時間）
B19: ③ 担当者別 明細：目標到達に必要な1個あたり短縮・短縮効果(分)・追加可能件数
B20: 担当者 | C20: ピッキング（目標 1.6 分/個） | I20: 梱包（目標 1.6 分/個） | O20: 合計短縮効果(分) | P20: 合計追加可能件数
C21: 現状(分/個) | D21: 必要短縮(分/個) | E21: 件数 | F21: 現状総時間(分) | G21: 短縮効果(分) | H21: 追加可能件数 | I21: 現状(分/個) | J21: 必要短縮(分/個) | K21: 件数 | L21: 現状総時間(分) | M21: 短縮効果(分) | N21: 追加可能件数
B22: =IF(入力!$B9="","",入力!$B9) -> 佐藤 辰成 | C22: =IF(入力!$B9="","",IF(ISNUMBER(入力!$C9),入力!$C9,"")) -> 1 | D22: =IF(ISNUMBER(入力!$C9),MAX(0,入力!$C9-入力!$B$5),"") -> 0 | E22: =IF(入力!$B9="","",IF(ISNUMBER(入力!$O9),入力!$O9,"")) -> 732 | F22: =IF(AND(ISNUMBER(入力!$C9),ISNUMBER(入力!$O9)),入力!$C9*入力!$O9,"") -> 732 | G22: =IF(AND(ISNUMBER(入力!$C9),ISNUMBER(入力!$O9)),MAX(0,入力!$C9-入力!$B$5)*入力!$O9,"") -> 0 | H22: =IF(ISNUMBER(G22),ROUND(G22/入力!$B$5,0),"") -> 0 | I22: =IF(入力!$B9="","",IF(ISNUMBER(入力!$D9),入力!$D9,"")) -> 0.5 | J22: =IF(ISNUMBER(入力!$D9),MAX(0,入力!$D9-入力!$C$5),"") -> 0 | K22: =IF(入力!$B9="","",IF(ISNUMBER(入力!$P9),入力!$P9,"")) -> 505 | L22: =IF(AND(ISNUMBER(入力!$D9),ISNUMBER(入力!$P9)),入力!$D9*入力!$P9,"") -> 252.5 | M22: =IF(AND(ISNUMBER(入力!$D9),ISNUMBER(入力!$P9)),MAX(0,入力!$D9-入力!$C$5)*入力!$P9,"") -> 0 | N22: =IF(ISNUMBER(M22),ROUND(M22/入力!$C$5,0),"") -> 0 | O22: =IF(入力!$B9="","",IF(AND(NOT(ISNUMBER(G22)),NOT(ISNUMBER(M22))),"",IF(ISNUMBER(G22),G22,0)+IF(ISNUMBER(M22),M22,0))) -> 0 | P22: =IF(入力!$B9="","",IF(AND(NOT(ISNUMBER(H22)),NOT(ISNUMBER(N22))),"",IF(ISNUMBER(H22),H22,0)+IF(ISNUMBER(N22),N22,0))) -> 0
B23: =IF(入力!$B10="","",入力!$B10) -> 河野 忠 | C23: =IF(入力!$B10="","",IF(ISNUMBER(入力!$C10),入力!$C10,"")) -> 1.2 | D23: =IF(ISNUMBER(入力!$C10),MAX(0,入力!$C10-入力!$B$5),"") -> 0 | E23: =IF(入力!$B10="","",IF(ISNUMBER(入力!$O10),入力!$O10,"")) -> 365 | F23: =IF(AND(ISNUMBER(入力!$C10),ISNUMBER(入力!$O10)),入力!$C10*入力!$O10,"") -> 438 | G23: =IF(AND(ISNUMBER(入力!$C10),ISNUMBER(入力!$O10)),MAX(0,入力!$C10-入力!$B$5)*入力!$O10,"") -> 0 | H23: =IF(ISNUMBER(G23),ROUND(G23/入力!$B$5,0),"") -> 0 | I23: =IF(入力!$B10="","",IF(ISNUMBER(入力!$D10),入力!$D10,"")) -> 1 | J23: =IF(ISNUMBER(入力!$D10),MAX(0,入力!$D10-入力!$C$5),"") -> 0 | K23: =IF(入力!$B10="","",IF(ISNUMBER(入力!$P10),入力!$P10,"")) -> 656 | L23: =IF(AND(ISNUMBER(入力!$D10),ISNUMBER(入力!$P10)),入力!$D10*入力!$P10,"") -> 656 | M23: =IF(AND(ISNUMBER(入力!$D10),ISNUMBER(入力!$P10)),MAX(0,入力!$D10-入力!$C$5)*入力!$P10,"") -> 0 | N23: =IF(ISNUMBER(M23),ROUND(M23/入力!$C$5,0),"") -> 0 | O23: =IF(入力!$B10="","",IF(AND(NOT(ISNUMBER(G23)),NOT(ISNUMBER(M23))),"",IF(ISNUMBER(G23),G23,0)+IF(ISNUMBER(M23),M23,0))) -> 0 | P23: =IF(入力!$B10="","",IF(AND(NOT(ISNUMBER(H23)),NOT(ISNUMBER(N23))),"",IF(ISNUMBER(H23),H23,0)+IF(ISNUMBER(N23),N23,0))) -> 0
B24: =IF(入力!$B11="","",入力!$B11) -> 中納 沙織 | C24: =IF(入力!$B11="","",IF(ISNUMBER(入力!$C11),入力!$C11,"")) -> 1.3 | D24: =IF(ISNUMBER(入力!$C11),MAX(0,入力!$C11-入力!$B$5),"") -> 0 | E24: =IF(入力!$B11="","",IF(ISNUMBER(入力!$O11),入力!$O11,"")) -> 1143 | F24: =IF(AND(ISNUMBER(入力!$C11),ISNUMBER(入力!$O11)),入力!$C11*入力!$O11,"") -> 1485.9 | G24: =IF(AND(ISNUMBER(入力!$C11),ISNUMBER(入力!$O11)),MAX(0,入力!$C11-入力!$B$5)*入力!$O11,"") -> 0 | H24: =IF(ISNUMBER(G24),ROUND(G24/入力!$B$5,0),"") -> 0 | I24: =IF(入力!$B11="","",IF(ISNUMBER(入力!$D11),入力!$D11,"")) -> 2.1 | J24: =IF(ISNUMBER(入力!$D11),MAX(0,入力!$D11-入力!$C$5),"") -> 0.5 | K24: =IF(入力!$B11="","",IF(ISNUMBER(入力!$P11),入力!$P11,"")) -> 224 | L24: =IF(AND(ISNUMBER(入力!$D11),ISNUMBER(入力!$P11)),入力!$D11*入力!$P11,"") -> 470.4 | M24: =IF(AND(ISNUMBER(入力!$D11),ISNUMBER(入力!$P11)),MAX(0,入力!$D11-入力!$C$5)*入力!$P11,"") -> 112 | N24: =IF(ISNUMBER(M24),ROUND(M24/入力!$C$5,0),"") -> 70 | O24: =IF(入力!$B11="","",IF(AND(NOT(ISNUMBER(G24)),NOT(ISNUMBER(M24))),"",IF(ISNUMBER(G24),G24,0)+IF(ISNUMBER(M24),M24,0))) -> 112 | P24: =IF(入力!$B11="","",IF(AND(NOT(ISNUMBER(H24)),NOT(ISNUMBER(N24))),"",IF(ISNUMBER(H24),H24,0)+IF(ISNUMBER(N24),N24,0))) -> 70
B25: =IF(入力!$B12="","",入力!$B12) -> 澤田 凌 | C25: =IF(入力!$B12="","",IF(ISNUMBER(入力!$C12),入力!$C12,"")) -> 1.6 | D25: =IF(ISNUMBER(入力!$C12),MAX(0,入力!$C12-入力!$B$5),"") -> 0 | E25: =IF(入力!$B12="","",IF(ISNUMBER(入力!$O12),入力!$O12,"")) -> 847 | F25: =IF(AND(ISNUMBER(入力!$C12),ISNUMBER(入力!$O12)),入力!$C12*入力!$O12,"") -> 1355.2 | G25: =IF(AND(ISNUMBER(入力!$C12),ISNUMBER(入力!$O12)),MAX(0,入力!$C12-入力!$B$5)*入力!$O12,"") -> 0 | H25: =IF(ISNUMBER(G25),ROUND(G25/入力!$B$5,0),"") -> 0 | I25: =IF(入力!$B12="","",IF(ISNUMBER(入力!$D12),入力!$D12,"")) -> 1.6 | J25: =IF(ISNUMBER(入力!$D12),MAX(0,入力!$D12-入力!$C$5),"") -> 0 | K25: =IF(入力!$B12="","",IF(ISNUMBER(入力!$P12),入力!$P12,"")) -> 939 | L25: =IF(AND(ISNUMBER(入力!$D12),ISNUMBER(入力!$P12)),入力!$D12*入力!$P12,"") -> 1502.4 | M25: =IF(AND(ISNUMBER(入力!$D12),ISNUMBER(入力!$P12)),MAX(0,入力!$D12-入力!$C$5)*入力!$P12,"") -> 0 | N25: =IF(ISNUMBER(M25),ROUND(M25/入力!$C$5,0),"") -> 0 | O25: =IF(入力!$B12="","",IF(AND(NOT(ISNUMBER(G25)),NOT(ISNUMBER(M25))),"",IF(ISNUMBER(G25),G25,0)+IF(ISNUMBER(M25),M25,0))) -> 0 | P25: =IF(入力!$B12="","",IF(AND(NOT(ISNUMBER(H25)),NOT(ISNUMBER(N25))),"",IF(ISNUMBER(H25),H25,0)+IF(ISNUMBER(N25),N25,0))) -> 0
B26: =IF(入力!$B13="","",入力!$B13) -> 佐々木 千恵 | C26: =IF(入力!$B13="","",IF(ISNUMBER(入力!$C13),入力!$C13,"")) -> 1.7 | D26: =IF(ISNUMBER(入力!$C13),MAX(0,入力!$C13-入力!$B$5),"") -> 0.1 | E26: =IF(入力!$B13="","",IF(ISNUMBER(入力!$O13),入力!$O13,"")) -> 681 | F26: =IF(AND(ISNUMBER(入力!$C13),ISNUMBER(入力!$O13)),入力!$C13*入力!$O13,"") -> 1157.7 | G26: =IF(AND(ISNUMBER(入力!$C13),ISNUMBER(入力!$O13)),MAX(0,入力!$C13-入力!$B$5)*入力!$O13,"") -> 68.1 | H26: =IF(ISNUMBER(G26),ROUND(G26/入力!$B$5,0),"") -> 43 | I26: =IF(入力!$B13="","",IF(ISNUMBER(入力!$D13),入力!$D13,"")) -> 0.6 | J26: =IF(ISNUMBER(入力!$D13),MAX(0,入力!$D13-入力!$C$5),"") -> 0 | K26: =IF(入力!$B13="","",IF(ISNUMBER(入力!$P13),入力!$P13,"")) -> 1223 | L26: =IF(AND(ISNUMBER(入力!$D13),ISNUMBER(入力!$P13)),入力!$D13*入力!$P13,"") -> 733.8 | M26: =IF(AND(ISNUMBER(入力!$D13),ISNUMBER(入力!$P13)),MAX(0,入力!$D13-入力!$C$5)*入力!$P13,"") -> 0 | N26: =IF(ISNUMBER(M26),ROUND(M26/入力!$C$5,0),"") -> 0 | O26: =IF(入力!$B13="","",IF(AND(NOT(ISNUMBER(G26)),NOT(ISNUMBER(M26))),"",IF(ISNUMBER(G26),G26,0)+IF(ISNUMBER(M26),M26,0))) -> 68.1 | P26: =IF(入力!$B13="","",IF(AND(NOT(ISNUMBER(H26)),NOT(ISNUMBER(N26))),"",IF(ISNUMBER(H26),H26,0)+IF(ISNUMBER(N26),N26,0))) -> 43
B27: =IF(入力!$B14="","",入力!$B14) -> 片岡 達也 | C27: =IF(入力!$B14="","",IF(ISNUMBER(入力!$C14),入力!$C14,"")) -> 3.1 | D27: =IF(ISNUMBER(入力!$C14),MAX(0,入力!$C14-入力!$B$5),"") -> 1.5 | E27: =IF(入力!$B14="","",IF(ISNUMBER(入力!$O14),入力!$O14,"")) -> 66 | F27: =IF(AND(ISNUMBER(入力!$C14),ISNUMBER(入力!$O14)),入力!$C14*入力!$O14,"") -> 204.6 | G27: =IF(AND(ISNUMBER(入力!$C14),ISNUMBER(入力!$O14)),MAX(0,入力!$C14-入力!$B$5)*入力!$O14,"") -> 99 | H27: =IF(ISNUMBER(G27),ROUND(G27/入力!$B$5,0),"") -> 62 | I27: =IF(入力!$B14="","",IF(ISNUMBER(入力!$D14),入力!$D14,"")) -> 0.6 | J27: =IF(ISNUMBER(入力!$D14),MAX(0,入力!$D14-入力!$C$5),"") -> 0 | K27: =IF(入力!$B14="","",IF(ISNUMBER(入力!$P14),入力!$P14,"")) -> 16 | L27: =IF(AND(ISNUMBER(入力!$D14),ISNUMBER(入力!$P14)),入力!$D14*入力!$P14,"") -> 9.6 | M27: =IF(AND(ISNUMBER(入力!$D14),ISNUMBER(入力!$P14)),MAX(0,入力!$D14-入力!$C$5)*入力!$P14,"") -> 0 | N27: =IF(ISNUMBER(M27),ROUND(M27/入力!$C$5,0),"") -> 0 | O27: =IF(入力!$B14="","",IF(AND(NOT(ISNUMBER(G27)),NOT(ISNUMBER(M27))),"",IF(ISNUMBER(G27),G27,0)+IF(ISNUMBER(M27),M27,0))) -> 99 | P27: =IF(入力!$B14="","",IF(AND(NOT(ISNUMBER(H27)),NOT(ISNUMBER(N27))),"",IF(ISNUMBER(H27),H27,0)+IF(ISNUMBER(N27),N27,0))) -> 62
B28: =IF(入力!$B15="","",入力!$B15) -> 後藤 克行 | C28: =IF(入力!$B15="","",IF(ISNUMBER(入力!$C15),入力!$C15,"")) -> 1.5 | D28: =IF(ISNUMBER(入力!$C15),MAX(0,入力!$C15-入力!$B$5),"") -> 0 | E28: =IF(入力!$B15="","",IF(ISNUMBER(入力!$O15),入力!$O15,"")) -> 2007 | F28: =IF(AND(ISNUMBER(入力!$C15),ISNUMBER(入力!$O15)),入力!$C15*入力!$O15,"") -> 3010.5 | G28: =IF(AND(ISNUMBER(入力!$C15),ISNUMBER(入力!$O15)),MAX(0,入力!$C15-入力!$B$5)*入力!$O15,"") -> 0 | H28: =IF(ISNUMBER(G28),ROUND(G28/入力!$B$5,0),"") -> 0 | I28: =IF(入力!$B15="","",IF(ISNUMBER(入力!$D15),入力!$D15,"")) -> 1.9 | J28: =IF(ISNUMBER(入力!$D15),MAX(0,入力!$D15-入力!$C$5),"") -> 0.3 | K28: =IF(入力!$B15="","",IF(ISNUMBER(入力!$P15),入力!$P15,"")) -> 1421 | L28: =IF(AND(ISNUMBER(入力!$D15),ISNUMBER(入力!$P15)),入力!$D15*入力!$P15,"") -> 2699.9 | M28: =IF(AND(ISNUMBER(入力!$D15),ISNUMBER(入力!$P15)),MAX(0,入力!$D15-入力!$C$5)*入力!$P15,"") -> 426.3 | N28: =IF(ISNUMBER(M28),ROUND(M28/入力!$C$5,0),"") -> 266 | O28: =IF(入力!$B15="","",IF(AND(NOT(ISNUMBER(G28)),NOT(ISNUMBER(M28))),"",IF(ISNUMBER(G28),G28,0)+IF(ISNUMBER(M28),M28,0))) -> 426.3 | P28: =IF(入力!$B15="","",IF(AND(NOT(ISNUMBER(H28)),NOT(ISNUMBER(N28))),"",IF(ISNUMBER(H28),H28,0)+IF(ISNUMBER(N28),N28,0))) -> 266
B29: =IF(入力!$B16="","",入力!$B16) -> 山本 祥吉 | C29: =IF(入力!$B16="","",IF(ISNUMBER(入力!$C16),入力!$C16,"")) -> 1.4 | D29: =IF(ISNUMBER(入力!$C16),MAX(0,入力!$C16-入力!$B$5),"") -> 0 | E29: =IF(入力!$B16="","",IF(ISNUMBER(入力!$O16),入力!$O16,"")) -> 2129 | F29: =IF(AND(ISNUMBER(入力!$C16),ISNUMBER(入力!$O16)),入力!$C16*入力!$O16,"") -> 2980.6 | G29: =IF(AND(ISNUMBER(入力!$C16),ISNUMBER(入力!$O16)),MAX(0,入力!$C16-入力!$B$5)*入力!$O16,"") -> 0 | H29: =IF(ISNUMBER(G29),ROUND(G29/入力!$B$5,0),"") -> 0 | I29: =IF(入力!$B16="","",IF(ISNUMBER(入力!$D16),入力!$D16,"")) -> 1.8 | J29: =IF(ISNUMBER(入力!$D16),MAX(0,入力!$D16-入力!$C$5),"") -> 0.2 | K29: =IF(入力!$B16="","",IF(ISNUMBER(入力!$P16),入力!$P16,"")) -> 1548 | L29: =IF(AND(ISNUMBER(入力!$D16),ISNUMBER(入力!$P16)),入力!$D16*入力!$P16,"") -> 2786.4 | M29: =IF(AND(ISNUMBER(入力!$D16),ISNUMBER(入力!$P16)),MAX(0,入力!$D16-入力!$C$5)*入力!$P16,"") -> 309.6 | N29: =IF(ISNUMBER(M29),ROUND(M29/入力!$C$5,0),"") -> 193 | O29: =IF(入力!$B16="","",IF(AND(NOT(ISNUMBER(G29)),NOT(ISNUMBER(M29))),"",IF(ISNUMBER(G29),G29,0)+IF(ISNUMBER(M29),M29,0))) -> 309.6 | P29: =IF(入力!$B16="","",IF(AND(NOT(ISNUMBER(H29)),NOT(ISNUMBER(N29))),"",IF(ISNUMBER(H29),H29,0)+IF(ISNUMBER(N29),N29,0))) -> 193
B30: =IF(入力!$B17="","",入力!$B17) -> 本吉 有美子 | C30: =IF(入力!$B17="","",IF(ISNUMBER(入力!$C17),入力!$C17,"")) -> 1.1 | D30: =IF(ISNUMBER(入力!$C17),MAX(0,入力!$C17-入力!$B$5),"") -> 0 | E30: =IF(入力!$B17="","",IF(ISNUMBER(入力!$O17),入力!$O17,"")) -> 1454 | F30: =IF(AND(ISNUMBER(入力!$C17),ISNUMBER(入力!$O17)),入力!$C17*入力!$O17,"") -> 1599.4 | G30: =IF(AND(ISNUMBER(入力!$C17),ISNUMBER(入力!$O17)),MAX(0,入力!$C17-入力!$B$5)*入力!$O17,"") -> 0 | H30: =IF(ISNUMBER(G30),ROUND(G30/入力!$B$5,0),"") -> 0 | I30: =IF(入力!$B17="","",IF(ISNUMBER(入力!$D17),入力!$D17,"")) -> 1 | J30: =IF(ISNUMBER(入力!$D17),MAX(0,入力!$D17-入力!$C$5),"") -> 0 | K30: =IF(入力!$B17="","",IF(ISNUMBER(入力!$P17),入力!$P17,"")) -> 2493 | L30: =IF(AND(ISNUMBER(入力!$D17),ISNUMBER(入力!$P17)),入力!$D17*入力!$P17,"") -> 2493 | M30: =IF(AND(ISNUMBER(入力!$D17),ISNUMBER(入力!$P17)),MAX(0,入力!$D17-入力!$C$5)*入力!$P17,"") -> 0 | N30: =IF(ISNUMBER(M30),ROUND(M30/入力!$C$5,0),"") -> 0 | O30: =IF(入力!$B17="","",IF(AND(NOT(ISNUMBER(G30)),NOT(ISNUMBER(M30))),"",IF(ISNUMBER(G30),G30,0)+IF(ISNUMBER(M30),M30,0))) -> 0 | P30: =IF(入力!$B17="","",IF(AND(NOT(ISNUMBER(H30)),NOT(ISNUMBER(N30))),"",IF(ISNUMBER(H30),H30,0)+IF(ISNUMBER(N30),N30,0))) -> 0
B31: =IF(入力!$B18="","",入力!$B18) -> 屋宮 敬子 | C31: =IF(入力!$B18="","",IF(ISNUMBER(入力!$C18),入力!$C18,"")) | D31: =IF(ISNUMBER(入力!$C18),MAX(0,入力!$C18-入力!$B$5),"") | E31: =IF(入力!$B18="","",IF(ISNUMBER(入力!$O18),入力!$O18,"")) | F31: =IF(AND(ISNUMBER(入力!$C18),ISNUMBER(入力!$O18)),入力!$C18*入力!$O18,"") | G31: =IF(AND(ISNUMBER(入力!$C18),ISNUMBER(入力!$O18)),MAX(0,入力!$C18-入力!$B$5)*入力!$O18,"") | H31: =IF(ISNUMBER(G31),ROUND(G31/入力!$B$5,0),"") | I31: =IF(入力!$B18="","",IF(ISNUMBER(入力!$D18),入力!$D18,"")) | J31: =IF(ISNUMBER(入力!$D18),MAX(0,入力!$D18-入力!$C$5),"") | K31: =IF(入力!$B18="","",IF(ISNUMBER(入力!$P18),入力!$P18,"")) | L31: =IF(AND(ISNUMBER(入力!$D18),ISNUMBER(入力!$P18)),入力!$D18*入力!$P18,"") | M31: =IF(AND(ISNUMBER(入力!$D18),ISNUMBER(入力!$P18)),MAX(0,入力!$D18-入力!$C$5)*入力!$P18,"") | N31: =IF(ISNUMBER(M31),ROUND(M31/入力!$C$5,0),"") | O31: =IF(入力!$B18="","",IF(AND(NOT(ISNUMBER(G31)),NOT(ISNUMBER(M31))),"",IF(ISNUMBER(G31),G31,0)+IF(ISNUMBER(M31),M31,0))) | P31: =IF(入力!$B18="","",IF(AND(NOT(ISNUMBER(H31)),NOT(ISNUMBER(N31))),"",IF(ISNUMBER(H31),H31,0)+IF(ISNUMBER(N31),N31,0)))
B32: =IF(入力!$B19="","",入力!$B19) -> 大江 美記子 | C32: =IF(入力!$B19="","",IF(ISNUMBER(入力!$C19),入力!$C19,"")) -> 1.2 | D32: =IF(ISNUMBER(入力!$C19),MAX(0,入力!$C19-入力!$B$5),"") -> 0 | E32: =IF(入力!$B19="","",IF(ISNUMBER(入力!$O19),入力!$O19,"")) -> 1053 | F32: =IF(AND(ISNUMBER(入力!$C19),ISNUMBER(入力!$O19)),入力!$C19*入力!$O19,"") -> 1263.6 | G32: =IF(AND(ISNUMBER(入力!$C19),ISNUMBER(入力!$O19)),MAX(0,入力!$C19-入力!$B$5)*入力!$O19,"") -> 0 | H32: =IF(ISNUMBER(G32),ROUND(G32/入力!$B$5,0),"") -> 0 | I32: =IF(入力!$B19="","",IF(ISNUMBER(入力!$D19),入力!$D19,"")) -> 1.2 | J32: =IF(ISNUMBER(入力!$D19),MAX(0,入力!$D19-入力!$C$5),"") -> 0 | K32: =IF(入力!$B19="","",IF(ISNUMBER(入力!$P19),入力!$P19,"")) -> 2616 | L32: =IF(AND(ISNUMBER(入力!$D19),ISNUMBER(入力!$P19)),入力!$D19*入力!$P19,"") -> 3139.2 | M32: =IF(AND(ISNUMBER(入力!$D19),ISNUMBER(入力!$P19)),MAX(0,入力!$D19-入力!$C$5)*入力!$P19,"") -> 0 | N32: =IF(ISNUMBER(M32),ROUND(M32/入力!$C$5,0),"") -> 0 | O32: =IF(入力!$B19="","",IF(AND(NOT(ISNUMBER(G32)),NOT(ISNUMBER(M32))),"",IF(ISNUMBER(G32),G32,0)+IF(ISNUMBER(M32),M32,0))) -> 0 | P32: =IF(入力!$B19="","",IF(AND(NOT(ISNUMBER(H32)),NOT(ISNUMBER(N32))),"",IF(ISNUMBER(H32),H32,0)+IF(ISNUMBER(N32),N32,0))) -> 0
B33: =IF(入力!$B20="","",入力!$B20) -> 木村 千鶴 | C33: =IF(入力!$B20="","",IF(ISNUMBER(入力!$C20),入力!$C20,"")) -> 1.7 | D33: =IF(ISNUMBER(入力!$C20),MAX(0,入力!$C20-入力!$B$5),"") -> 0.1 | E33: =IF(入力!$B20="","",IF(ISNUMBER(入力!$O20),入力!$O20,"")) -> 691 | F33: =IF(AND(ISNUMBER(入力!$C20),ISNUMBER(入力!$O20)),入力!$C20*入力!$O20,"") -> 1174.7 | G33: =IF(AND(ISNUMBER(入力!$C20),ISNUMBER(入力!$O20)),MAX(0,入力!$C20-入力!$B$5)*入力!$O20,"") -> 69.1 | H33: =IF(ISNUMBER(G33),ROUND(G33/入力!$B$5,0),"") -> 43 | I33: =IF(入力!$B20="","",IF(ISNUMBER(入力!$D20),入力!$D20,"")) -> 2.2 | J33: =IF(ISNUMBER(入力!$D20),MAX(0,入力!$D20-入力!$C$5),"") -> 0.6 | K33: =IF(入力!$B20="","",IF(ISNUMBER(入力!$P20),入力!$P20,"")) -> 1750 | L33: =IF(AND(ISNUMBER(入力!$D20),ISNUMBER(入力!$P20)),入力!$D20*入力!$P20,"") -> 3850 | M33: =IF(AND(ISNUMBER(入力!$D20),ISNUMBER(入力!$P20)),MAX(0,入力!$D20-入力!$C$5)*入力!$P20,"") -> 1050 | N33: =IF(ISNUMBER(M33),ROUND(M33/入力!$C$5,0),"") -> 656 | O33: =IF(入力!$B20="","",IF(AND(NOT(ISNUMBER(G33)),NOT(ISNUMBER(M33))),"",IF(ISNUMBER(G33),G33,0)+IF(ISNUMBER(M33),M33,0))) -> 1119.1 | P33: =IF(入力!$B20="","",IF(AND(NOT(ISNUMBER(H33)),NOT(ISNUMBER(N33))),"",IF(ISNUMBER(H33),H33,0)+IF(ISNUMBER(N33),N33,0))) -> 699
... B71: =IF(入力!$B58="","",入力!$B58) | C71: =IF(入力!$B58="","",IF(ISNUMBER(入力!$C58),入力!$C58,"")) | D71: =IF(ISNUMBER(入力!$C58),MAX(0,入力!$C58-入力!$B$5),"") | E71: =IF(入力!$B58="","",IF(ISNUMBER(入力!$O58),入力!$O58,"")) | F71: =IF(AND(ISNUMBER(入力!$C58),ISNUMBER(入力!$O58)),入力!$C58*入力!$O58,"") | G71: =IF(AND(ISNUMBER(入力!$C58),ISNUMBER(入力!$O58)),MAX(0,入力!$C58-入力!$B$5)*入力!$O58,"") | H71: =IF(ISNUMBER(G71),ROUND(G71/入力!$B$5,0),"") | I71: =IF(入力!$B58="","",IF(ISNUMBER(入力!$D58),入力!$D58,"")) | J71: =IF(ISNUMBER(入力!$D58),MAX(0,入力!$D58-入力!$C$5),"") | K71: =IF(入力!$B58="","",IF(ISNUMBER(入力!$P58),入力!$P58,"")) | L71: =IF(AND(ISNUMBER(入力!$D58),ISNUMBER(入力!$P58)),入力!$D58*入力!$P58,"") | M71: =IF(AND(ISNUMBER(入力!$D58),ISNUMBER(入力!$P58)),MAX(0,入力!$D58-入力!$C$5)*入力!$P58,"") | N71: =IF(ISNUMBER(M71),ROUND(M71/入力!$C$5,0),"") | O71: =IF(入力!$B58="","",IF(AND(NOT(ISNUMBER(G71)),NOT(ISNUMBER(M71))),"",IF(ISNUMBER(G71),G71,0)+IF(ISNUMBER(M71),M71,0))) | P71: =IF(入力!$B58="","",IF(AND(NOT(ISNUMBER(H71)),NOT(ISNUMBER(N71))),"",IF(ISNUMBER(H71),H71,0)+IF(ISNUMBER(N71),N71,0)))
B72: 合計 / 加重平均 | C72: =IF(SUM(E22:E71)=0,"",SUM(F22:F71)/SUM(E22:E71)) -> 1.501798 | D72: =IF(C72="","",MAX(0,C72-入力!$B$5)) -> 0 | E72: =SUM(E22:E71) -> 19739 | F72: =SUM(F22:F71) -> 29644 | G72: =SUM(G22:G71) -> 1577 | H72: =SUM(H22:H71) -> 985 | I72: =IF(SUM(K22:K71)=0,"",SUM(L22:L71)/SUM(K22:K71)) -> 1.472862 | J72: =IF(I72="","",MAX(0,I72-入力!$C$5)) -> 0 | K72: =SUM(K22:K71) -> 20116 | L72: =SUM(L22:L71) -> 29628.1 | M72: =SUM(M22:M71) -> 2961.2 | N72: =SUM(N22:N71) -> 1850 | O72: =SUM(O22:O71) -> 4538.2 | P72: =SUM(P22:P71) -> 2835
B74: ※ 加重平均＝件数で重み付けした平均速度。追加可能件数＝短縮効果(分)÷目標1.6分/個（目標達成で浮いた時間に追加処理できる件数の目安、四捨五入）。全体サマリーは明細の合計。
