Workbook
Name dispNames: OFFSET(集計用!$A$2,0,0,MAX(COUNT(集計用!$Z$2:$Z$51),1),1)
Name pickVals: OFFSET(集計用!$B$2,0,0,MAX(COUNT(集計用!$Z$2:$Z$51),1),1)
Name packVals: OFFSET(集計用!$C$2,0,0,MAX(COUNT(集計用!$Z$2:$Z$51),1),1)
Name pickTgt: OFFSET(集計用!$AC$2,0,0,MAX(COUNT(集計用!$Z$2:$Z$51),1),1)
Name packTgt: OFFSET(集計用!$AD$2,0,0,MAX(COUNT(集計用!$Z$2:$Z$51),1),1)
Name rateNames: OFFSET(集計用!$Q$2,0,0,MAX(COUNT(集計用!$AB$2:$AB$51),1),1)
Name rateVals: OFFSET(集計用!$R$2,0,0,MAX(COUNT(集計用!$AB$2:$AB$51),1),1)

Sheet ダッシュボード
B1: 個人別 作業達成度と改善分析（Excelテンプレート）
B2: ="目標：ピッキング"&TEXT(入力!$B$5,"0.0")&"分 / 梱包"&TEXT(入力!$C$5,"0.0")&"分 / 合計"&TEXT(入力!$D$5,"0.0")&"分/個" -> 目標：ピッキング1.6分 / 梱包1.6分 / 合計3.2分/個
B3: 入力シートへ移動 | Q3: ="達成率 ＝ "&TEXT(入力!$D$5,"0.0")&" ÷ 実績合計 × 100"&CHAR(10)&"（実績合計＝ピッキング＋梱包）" -> 達成率 ＝ 3.2 ÷ 実績合計 × 100 （実績合計＝ピッキング＋梱包）
B4: ※このシートが最初に表示されます。入力は「入力」シートの黄色セルへ。
B5: 平均達成率 | D5: 目標達成人数 | F5: 要改善人数 | H5: 平均ピック | J5: 平均梱包 | L5: 平均合計
B6: =IFERROR(AVERAGE(入力!F9:F58),"") -> 0.99491931 | D6: =COUNTIF(入力!F9:F58,">=1") -> 4 | F6: =COUNTIF(入力!I9:I58,">0") -> 4 | H6: =IFERROR(AVERAGE(入力!C9:C58),"") -> 1.6225 | J6: =IFERROR(AVERAGE(入力!D9:D58),"") -> 1.6175 | L6: =IFERROR(AVERAGE(入力!E9:E58),"") -> 3.24
B9: ① 個人別 総合達成率
B10: 入力した全員（最大50人）を表示。達成率が高いほど良い。
B50: ② ピッキング・梱包 内訳比較（縦棒）
B51: 入力した全員を縦棒グラフで表示。50人でも崩れにくいよう、名前は縦向き表示。
B92: ③ 改善優先度マトリクス
B93: 入力した全員の名前を直接表示。ラベル位置を分散して重なりを軽減。
B140: ④ 改善優先順位
B141: 入力した全員を優先度順に一覧表示。
B143: 順位 | C143: 担当者 | E143: 合計実績 （分/個） | G143: 目標との差 （分） | I143: コメント
B145: 1 | C145: =集計用!I2 -> Hさん | E145: =集計用!L2 -> 3.75 | G145: =集計用!M2 -> 0.55 | I145: =集計用!O2 -> 両工程を見直し
B146: 2 | C146: =集計用!I3 -> Gさん | E146: =集計用!L3 -> 3.4 | G146: =集計用!M3 -> 0.2 | I146: =集計用!O3 -> 梱包手順を改善
B147: 3 | C147: =集計用!I4 -> Fさん | E147: =集計用!L4 -> 3.35 | G147: =集計用!M4 -> 0.15 | I147: =集計用!O4 -> ピック導線を改善
B148: 4 | C148: =集計用!I5 -> Eさん | E148: =集計用!L5 -> 3.35 | G148: =集計用!M5 -> 0.15 | I148: =集計用!O5 -> 両工程を微改善
B149: 5 | C149: =集計用!I6 -> Dさん | E149: =集計用!L6 -> 3.17 | G149: =集計用!M6 -> -0.03 | I149: =集計用!O6 -> 目標達成
B150: 6 | C150: =集計用!I7 -> Cさん | E150: =集計用!L7 -> 3.15 | G150: =集計用!M7 -> -0.05 | I150: =集計用!O7 -> 目標達成
B151: 7 | C151: =集計用!I8 -> Bさん | E151: =集計用!L8 -> 2.98 | G151: =集計用!M8 -> -0.22 | I151: =集計用!O8 -> 良好
B152: 8 | C152: =集計用!I9 -> Aさん | E152: =集計用!L9 -> 2.77 | G152: =集計用!M9 -> -0.43 | I152: =集計用!O9 -> 良好
B153: 9 | C153: =集計用!I10 | E153: =集計用!L10 | G153: =集計用!M10 | I153: =集計用!O10
B154: 10 | C154: =集計用!I11 | E154: =集計用!L11 | G154: =集計用!M11 | I154: =集計用!O11
B155: 11 | C155: =集計用!I12 | E155: =集計用!L12 | G155: =集計用!M12 | I155: =集計用!O12
B156: 12 | C156: =集計用!I13 | E156: =集計用!L13 | G156: =集計用!M13 | I156: =集計用!O13
... B194: 50 | C194: =集計用!I51 | E194: =集計用!L51 | G194: =集計用!M51 | I194: =集計用!O51
B198: 読み取り方
B199: ① まず「総合達成率」で全員の達成度を確認 | F199: ② 縦棒グラフでピック・梱包のどちらが遅いかを確認 | J199: ③ マトリクスで全員の位置関係と改善方向を確認 | N199: ④ 最後に改善優先順位で、どの担当者から改善するかを決める
B204: ="※目標値：ピッキング"&TEXT(入力!$B$5,"0.0")&"分/個、梱包"&TEXT(入力!$C$5,"0.0")&"分/個、合計"&TEXT(入力!$D$5,"0.0")&"分/個 ／ 達成率＝"&TEXT(入力!$D$5,"0.0")&" ÷ 実績合計 × 100" -> ※目標値：ピッキング1.6分/個、梱包1.6分/個、合計3.2分/個 ／ 達成率＝3.2 ÷ 実績合計 × 100

Sheet 入力
A1: 個人別 作業実績入力シート
A3: 目標値（分/個） | F3: 黄色セルだけ入力してください。 B列=担当者名、C列=ピッキング実績、D列=梱包実績を入力すると、 ダッシュボードには入力した全員（最大50人）が反映されます。
A4: 単位 | B4: ピッキング目標 | C4: 梱包目標 | D4: 合計目標
A5: 分/個 | B5: 1.6 | C5: 1.6 | D5: =B5+C5 -> 3.2
F6: ダッシュボードへ戻る
A8: No | B8: 担当者 | C8: ピッキング実績 （分/個） | D8: 梱包実績 （分/個） | E8: 合計実績 （分/個） | F8: 達成率 | G8: ピック差 （分） | H8: 梱包差 （分） | I8: 目標との差 （分） | J8: 改善分類 | K8: コメント | L8: 優先キー | M8: 達成率キー | N8: 表示順キー
A9: 1 | B9: Aさん | C9: 1.35 | D9: 1.42 | E9: =IF(OR(B9="",NOT(ISNUMBER(C9)),NOT(ISNUMBER(D9))),"",C9+D9) -> 2.77 | F9: =IF(OR(E9="",E9=0),"",$D$5/E9) -> 1.1552347 | G9: =IF(OR(B9="",NOT(ISNUMBER(C9))),"",C9-$B$5) -> -0.25 | H9: =IF(OR(B9="",NOT(ISNUMBER(D9))),"",D9-$C$5) -> -0.18 | I9: =IF(OR(E9="",E9=0),"",E9-$D$5) -> -0.43 | J9: =IF(OR(E9="",E9=0),"",IF(AND(G9>0,H9>0),"要改善（両方遅い）",IF(G9>0,"ピッキング改善",IF(H9>0,"梱包改善","良好")))) -> 良好 | K9: =IF(OR(E9="",E9=0),"",IF(AND(G9>0,H9>0),IF(I9>=0.2,"両工程を見直し","両工程を微改善"),IF(AND(I9>0,G9>0),"ピック導線を改善",IF(AND(I9>0,H9>0),"梱包手順を改善",IF(AND(G9<0,H9<0),"良好","目標達成"))))) -> 良好 | L9: =IF(OR(E9="",E9=0),-1E+99,I9+ROW()/100000) -> -0.42991 | M9: =IF(OR(E9="",E9=0),-1E+99,F9-ROW()/100000) -> 1.1551447 | N9: =IF(B9="","",COUNTA($B$9:B9)) -> 1
A10: 2 | B10: Bさん | C10: 1.48 | D10: 1.5 | E10: =IF(OR(B10="",NOT(ISNUMBER(C10)),NOT(ISNUMBER(D10))),"",C10+D10) -> 2.98 | F10: =IF(OR(E10="",E10=0),"",$D$5/E10) -> 1.0738255 | G10: =IF(OR(B10="",NOT(ISNUMBER(C10))),"",C10-$B$5) -> -0.12 | H10: =IF(OR(B10="",NOT(ISNUMBER(D10))),"",D10-$C$5) -> -0.1 | I10: =IF(OR(E10="",E10=0),"",E10-$D$5) -> -0.22 | J10: =IF(OR(E10="",E10=0),"",IF(AND(G10>0,H10>0),"要改善（両方遅い）",IF(G10>0,"ピッキング改善",IF(H10>0,"梱包改善","良好")))) -> 良好 | K10: =IF(OR(E10="",E10=0),"",IF(AND(G10>0,H10>0),IF(I10>=0.2,"両工程を見直し","両工程を微改善"),IF(AND(I10>0,G10>0),"ピック導線を改善",IF(AND(I10>0,H10>0),"梱包手順を改善",IF(AND(G10<0,H10<0),"良好","目標達成"))))) -> 良好 | L10: =IF(OR(E10="",E10=0),-1E+99,I10+ROW()/100000) -> -0.2199 | M10: =IF(OR(E10="",E10=0),-1E+99,F10-ROW()/100000) -> 1.0737255 | N10: =IF(B10="","",COUNTA($B$9:B10)) -> 2
A11: 3 | B11: Cさん | C11: 1.55 | D11: 1.6 | E11: =IF(OR(B11="",NOT(ISNUMBER(C11)),NOT(ISNUMBER(D11))),"",C11+D11) -> 3.15 | F11: =IF(OR(E11="",E11=0),"",$D$5/E11) -> 1.015873 | G11: =IF(OR(B11="",NOT(ISNUMBER(C11))),"",C11-$B$5) -> -0.05 | H11: =IF(OR(B11="",NOT(ISNUMBER(D11))),"",D11-$C$5) -> 0 | I11: =IF(OR(E11="",E11=0),"",E11-$D$5) -> -0.05 | J11: =IF(OR(E11="",E11=0),"",IF(AND(G11>0,H11>0),"要改善（両方遅い）",IF(G11>0,"ピッキング改善",IF(H11>0,"梱包改善","良好")))) -> 良好 | K11: =IF(OR(E11="",E11=0),"",IF(AND(G11>0,H11>0),IF(I11>=0.2,"両工程を見直し","両工程を微改善"),IF(AND(I11>0,G11>0),"ピック導線を改善",IF(AND(I11>0,H11>0),"梱包手順を改善",IF(AND(G11<0,H11<0),"良好","目標達成"))))) -> 目標達成 | L11: =IF(OR(E11="",E11=0),-1E+99,I11+ROW()/100000) -> -0.04989 | M11: =IF(OR(E11="",E11=0),-1E+99,F11-ROW()/100000) -> 1.015763 | N11: =IF(B11="","",COUNTA($B$9:B11)) -> 3
A12: 4 | B12: Dさん | C12: 1.62 | D12: 1.55 | E12: =IF(OR(B12="",NOT(ISNUMBER(C12)),NOT(ISNUMBER(D12))),"",C12+D12) -> 3.17 | F12: =IF(OR(E12="",E12=0),"",$D$5/E12) -> 1.0094637 | G12: =IF(OR(B12="",NOT(ISNUMBER(C12))),"",C12-$B$5) -> 0.02 | H12: =IF(OR(B12="",NOT(ISNUMBER(D12))),"",D12-$C$5) -> -0.05 | I12: =IF(OR(E12="",E12=0),"",E12-$D$5) -> -0.03 | J12: =IF(OR(E12="",E12=0),"",IF(AND(G12>0,H12>0),"要改善（両方遅い）",IF(G12>0,"ピッキング改善",IF(H12>0,"梱包改善","良好")))) -> ピッキング改善 | K12: =IF(OR(E12="",E12=0),"",IF(AND(G12>0,H12>0),IF(I12>=0.2,"両工程を見直し","両工程を微改善"),IF(AND(I12>0,G12>0),"ピック導線を改善",IF(AND(I12>0,H12>0),"梱包手順を改善",IF(AND(G12<0,H12<0),"良好","目標達成"))))) -> 目標達成 | L12: =IF(OR(E12="",E12=0),-1E+99,I12+ROW()/100000) -> -0.02988 | M12: =IF(OR(E12="",E12=0),-1E+99,F12-ROW()/100000) -> 1.0093437 | N12: =IF(B12="","",COUNTA($B$9:B12)) -> 4
A13: 5 | B13: Eさん | C13: 1.7 | D13: 1.65 | E13: =IF(OR(B13="",NOT(ISNUMBER(C13)),NOT(ISNUMBER(D13))),"",C13+D13) -> 3.35 | F13: =IF(OR(E13="",E13=0),"",$D$5/E13) -> 0.95522388 | G13: =IF(OR(B13="",NOT(ISNUMBER(C13))),"",C13-$B$5) -> 0.1 | H13: =IF(OR(B13="",NOT(ISNUMBER(D13))),"",D13-$C$5) -> 0.05 | I13: =IF(OR(E13="",E13=0),"",E13-$D$5) -> 0.15 | J13: =IF(OR(E13="",E13=0),"",IF(AND(G13>0,H13>0),"要改善（両方遅い）",IF(G13>0,"ピッキング改善",IF(H13>0,"梱包改善","良好")))) -> 要改善（両方遅い） | K13: =IF(OR(E13="",E13=0),"",IF(AND(G13>0,H13>0),IF(I13>=0.2,"両工程を見直し","両工程を微改善"),IF(AND(I13>0,G13>0),"ピック導線を改善",IF(AND(I13>0,H13>0),"梱包手順を改善",IF(AND(G13<0,H13<0),"良好","目標達成"))))) -> 両工程を微改善 | L13: =IF(OR(E13="",E13=0),-1E+99,I13+ROW()/100000) -> 0.15013 | M13: =IF(OR(E13="",E13=0),-1E+99,F13-ROW()/100000) -> 0.95509388 | N13: =IF(B13="","",COUNTA($B$9:B13)) -> 5
A14: 6 | B14: Fさん | C14: 1.8 | D14: 1.55 | E14: =IF(OR(B14="",NOT(ISNUMBER(C14)),NOT(ISNUMBER(D14))),"",C14+D14) -> 3.35 | F14: =IF(OR(E14="",E14=0),"",$D$5/E14) -> 0.95522388 | G14: =IF(OR(B14="",NOT(ISNUMBER(C14))),"",C14-$B$5) -> 0.2 | H14: =IF(OR(B14="",NOT(ISNUMBER(D14))),"",D14-$C$5) -> -0.05 | I14: =IF(OR(E14="",E14=0),"",E14-$D$5) -> 0.15 | J14: =IF(OR(E14="",E14=0),"",IF(AND(G14>0,H14>0),"要改善（両方遅い）",IF(G14>0,"ピッキング改善",IF(H14>0,"梱包改善","良好")))) -> ピッキング改善 | K14: =IF(OR(E14="",E14=0),"",IF(AND(G14>0,H14>0),IF(I14>=0.2,"両工程を見直し","両工程を微改善"),IF(AND(I14>0,G14>0),"ピック導線を改善",IF(AND(I14>0,H14>0),"梱包手順を改善",IF(AND(G14<0,H14<0),"良好","目標達成"))))) -> ピック導線を改善 | L14: =IF(OR(E14="",E14=0),-1E+99,I14+ROW()/100000) -> 0.15014 | M14: =IF(OR(E14="",E14=0),-1E+99,F14-ROW()/100000) -> 0.95508388 | N14: =IF(B14="","",COUNTA($B$9:B14)) -> 6
A15: 7 | B15: Gさん | C15: 1.58 | D15: 1.82 | E15: =IF(OR(B15="",NOT(ISNUMBER(C15)),NOT(ISNUMBER(D15))),"",C15+D15) -> 3.4 | F15: =IF(OR(E15="",E15=0),"",$D$5/E15) -> 0.94117647 | G15: =IF(OR(B15="",NOT(ISNUMBER(C15))),"",C15-$B$5) -> -0.02 | H15: =IF(OR(B15="",NOT(ISNUMBER(D15))),"",D15-$C$5) -> 0.22 | I15: =IF(OR(E15="",E15=0),"",E15-$D$5) -> 0.2 | J15: =IF(OR(E15="",E15=0),"",IF(AND(G15>0,H15>0),"要改善（両方遅い）",IF(G15>0,"ピッキング改善",IF(H15>0,"梱包改善","良好")))) -> 梱包改善 | K15: =IF(OR(E15="",E15=0),"",IF(AND(G15>0,H15>0),IF(I15>=0.2,"両工程を見直し","両工程を微改善"),IF(AND(I15>0,G15>0),"ピック導線を改善",IF(AND(I15>0,H15>0),"梱包手順を改善",IF(AND(G15<0,H15<0),"良好","目標達成"))))) -> 梱包手順を改善 | L15: =IF(OR(E15="",E15=0),-1E+99,I15+ROW()/100000) -> 0.20015 | M15: =IF(OR(E15="",E15=0),-1E+99,F15-ROW()/100000) -> 0.94102647 | N15: =IF(B15="","",COUNTA($B$9:B15)) -> 7
A16: 8 | B16: Hさん | C16: 1.9 | D16: 1.85 | E16: =IF(OR(B16="",NOT(ISNUMBER(C16)),NOT(ISNUMBER(D16))),"",C16+D16) -> 3.75 | F16: =IF(OR(E16="",E16=0),"",$D$5/E16) -> 0.85333333 | G16: =IF(OR(B16="",NOT(ISNUMBER(C16))),"",C16-$B$5) -> 0.3 | H16: =IF(OR(B16="",NOT(ISNUMBER(D16))),"",D16-$C$5) -> 0.25 | I16: =IF(OR(E16="",E16=0),"",E16-$D$5) -> 0.55 | J16: =IF(OR(E16="",E16=0),"",IF(AND(G16>0,H16>0),"要改善（両方遅い）",IF(G16>0,"ピッキング改善",IF(H16>0,"梱包改善","良好")))) -> 要改善（両方遅い） | K16: =IF(OR(E16="",E16=0),"",IF(AND(G16>0,H16>0),IF(I16>=0.2,"両工程を見直し","両工程を微改善"),IF(AND(I16>0,G16>0),"ピック導線を改善",IF(AND(I16>0,H16>0),"梱包手順を改善",IF(AND(G16<0,H16<0),"良好","目標達成"))))) -> 両工程を見直し | L16: =IF(OR(E16="",E16=0),-1E+99,I16+ROW()/100000) -> 0.55016 | M16: =IF(OR(E16="",E16=0),-1E+99,F16-ROW()/100000) -> 0.85317333 | N16: =IF(B16="","",COUNTA($B$9:B16)) -> 8
A17: 9 | E17: =IF(OR(B17="",NOT(ISNUMBER(C17)),NOT(ISNUMBER(D17))),"",C17+D17) | F17: =IF(OR(E17="",E17=0),"",$D$5/E17) | G17: =IF(OR(B17="",NOT(ISNUMBER(C17))),"",C17-$B$5) | H17: =IF(OR(B17="",NOT(ISNUMBER(D17))),"",D17-$C$5) | I17: =IF(OR(E17="",E17=0),"",E17-$D$5) | J17: =IF(OR(E17="",E17=0),"",IF(AND(G17>0,H17>0),"要改善（両方遅い）",IF(G17>0,"ピッキング改善",IF(H17>0,"梱包改善","良好")))) | K17: =IF(OR(E17="",E17=0),"",IF(AND(G17>0,H17>0),IF(I17>=0.2,"両工程を見直し","両工程を微改善"),IF(AND(I17>0,G17>0),"ピック導線を改善",IF(AND(I17>0,H17>0),"梱包手順を改善",IF(AND(G17<0,H17<0),"良好","目標達成"))))) | L17: =IF(OR(E17="",E17=0),-1E+99,I17+ROW()/100000) -> -1e+99 | M17: =IF(OR(E17="",E17=0),-1E+99,F17-ROW()/100000) -> -1e+99 | N17: =IF(B17="","",COUNTA($B$9:B17))
A18: 10 | E18: =IF(OR(B18="",NOT(ISNUMBER(C18)),NOT(ISNUMBER(D18))),"",C18+D18) | F18: =IF(OR(E18="",E18=0),"",$D$5/E18) | G18: =IF(OR(B18="",NOT(ISNUMBER(C18))),"",C18-$B$5) | H18: =IF(OR(B18="",NOT(ISNUMBER(D18))),"",D18-$C$5) | I18: =IF(OR(E18="",E18=0),"",E18-$D$5) | J18: =IF(OR(E18="",E18=0),"",IF(AND(G18>0,H18>0),"要改善（両方遅い）",IF(G18>0,"ピッキング改善",IF(H18>0,"梱包改善","良好")))) | K18: =IF(OR(E18="",E18=0),"",IF(AND(G18>0,H18>0),IF(I18>=0.2,"両工程を見直し","両工程を微改善"),IF(AND(I18>0,G18>0),"ピック導線を改善",IF(AND(I18>0,H18>0),"梱包手順を改善",IF(AND(G18<0,H18<0),"良好","目標達成"))))) | L18: =IF(OR(E18="",E18=0),-1E+99,I18+ROW()/100000) -> -1e+99 | M18: =IF(OR(E18="",E18=0),-1E+99,F18-ROW()/100000) -> -1e+99 | N18: =IF(B18="","",COUNTA($B$9:B18))
A19: 11 | E19: =IF(OR(B19="",NOT(ISNUMBER(C19)),NOT(ISNUMBER(D19))),"",C19+D19) | F19: =IF(OR(E19="",E19=0),"",$D$5/E19) | G19: =IF(OR(B19="",NOT(ISNUMBER(C19))),"",C19-$B$5) | H19: =IF(OR(B19="",NOT(ISNUMBER(D19))),"",D19-$C$5) | I19: =IF(OR(E19="",E19=0),"",E19-$D$5) | J19: =IF(OR(E19="",E19=0),"",IF(AND(G19>0,H19>0),"要改善（両方遅い）",IF(G19>0,"ピッキング改善",IF(H19>0,"梱包改善","良好")))) | K19: =IF(OR(E19="",E19=0),"",IF(AND(G19>0,H19>0),IF(I19>=0.2,"両工程を見直し","両工程を微改善"),IF(AND(I19>0,G19>0),"ピック導線を改善",IF(AND(I19>0,H19>0),"梱包手順を改善",IF(AND(G19<0,H19<0),"良好","目標達成"))))) | L19: =IF(OR(E19="",E19=0),-1E+99,I19+ROW()/100000) -> -1e+99 | M19: =IF(OR(E19="",E19=0),-1E+99,F19-ROW()/100000) -> -1e+99 | N19: =IF(B19="","",COUNTA($B$9:B19))
A20: 12 | E20: =IF(OR(B20="",NOT(ISNUMBER(C20)),NOT(ISNUMBER(D20))),"",C20+D20) | F20: =IF(OR(E20="",E20=0),"",$D$5/E20) | G20: =IF(OR(B20="",NOT(ISNUMBER(C20))),"",C20-$B$5) | H20: =IF(OR(B20="",NOT(ISNUMBER(D20))),"",D20-$C$5) | I20: =IF(OR(E20="",E20=0),"",E20-$D$5) | J20: =IF(OR(E20="",E20=0),"",IF(AND(G20>0,H20>0),"要改善（両方遅い）",IF(G20>0,"ピッキング改善",IF(H20>0,"梱包改善","良好")))) | K20: =IF(OR(E20="",E20=0),"",IF(AND(G20>0,H20>0),IF(I20>=0.2,"両工程を見直し","両工程を微改善"),IF(AND(I20>0,G20>0),"ピック導線を改善",IF(AND(I20>0,H20>0),"梱包手順を改善",IF(AND(G20<0,H20<0),"良好","目標達成"))))) | L20: =IF(OR(E20="",E20=0),-1E+99,I20+ROW()/100000) -> -1e+99 | M20: =IF(OR(E20="",E20=0),-1E+99,F20-ROW()/100000) -> -1e+99 | N20: =IF(B20="","",COUNTA($B$9:B20))
A21: 13 | E21: =IF(OR(B21="",NOT(ISNUMBER(C21)),NOT(ISNUMBER(D21))),"",C21+D21) | F21: =IF(OR(E21="",E21=0),"",$D$5/E21) | G21: =IF(OR(B21="",NOT(ISNUMBER(C21))),"",C21-$B$5) | H21: =IF(OR(B21="",NOT(ISNUMBER(D21))),"",D21-$C$5) | I21: =IF(OR(E21="",E21=0),"",E21-$D$5) | J21: =IF(OR(E21="",E21=0),"",IF(AND(G21>0,H21>0),"要改善（両方遅い）",IF(G21>0,"ピッキング改善",IF(H21>0,"梱包改善","良好")))) | K21: =IF(OR(E21="",E21=0),"",IF(AND(G21>0,H21>0),IF(I21>=0.2,"両工程を見直し","両工程を微改善"),IF(AND(I21>0,G21>0),"ピック導線を改善",IF(AND(I21>0,H21>0),"梱包手順を改善",IF(AND(G21<0,H21<0),"良好","目標達成"))))) | L21: =IF(OR(E21="",E21=0),-1E+99,I21+ROW()/100000) -> -1e+99 | M21: =IF(OR(E21="",E21=0),-1E+99,F21-ROW()/100000) -> -1e+99 | N21: =IF(B21="","",COUNTA($B$9:B21))
A22: 14 | E22: =IF(OR(B22="",NOT(ISNUMBER(C22)),NOT(ISNUMBER(D22))),"",C22+D22) | F22: =IF(OR(E22="",E22=0),"",$D$5/E22) | G22: =IF(OR(B22="",NOT(ISNUMBER(C22))),"",C22-$B$5) | H22: =IF(OR(B22="",NOT(ISNUMBER(D22))),"",D22-$C$5) | I22: =IF(OR(E22="",E22=0),"",E22-$D$5) | J22: =IF(OR(E22="",E22=0),"",IF(AND(G22>0,H22>0),"要改善（両方遅い）",IF(G22>0,"ピッキング改善",IF(H22>0,"梱包改善","良好")))) | K22: =IF(OR(E22="",E22=0),"",IF(AND(G22>0,H22>0),IF(I22>=0.2,"両工程を見直し","両工程を微改善"),IF(AND(I22>0,G22>0),"ピック導線を改善",IF(AND(I22>0,H22>0),"梱包手順を改善",IF(AND(G22<0,H22<0),"良好","目標達成"))))) | L22: =IF(OR(E22="",E22=0),-1E+99,I22+ROW()/100000) -> -1e+99 | M22: =IF(OR(E22="",E22=0),-1E+99,F22-ROW()/100000) -> -1e+99 | N22: =IF(B22="","",COUNTA($B$9:B22))
A23: 15 | E23: =IF(OR(B23="",NOT(ISNUMBER(C23)),NOT(ISNUMBER(D23))),"",C23+D23) | F23: =IF(OR(E23="",E23=0),"",$D$5/E23) | G23: =IF(OR(B23="",NOT(ISNUMBER(C23))),"",C23-$B$5) | H23: =IF(OR(B23="",NOT(ISNUMBER(D23))),"",D23-$C$5) | I23: =IF(OR(E23="",E23=0),"",E23-$D$5) | J23: =IF(OR(E23="",E23=0),"",IF(AND(G23>0,H23>0),"要改善（両方遅い）",IF(G23>0,"ピッキング改善",IF(H23>0,"梱包改善","良好")))) | K23: =IF(OR(E23="",E23=0),"",IF(AND(G23>0,H23>0),IF(I23>=0.2,"両工程を見直し","両工程を微改善"),IF(AND(I23>0,G23>0),"ピック導線を改善",IF(AND(I23>0,H23>0),"梱包手順を改善",IF(AND(G23<0,H23<0),"良好","目標達成"))))) | L23: =IF(OR(E23="",E23=0),-1E+99,I23+ROW()/100000) -> -1e+99 | M23: =IF(OR(E23="",E23=0),-1E+99,F23-ROW()/100000) -> -1e+99 | N23: =IF(B23="","",COUNTA($B$9:B23))
A24: 16 | E24: =IF(OR(B24="",NOT(ISNUMBER(C24)),NOT(ISNUMBER(D24))),"",C24+D24) | F24: =IF(OR(E24="",E24=0),"",$D$5/E24) | G24: =IF(OR(B24="",NOT(ISNUMBER(C24))),"",C24-$B$5) | H24: =IF(OR(B24="",NOT(ISNUMBER(D24))),"",D24-$C$5) | I24: =IF(OR(E24="",E24=0),"",E24-$D$5) | J24: =IF(OR(E24="",E24=0),"",IF(AND(G24>0,H24>0),"要改善（両方遅い）",IF(G24>0,"ピッキング改善",IF(H24>0,"梱包改善","良好")))) | K24: =IF(OR(E24="",E24=0),"",IF(AND(G24>0,H24>0),IF(I24>=0.2,"両工程を見直し","両工程を微改善"),IF(AND(I24>0,G24>0),"ピック導線を改善",IF(AND(I24>0,H24>0),"梱包手順を改善",IF(AND(G24<0,H24<0),"良好","目標達成"))))) | L24: =IF(OR(E24="",E24=0),-1E+99,I24+ROW()/100000) -> -1e+99 | M24: =IF(OR(E24="",E24=0),-1E+99,F24-ROW()/100000) -> -1e+99 | N24: =IF(B24="","",COUNTA($B$9:B24))
A25: 17 | E25: =IF(OR(B25="",NOT(ISNUMBER(C25)),NOT(ISNUMBER(D25))),"",C25+D25) | F25: =IF(OR(E25="",E25=0),"",$D$5/E25) | G25: =IF(OR(B25="",NOT(ISNUMBER(C25))),"",C25-$B$5) | H25: =IF(OR(B25="",NOT(ISNUMBER(D25))),"",D25-$C$5) | I25: =IF(OR(E25="",E25=0),"",E25-$D$5) | J25: =IF(OR(E25="",E25=0),"",IF(AND(G25>0,H25>0),"要改善（両方遅い）",IF(G25>0,"ピッキング改善",IF(H25>0,"梱包改善","良好")))) | K25: =IF(OR(E25="",E25=0),"",IF(AND(G25>0,H25>0),IF(I25>=0.2,"両工程を見直し","両工程を微改善"),IF(AND(I25>0,G25>0),"ピック導線を改善",IF(AND(I25>0,H25>0),"梱包手順を改善",IF(AND(G25<0,H25<0),"良好","目標達成"))))) | L25: =IF(OR(E25="",E25=0),-1E+99,I25+ROW()/100000) -> -1e+99 | M25: =IF(OR(E25="",E25=0),-1E+99,F25-ROW()/100000) -> -1e+99 | N25: =IF(B25="","",COUNTA($B$9:B25))
A26: 18 | E26: =IF(OR(B26="",NOT(ISNUMBER(C26)),NOT(ISNUMBER(D26))),"",C26+D26) | F26: =IF(OR(E26="",E26=0),"",$D$5/E26) | G26: =IF(OR(B26="",NOT(ISNUMBER(C26))),"",C26-$B$5) | H26: =IF(OR(B26="",NOT(ISNUMBER(D26))),"",D26-$C$5) | I26: =IF(OR(E26="",E26=0),"",E26-$D$5) | J26: =IF(OR(E26="",E26=0),"",IF(AND(G26>0,H26>0),"要改善（両方遅い）",IF(G26>0,"ピッキング改善",IF(H26>0,"梱包改善","良好")))) | K26: =IF(OR(E26="",E26=0),"",IF(AND(G26>0,H26>0),IF(I26>=0.2,"両工程を見直し","両工程を微改善"),IF(AND(I26>0,G26>0),"ピック導線を改善",IF(AND(I26>0,H26>0),"梱包手順を改善",IF(AND(G26<0,H26<0),"良好","目標達成"))))) | L26: =IF(OR(E26="",E26=0),-1E+99,I26+ROW()/100000) -> -1e+99 | M26: =IF(OR(E26="",E26=0),-1E+99,F26-ROW()/100000) -> -1e+99 | N26: =IF(B26="","",COUNTA($B$9:B26))
A27: 19 | E27: =IF(OR(B27="",NOT(ISNUMBER(C27)),NOT(ISNUMBER(D27))),"",C27+D27) | F27: =IF(OR(E27="",E27=0),"",$D$5/E27) | G27: =IF(OR(B27="",NOT(ISNUMBER(C27))),"",C27-$B$5) | H27: =IF(OR(B27="",NOT(ISNUMBER(D27))),"",D27-$C$5) | I27: =IF(OR(E27="",E27=0),"",E27-$D$5) | J27: =IF(OR(E27="",E27=0),"",IF(AND(G27>0,H27>0),"要改善（両方遅い）",IF(G27>0,"ピッキング改善",IF(H27>0,"梱包改善","良好")))) | K27: =IF(OR(E27="",E27=0),"",IF(AND(G27>0,H27>0),IF(I27>=0.2,"両工程を見直し","両工程を微改善"),IF(AND(I27>0,G27>0),"ピック導線を改善",IF(AND(I27>0,H27>0),"梱包手順を改善",IF(AND(G27<0,H27<0),"良好","目標達成"))))) | L27: =IF(OR(E27="",E27=0),-1E+99,I27+ROW()/100000) -> -1e+99 | M27: =IF(OR(E27="",E27=0),-1E+99,F27-ROW()/100000) -> -1e+99 | N27: =IF(B27="","",COUNTA($B$9:B27))
A28: 20 | E28: =IF(OR(B28="",NOT(ISNUMBER(C28)),NOT(ISNUMBER(D28))),"",C28+D28) | F28: =IF(OR(E28="",E28=0),"",$D$5/E28) | G28: =IF(OR(B28="",NOT(ISNUMBER(C28))),"",C28-$B$5) | H28: =IF(OR(B28="",NOT(ISNUMBER(D28))),"",D28-$C$5) | I28: =IF(OR(E28="",E28=0),"",E28-$D$5) | J28: =IF(OR(E28="",E28=0),"",IF(AND(G28>0,H28>0),"要改善（両方遅い）",IF(G28>0,"ピッキング改善",IF(H28>0,"梱包改善","良好")))) | K28: =IF(OR(E28="",E28=0),"",IF(AND(G28>0,H28>0),IF(I28>=0.2,"両工程を見直し","両工程を微改善"),IF(AND(I28>0,G28>0),"ピック導線を改善",IF(AND(I28>0,H28>0),"梱包手順を改善",IF(AND(G28<0,H28<0),"良好","目標達成"))))) | L28: =IF(OR(E28="",E28=0),-1E+99,I28+ROW()/100000) -> -1e+99 | M28: =IF(OR(E28="",E28=0),-1E+99,F28-ROW()/100000) -> -1e+99 | N28: =IF(B28="","",COUNTA($B$9:B28))
... A58: 50 | E58: =IF(OR(B58="",NOT(ISNUMBER(C58)),NOT(ISNUMBER(D58))),"",C58+D58) | F58: =IF(OR(E58="",E58=0),"",$D$5/E58) | G58: =IF(OR(B58="",NOT(ISNUMBER(C58))),"",C58-$B$5) | H58: =IF(OR(B58="",NOT(ISNUMBER(D58))),"",D58-$C$5) | I58: =IF(OR(E58="",E58=0),"",E58-$D$5) | J58: =IF(OR(E58="",E58=0),"",IF(AND(G58>0,H58>0),"要改善（両方遅い）",IF(G58>0,"ピッキング改善",IF(H58>0,"梱包改善","良好")))) | K58: =IF(OR(E58="",E58=0),"",IF(AND(G58>0,H58>0),IF(I58>=0.2,"両工程を見直し","両工程を微改善"),IF(AND(I58>0,G58>0),"ピック導線を改善",IF(AND(I58>0,H58>0),"梱包手順を改善",IF(AND(G58<0,H58<0),"良好","目標達成"))))) | L58: =IF(OR(E58="",E58=0),-1E+99,I58+ROW()/100000) -> -1e+99 | M58: =IF(OR(E58="",E58=0),-1E+99,F58-ROW()/100000) -> -1e+99 | N58: =IF(B58="","",COUNTA($B$9:B58))

Sheet 集計用
A1: 表示順_担当者 | B1: ピック | C1: 梱包 | D1: 合計 | E1: 達成率 | F1: 分類 | G1: コメント | I1: 優先順_担当者 | J1: ピック | K1: 梱包 | L1: 合計 | M1: 合計差 | N1: 分類 | O1: コメント | Q1: 達成率順_担当者 | R1: 達成率 | S1: ピック | T1: 梱包 | U1: 合計 | Z1: 表示用索引 | AA1: 優先順位索引 | AB1: 達成率順位索引 | AC1: 目標ピック | AD1: 目標梱包 | AE1: x基準 | AF1: y最小 | AG1: x最小 | AH1: y基準
A2: =IF($Z2="","",INDEX(入力!$B$9:$B$58,$Z2)) -> Aさん | B2: =IF($Z2="","",IF(INDEX(入力!$C$9:$C$58,$Z2)="","",INDEX(入力!$C$9:$C$58,$Z2))) -> 1.35 | C2: =IF($Z2="","",IF(INDEX(入力!$D$9:$D$58,$Z2)="","",INDEX(入力!$D$9:$D$58,$Z2))) -> 1.42 | D2: =IF($Z2="","",INDEX(入力!$E$9:$E$58,$Z2)) -> 2.77 | E2: =IF($Z2="","",INDEX(入力!$F$9:$F$58,$Z2)) -> 1.1552347 | F2: =IF($Z2="","",INDEX(入力!$J$9:$J$58,$Z2)) -> 良好 | G2: =IF($Z2="","",INDEX(入力!$K$9:$K$58,$Z2)) -> 良好 | I2: =IF($AA2="","",INDEX(入力!$B$9:$B$58,$AA2)) -> Hさん | J2: =IF($AA2="","",INDEX(入力!$C$9:$C$58,$AA2)) -> 1.9 | K2: =IF($AA2="","",INDEX(入力!$D$9:$D$58,$AA2)) -> 1.85 | L2: =IF($AA2="","",INDEX(入力!$E$9:$E$58,$AA2)) -> 3.75 | M2: =IF($AA2="","",INDEX(入力!$I$9:$I$58,$AA2)) -> 0.55 | N2: =IF($AA2="","",INDEX(入力!$J$9:$J$58,$AA2)) -> 要改善（両方遅い） | O2: =IF($AA2="","",INDEX(入力!$K$9:$K$58,$AA2)) -> 両工程を見直し | Q2: =IF($AB2="","",INDEX(入力!$B$9:$B$58,$AB2)) -> Aさん | R2: =IF($AB2="","",INDEX(入力!$F$9:$F$58,$AB2)) -> 1.1552347 | S2: =IF($AB2="","",INDEX(入力!$C$9:$C$58,$AB2)) -> 1.35 | T2: =IF($AB2="","",INDEX(入力!$D$9:$D$58,$AB2)) -> 1.42 | U2: =IF($AB2="","",INDEX(入力!$E$9:$E$58,$AB2)) -> 2.77 | Z2: =IFERROR(MATCH(ROW()-1,入力!$N$9:$N$58,0),"") -> 1 | AA2: =IF(ROW()-1>COUNTIF(入力!$L$9:$L$58,">-9.9E+98"),"",IFERROR(MATCH(LARGE(入力!$L$9:$L$58,ROW()-1),入力!$L$9:$L$58,0),"")) -> 8 | AB2: =IF(ROW()-1>COUNTIF(入力!$M$9:$M$58,">-9.9E+98"),"",IFERROR(MATCH(LARGE(入力!$M$9:$M$58,ROW()-1),入力!$M$9:$M$58,0),"")) -> 1 | AC2: =入力!$B$5 -> 1.6 | AD2: =入力!$C$5 -> 1.6 | AE2: =入力!$B$5 -> 1.6 | AF2: 1 | AG2: 1 | AH2: =入力!$C$5 -> 1.6
A3: =IF($Z3="","",INDEX(入力!$B$9:$B$58,$Z3)) -> Bさん | B3: =IF($Z3="","",IF(INDEX(入力!$C$9:$C$58,$Z3)="","",INDEX(入力!$C$9:$C$58,$Z3))) -> 1.48 | C3: =IF($Z3="","",IF(INDEX(入力!$D$9:$D$58,$Z3)="","",INDEX(入力!$D$9:$D$58,$Z3))) -> 1.5 | D3: =IF($Z3="","",INDEX(入力!$E$9:$E$58,$Z3)) -> 2.98 | E3: =IF($Z3="","",INDEX(入力!$F$9:$F$58,$Z3)) -> 1.0738255 | F3: =IF($Z3="","",INDEX(入力!$J$9:$J$58,$Z3)) -> 良好 | G3: =IF($Z3="","",INDEX(入力!$K$9:$K$58,$Z3)) -> 良好 | I3: =IF($AA3="","",INDEX(入力!$B$9:$B$58,$AA3)) -> Gさん | J3: =IF($AA3="","",INDEX(入力!$C$9:$C$58,$AA3)) -> 1.58 | K3: =IF($AA3="","",INDEX(入力!$D$9:$D$58,$AA3)) -> 1.82 | L3: =IF($AA3="","",INDEX(入力!$E$9:$E$58,$AA3)) -> 3.4 | M3: =IF($AA3="","",INDEX(入力!$I$9:$I$58,$AA3)) -> 0.2 | N3: =IF($AA3="","",INDEX(入力!$J$9:$J$58,$AA3)) -> 梱包改善 | O3: =IF($AA3="","",INDEX(入力!$K$9:$K$58,$AA3)) -> 梱包手順を改善 | Q3: =IF($AB3="","",INDEX(入力!$B$9:$B$58,$AB3)) -> Bさん | R3: =IF($AB3="","",INDEX(入力!$F$9:$F$58,$AB3)) -> 1.0738255 | S3: =IF($AB3="","",INDEX(入力!$C$9:$C$58,$AB3)) -> 1.48 | T3: =IF($AB3="","",INDEX(入力!$D$9:$D$58,$AB3)) -> 1.5 | U3: =IF($AB3="","",INDEX(入力!$E$9:$E$58,$AB3)) -> 2.98 | Z3: =IFERROR(MATCH(ROW()-1,入力!$N$9:$N$58,0),"") -> 2 | AA3: =IF(ROW()-1>COUNTIF(入力!$L$9:$L$58,">-9.9E+98"),"",IFERROR(MATCH(LARGE(入力!$L$9:$L$58,ROW()-1),入力!$L$9:$L$58,0),"")) -> 7 | AB3: =IF(ROW()-1>COUNTIF(入力!$M$9:$M$58,">-9.9E+98"),"",IFERROR(MATCH(LARGE(入力!$M$9:$M$58,ROW()-1),入力!$M$9:$M$58,0),"")) -> 2 | AC3: =入力!$B$5 -> 1.6 | AD3: =入力!$C$5 -> 1.6 | AE3: =入力!$B$5 -> 1.6 | AF3: 2.4 | AG3: 2.4 | AH3: =入力!$C$5 -> 1.6
A4: =IF($Z4="","",INDEX(入力!$B$9:$B$58,$Z4)) -> Cさん | B4: =IF($Z4="","",IF(INDEX(入力!$C$9:$C$58,$Z4)="","",INDEX(入力!$C$9:$C$58,$Z4))) -> 1.55 | C4: =IF($Z4="","",IF(INDEX(入力!$D$9:$D$58,$Z4)="","",INDEX(入力!$D$9:$D$58,$Z4))) -> 1.6 | D4: =IF($Z4="","",INDEX(入力!$E$9:$E$58,$Z4)) -> 3.15 | E4: =IF($Z4="","",INDEX(入力!$F$9:$F$58,$Z4)) -> 1.015873 | F4: =IF($Z4="","",INDEX(入力!$J$9:$J$58,$Z4)) -> 良好 | G4: =IF($Z4="","",INDEX(入力!$K$9:$K$58,$Z4)) -> 目標達成 | I4: =IF($AA4="","",INDEX(入力!$B$9:$B$58,$AA4)) -> Fさん | J4: =IF($AA4="","",INDEX(入力!$C$9:$C$58,$AA4)) -> 1.8 | K4: =IF($AA4="","",INDEX(入力!$D$9:$D$58,$AA4)) -> 1.55 | L4: =IF($AA4="","",INDEX(入力!$E$9:$E$58,$AA4)) -> 3.35 | M4: =IF($AA4="","",INDEX(入力!$I$9:$I$58,$AA4)) -> 0.15 | N4: =IF($AA4="","",INDEX(入力!$J$9:$J$58,$AA4)) -> ピッキング改善 | O4: =IF($AA4="","",INDEX(入力!$K$9:$K$58,$AA4)) -> ピック導線を改善 | Q4: =IF($AB4="","",INDEX(入力!$B$9:$B$58,$AB4)) -> Cさん | R4: =IF($AB4="","",INDEX(入力!$F$9:$F$58,$AB4)) -> 1.015873 | S4: =IF($AB4="","",INDEX(入力!$C$9:$C$58,$AB4)) -> 1.55 | T4: =IF($AB4="","",INDEX(入力!$D$9:$D$58,$AB4)) -> 1.6 | U4: =IF($AB4="","",INDEX(入力!$E$9:$E$58,$AB4)) -> 3.15 | Z4: =IFERROR(MATCH(ROW()-1,入力!$N$9:$N$58,0),"") -> 3 | AA4: =IF(ROW()-1>COUNTIF(入力!$L$9:$L$58,">-9.9E+98"),"",IFERROR(MATCH(LARGE(入力!$L$9:$L$58,ROW()-1),入力!$L$9:$L$58,0),"")) -> 6 | AB4: =IF(ROW()-1>COUNTIF(入力!$M$9:$M$58,">-9.9E+98"),"",IFERROR(MATCH(LARGE(入力!$M$9:$M$58,ROW()-1),入力!$M$9:$M$58,0),"")) -> 3 | AC4: =入力!$B$5 -> 1.6 | AD4: =入力!$C$5 -> 1.6
A5: =IF($Z5="","",INDEX(入力!$B$9:$B$58,$Z5)) -> Dさん | B5: =IF($Z5="","",IF(INDEX(入力!$C$9:$C$58,$Z5)="","",INDEX(入力!$C$9:$C$58,$Z5))) -> 1.62 | C5: =IF($Z5="","",IF(INDEX(入力!$D$9:$D$58,$Z5)="","",INDEX(入力!$D$9:$D$58,$Z5))) -> 1.55 | D5: =IF($Z5="","",INDEX(入力!$E$9:$E$58,$Z5)) -> 3.17 | E5: =IF($Z5="","",INDEX(入力!$F$9:$F$58,$Z5)) -> 1.0094637 | F5: =IF($Z5="","",INDEX(入力!$J$9:$J$58,$Z5)) -> ピッキング改善 | G5: =IF($Z5="","",INDEX(入力!$K$9:$K$58,$Z5)) -> 目標達成 | I5: =IF($AA5="","",INDEX(入力!$B$9:$B$58,$AA5)) -> Eさん | J5: =IF($AA5="","",INDEX(入力!$C$9:$C$58,$AA5)) -> 1.7 | K5: =IF($AA5="","",INDEX(入力!$D$9:$D$58,$AA5)) -> 1.65 | L5: =IF($AA5="","",INDEX(入力!$E$9:$E$58,$AA5)) -> 3.35 | M5: =IF($AA5="","",INDEX(入力!$I$9:$I$58,$AA5)) -> 0.15 | N5: =IF($AA5="","",INDEX(入力!$J$9:$J$58,$AA5)) -> 要改善（両方遅い） | O5: =IF($AA5="","",INDEX(入力!$K$9:$K$58,$AA5)) -> 両工程を微改善 | Q5: =IF($AB5="","",INDEX(入力!$B$9:$B$58,$AB5)) -> Dさん | R5: =IF($AB5="","",INDEX(入力!$F$9:$F$58,$AB5)) -> 1.0094637 | S5: =IF($AB5="","",INDEX(入力!$C$9:$C$58,$AB5)) -> 1.62 | T5: =IF($AB5="","",INDEX(入力!$D$9:$D$58,$AB5)) -> 1.55 | U5: =IF($AB5="","",INDEX(入力!$E$9:$E$58,$AB5)) -> 3.17 | Z5: =IFERROR(MATCH(ROW()-1,入力!$N$9:$N$58,0),"") -> 4 | AA5: =IF(ROW()-1>COUNTIF(入力!$L$9:$L$58,">-9.9E+98"),"",IFERROR(MATCH(LARGE(入力!$L$9:$L$58,ROW()-1),入力!$L$9:$L$58,0),"")) -> 5 | AB5: =IF(ROW()-1>COUNTIF(入力!$M$9:$M$58,">-9.9E+98"),"",IFERROR(MATCH(LARGE(入力!$M$9:$M$58,ROW()-1),入力!$M$9:$M$58,0),"")) -> 4 | AC5: =入力!$B$5 -> 1.6 | AD5: =入力!$C$5 -> 1.6
A6: =IF($Z6="","",INDEX(入力!$B$9:$B$58,$Z6)) -> Eさん | B6: =IF($Z6="","",IF(INDEX(入力!$C$9:$C$58,$Z6)="","",INDEX(入力!$C$9:$C$58,$Z6))) -> 1.7 | C6: =IF($Z6="","",IF(INDEX(入力!$D$9:$D$58,$Z6)="","",INDEX(入力!$D$9:$D$58,$Z6))) -> 1.65 | D6: =IF($Z6="","",INDEX(入力!$E$9:$E$58,$Z6)) -> 3.35 | E6: =IF($Z6="","",INDEX(入力!$F$9:$F$58,$Z6)) -> 0.95522388 | F6: =IF($Z6="","",INDEX(入力!$J$9:$J$58,$Z6)) -> 要改善（両方遅い） | G6: =IF($Z6="","",INDEX(入力!$K$9:$K$58,$Z6)) -> 両工程を微改善 | I6: =IF($AA6="","",INDEX(入力!$B$9:$B$58,$AA6)) -> Dさん | J6: =IF($AA6="","",INDEX(入力!$C$9:$C$58,$AA6)) -> 1.62 | K6: =IF($AA6="","",INDEX(入力!$D$9:$D$58,$AA6)) -> 1.55 | L6: =IF($AA6="","",INDEX(入力!$E$9:$E$58,$AA6)) -> 3.17 | M6: =IF($AA6="","",INDEX(入力!$I$9:$I$58,$AA6)) -> -0.03 | N6: =IF($AA6="","",INDEX(入力!$J$9:$J$58,$AA6)) -> ピッキング改善 | O6: =IF($AA6="","",INDEX(入力!$K$9:$K$58,$AA6)) -> 目標達成 | Q6: =IF($AB6="","",INDEX(入力!$B$9:$B$58,$AB6)) -> Eさん | R6: =IF($AB6="","",INDEX(入力!$F$9:$F$58,$AB6)) -> 0.95522388 | S6: =IF($AB6="","",INDEX(入力!$C$9:$C$58,$AB6)) -> 1.7 | T6: =IF($AB6="","",INDEX(入力!$D$9:$D$58,$AB6)) -> 1.65 | U6: =IF($AB6="","",INDEX(入力!$E$9:$E$58,$AB6)) -> 3.35 | Z6: =IFERROR(MATCH(ROW()-1,入力!$N$9:$N$58,0),"") -> 5 | AA6: =IF(ROW()-1>COUNTIF(入力!$L$9:$L$58,">-9.9E+98"),"",IFERROR(MATCH(LARGE(入力!$L$9:$L$58,ROW()-1),入力!$L$9:$L$58,0),"")) -> 4 | AB6: =IF(ROW()-1>COUNTIF(入力!$M$9:$M$58,">-9.9E+98"),"",IFERROR(MATCH(LARGE(入力!$M$9:$M$58,ROW()-1),入力!$M$9:$M$58,0),"")) -> 5 | AC6: =入力!$B$5 -> 1.6 | AD6: =入力!$C$5 -> 1.6
A7: =IF($Z7="","",INDEX(入力!$B$9:$B$58,$Z7)) -> Fさん | B7: =IF($Z7="","",IF(INDEX(入力!$C$9:$C$58,$Z7)="","",INDEX(入力!$C$9:$C$58,$Z7))) -> 1.8 | C7: =IF($Z7="","",IF(INDEX(入力!$D$9:$D$58,$Z7)="","",INDEX(入力!$D$9:$D$58,$Z7))) -> 1.55 | D7: =IF($Z7="","",INDEX(入力!$E$9:$E$58,$Z7)) -> 3.35 | E7: =IF($Z7="","",INDEX(入力!$F$9:$F$58,$Z7)) -> 0.95522388 | F7: =IF($Z7="","",INDEX(入力!$J$9:$J$58,$Z7)) -> ピッキング改善 | G7: =IF($Z7="","",INDEX(入力!$K$9:$K$58,$Z7)) -> ピック導線を改善 | I7: =IF($AA7="","",INDEX(入力!$B$9:$B$58,$AA7)) -> Cさん | J7: =IF($AA7="","",INDEX(入力!$C$9:$C$58,$AA7)) -> 1.55 | K7: =IF($AA7="","",INDEX(入力!$D$9:$D$58,$AA7)) -> 1.6 | L7: =IF($AA7="","",INDEX(入力!$E$9:$E$58,$AA7)) -> 3.15 | M7: =IF($AA7="","",INDEX(入力!$I$9:$I$58,$AA7)) -> -0.05 | N7: =IF($AA7="","",INDEX(入力!$J$9:$J$58,$AA7)) -> 良好 | O7: =IF($AA7="","",INDEX(入力!$K$9:$K$58,$AA7)) -> 目標達成 | Q7: =IF($AB7="","",INDEX(入力!$B$9:$B$58,$AB7)) -> Fさん | R7: =IF($AB7="","",INDEX(入力!$F$9:$F$58,$AB7)) -> 0.95522388 | S7: =IF($AB7="","",INDEX(入力!$C$9:$C$58,$AB7)) -> 1.8 | T7: =IF($AB7="","",INDEX(入力!$D$9:$D$58,$AB7)) -> 1.55 | U7: =IF($AB7="","",INDEX(入力!$E$9:$E$58,$AB7)) -> 3.35 | Z7: =IFERROR(MATCH(ROW()-1,入力!$N$9:$N$58,0),"") -> 6 | AA7: =IF(ROW()-1>COUNTIF(入力!$L$9:$L$58,">-9.9E+98"),"",IFERROR(MATCH(LARGE(入力!$L$9:$L$58,ROW()-1),入力!$L$9:$L$58,0),"")) -> 3 | AB7: =IF(ROW()-1>COUNTIF(入力!$M$9:$M$58,">-9.9E+98"),"",IFERROR(MATCH(LARGE(入力!$M$9:$M$58,ROW()-1),入力!$M$9:$M$58,0),"")) -> 6 | AC7: =入力!$B$5 -> 1.6 | AD7: =入力!$C$5 -> 1.6
A8: =IF($Z8="","",INDEX(入力!$B$9:$B$58,$Z8)) -> Gさん | B8: =IF($Z8="","",IF(INDEX(入力!$C$9:$C$58,$Z8)="","",INDEX(入力!$C$9:$C$58,$Z8))) -> 1.58 | C8: =IF($Z8="","",IF(INDEX(入力!$D$9:$D$58,$Z8)="","",INDEX(入力!$D$9:$D$58,$Z8))) -> 1.82 | D8: =IF($Z8="","",INDEX(入力!$E$9:$E$58,$Z8)) -> 3.4 | E8: =IF($Z8="","",INDEX(入力!$F$9:$F$58,$Z8)) -> 0.94117647 | F8: =IF($Z8="","",INDEX(入力!$J$9:$J$58,$Z8)) -> 梱包改善 | G8: =IF($Z8="","",INDEX(入力!$K$9:$K$58,$Z8)) -> 梱包手順を改善 | I8: =IF($AA8="","",INDEX(入力!$B$9:$B$58,$AA8)) -> Bさん | J8: =IF($AA8="","",INDEX(入力!$C$9:$C$58,$AA8)) -> 1.48 | K8: =IF($AA8="","",INDEX(入力!$D$9:$D$58,$AA8)) -> 1.5 | L8: =IF($AA8="","",INDEX(入力!$E$9:$E$58,$AA8)) -> 2.98 | M8: =IF($AA8="","",INDEX(入力!$I$9:$I$58,$AA8)) -> -0.22 | N8: =IF($AA8="","",INDEX(入力!$J$9:$J$58,$AA8)) -> 良好 | O8: =IF($AA8="","",INDEX(入力!$K$9:$K$58,$AA8)) -> 良好 | Q8: =IF($AB8="","",INDEX(入力!$B$9:$B$58,$AB8)) -> Gさん | R8: =IF($AB8="","",INDEX(入力!$F$9:$F$58,$AB8)) -> 0.94117647 | S8: =IF($AB8="","",INDEX(入力!$C$9:$C$58,$AB8)) -> 1.58 | T8: =IF($AB8="","",INDEX(入力!$D$9:$D$58,$AB8)) -> 1.82 | U8: =IF($AB8="","",INDEX(入力!$E$9:$E$58,$AB8)) -> 3.4 | Z8: =IFERROR(MATCH(ROW()-1,入力!$N$9:$N$58,0),"") -> 7 | AA8: =IF(ROW()-1>COUNTIF(入力!$L$9:$L$58,">-9.9E+98"),"",IFERROR(MATCH(LARGE(入力!$L$9:$L$58,ROW()-1),入力!$L$9:$L$58,0),"")) -> 2 | AB8: =IF(ROW()-1>COUNTIF(入力!$M$9:$M$58,">-9.9E+98"),"",IFERROR(MATCH(LARGE(入力!$M$9:$M$58,ROW()-1),入力!$M$9:$M$58,0),"")) -> 7 | AC8: =入力!$B$5 -> 1.6 | AD8: =入力!$C$5 -> 1.6
A9: =IF($Z9="","",INDEX(入力!$B$9:$B$58,$Z9)) -> Hさん | B9: =IF($Z9="","",IF(INDEX(入力!$C$9:$C$58,$Z9)="","",INDEX(入力!$C$9:$C$58,$Z9))) -> 1.9 | C9: =IF($Z9="","",IF(INDEX(入力!$D$9:$D$58,$Z9)="","",INDEX(入力!$D$9:$D$58,$Z9))) -> 1.85 | D9: =IF($Z9="","",INDEX(入力!$E$9:$E$58,$Z9)) -> 3.75 | E9: =IF($Z9="","",INDEX(入力!$F$9:$F$58,$Z9)) -> 0.85333333 | F9: =IF($Z9="","",INDEX(入力!$J$9:$J$58,$Z9)) -> 要改善（両方遅い） | G9: =IF($Z9="","",INDEX(入力!$K$9:$K$58,$Z9)) -> 両工程を見直し | I9: =IF($AA9="","",INDEX(入力!$B$9:$B$58,$AA9)) -> Aさん | J9: =IF($AA9="","",INDEX(入力!$C$9:$C$58,$AA9)) -> 1.35 | K9: =IF($AA9="","",INDEX(入力!$D$9:$D$58,$AA9)) -> 1.42 | L9: =IF($AA9="","",INDEX(入力!$E$9:$E$58,$AA9)) -> 2.77 | M9: =IF($AA9="","",INDEX(入力!$I$9:$I$58,$AA9)) -> -0.43 | N9: =IF($AA9="","",INDEX(入力!$J$9:$J$58,$AA9)) -> 良好 | O9: =IF($AA9="","",INDEX(入力!$K$9:$K$58,$AA9)) -> 良好 | Q9: =IF($AB9="","",INDEX(入力!$B$9:$B$58,$AB9)) -> Hさん | R9: =IF($AB9="","",INDEX(入力!$F$9:$F$58,$AB9)) -> 0.85333333 | S9: =IF($AB9="","",INDEX(入力!$C$9:$C$58,$AB9)) -> 1.9 | T9: =IF($AB9="","",INDEX(入力!$D$9:$D$58,$AB9)) -> 1.85 | U9: =IF($AB9="","",INDEX(入力!$E$9:$E$58,$AB9)) -> 3.75 | Z9: =IFERROR(MATCH(ROW()-1,入力!$N$9:$N$58,0),"") -> 8 | AA9: =IF(ROW()-1>COUNTIF(入力!$L$9:$L$58,">-9.9E+98"),"",IFERROR(MATCH(LARGE(入力!$L$9:$L$58,ROW()-1),入力!$L$9:$L$58,0),"")) -> 1 | AB9: =IF(ROW()-1>COUNTIF(入力!$M$9:$M$58,">-9.9E+98"),"",IFERROR(MATCH(LARGE(入力!$M$9:$M$58,ROW()-1),入力!$M$9:$M$58,0),"")) -> 8 | AC9: =入力!$B$5 -> 1.6 | AD9: =入力!$C$5 -> 1.6
A10: =IF($Z10="","",INDEX(入力!$B$9:$B$58,$Z10)) | B10: =IF($Z10="","",IF(INDEX(入力!$C$9:$C$58,$Z10)="","",INDEX(入力!$C$9:$C$58,$Z10))) | C10: =IF($Z10="","",IF(INDEX(入力!$D$9:$D$58,$Z10)="","",INDEX(入力!$D$9:$D$58,$Z10))) | D10: =IF($Z10="","",INDEX(入力!$E$9:$E$58,$Z10)) | E10: =IF($Z10="","",INDEX(入力!$F$9:$F$58,$Z10)) | F10: =IF($Z10="","",INDEX(入力!$J$9:$J$58,$Z10)) | G10: =IF($Z10="","",INDEX(入力!$K$9:$K$58,$Z10)) | I10: =IF($AA10="","",INDEX(入力!$B$9:$B$58,$AA10)) | J10: =IF($AA10="","",INDEX(入力!$C$9:$C$58,$AA10)) | K10: =IF($AA10="","",INDEX(入力!$D$9:$D$58,$AA10)) | L10: =IF($AA10="","",INDEX(入力!$E$9:$E$58,$AA10)) | M10: =IF($AA10="","",INDEX(入力!$I$9:$I$58,$AA10)) | N10: =IF($AA10="","",INDEX(入力!$J$9:$J$58,$AA10)) | O10: =IF($AA10="","",INDEX(入力!$K$9:$K$58,$AA10)) | Q10: =IF($AB10="","",INDEX(入力!$B$9:$B$58,$AB10)) | R10: =IF($AB10="","",INDEX(入力!$F$9:$F$58,$AB10)) | S10: =IF($AB10="","",INDEX(入力!$C$9:$C$58,$AB10)) | T10: =IF($AB10="","",INDEX(入力!$D$9:$D$58,$AB10)) | U10: =IF($AB10="","",INDEX(入力!$E$9:$E$58,$AB10)) | Z10: =IFERROR(MATCH(ROW()-1,入力!$N$9:$N$58,0),"") | AA10: =IF(ROW()-1>COUNTIF(入力!$L$9:$L$58,">-9.9E+98"),"",IFERROR(MATCH(LARGE(入力!$L$9:$L$58,ROW()-1),入力!$L$9:$L$58,0),"")) | AB10: =IF(ROW()-1>COUNTIF(入力!$M$9:$M$58,">-9.9E+98"),"",IFERROR(MATCH(LARGE(入力!$M$9:$M$58,ROW()-1),入力!$M$9:$M$58,0),"")) | AC10: =入力!$B$5 -> 1.6 | AD10: =入力!$C$5 -> 1.6
A11: =IF($Z11="","",INDEX(入力!$B$9:$B$58,$Z11)) | B11: =IF($Z11="","",IF(INDEX(入力!$C$9:$C$58,$Z11)="","",INDEX(入力!$C$9:$C$58,$Z11))) | C11: =IF($Z11="","",IF(INDEX(入力!$D$9:$D$58,$Z11)="","",INDEX(入力!$D$9:$D$58,$Z11))) | D11: =IF($Z11="","",INDEX(入力!$E$9:$E$58,$Z11)) | E11: =IF($Z11="","",INDEX(入力!$F$9:$F$58,$Z11)) | F11: =IF($Z11="","",INDEX(入力!$J$9:$J$58,$Z11)) | G11: =IF($Z11="","",INDEX(入力!$K$9:$K$58,$Z11)) | I11: =IF($AA11="","",INDEX(入力!$B$9:$B$58,$AA11)) | J11: =IF($AA11="","",INDEX(入力!$C$9:$C$58,$AA11)) | K11: =IF($AA11="","",INDEX(入力!$D$9:$D$58,$AA11)) | L11: =IF($AA11="","",INDEX(入力!$E$9:$E$58,$AA11)) | M11: =IF($AA11="","",INDEX(入力!$I$9:$I$58,$AA11)) | N11: =IF($AA11="","",INDEX(入力!$J$9:$J$58,$AA11)) | O11: =IF($AA11="","",INDEX(入力!$K$9:$K$58,$AA11)) | Q11: =IF($AB11="","",INDEX(入力!$B$9:$B$58,$AB11)) | R11: =IF($AB11="","",INDEX(入力!$F$9:$F$58,$AB11)) | S11: =IF($AB11="","",INDEX(入力!$C$9:$C$58,$AB11)) | T11: =IF($AB11="","",INDEX(入力!$D$9:$D$58,$AB11)) | U11: =IF($AB11="","",INDEX(入力!$E$9:$E$58,$AB11)) | Z11: =IFERROR(MATCH(ROW()-1,入力!$N$9:$N$58,0),"") | AA11: =IF(ROW()-1>COUNTIF(入力!$L$9:$L$58,">-9.9E+98"),"",IFERROR(MATCH(LARGE(入力!$L$9:$L$58,ROW()-1),入力!$L$9:$L$58,0),"")) | AB11: =IF(ROW()-1>COUNTIF(入力!$M$9:$M$58,">-9.9E+98"),"",IFERROR(MATCH(LARGE(入力!$M$9:$M$58,ROW()-1),入力!$M$9:$M$58,0),"")) | AC11: =入力!$B$5 -> 1.6 | AD11: =入力!$C$5 -> 1.6
A12: =IF($Z12="","",INDEX(入力!$B$9:$B$58,$Z12)) | B12: =IF($Z12="","",IF(INDEX(入力!$C$9:$C$58,$Z12)="","",INDEX(入力!$C$9:$C$58,$Z12))) | C12: =IF($Z12="","",IF(INDEX(入力!$D$9:$D$58,$Z12)="","",INDEX(入力!$D$9:$D$58,$Z12))) | D12: =IF($Z12="","",INDEX(入力!$E$9:$E$58,$Z12)) | E12: =IF($Z12="","",INDEX(入力!$F$9:$F$58,$Z12)) | F12: =IF($Z12="","",INDEX(入力!$J$9:$J$58,$Z12)) | G12: =IF($Z12="","",INDEX(入力!$K$9:$K$58,$Z12)) | I12: =IF($AA12="","",INDEX(入力!$B$9:$B$58,$AA12)) | J12: =IF($AA12="","",INDEX(入力!$C$9:$C$58,$AA12)) | K12: =IF($AA12="","",INDEX(入力!$D$9:$D$58,$AA12)) | L12: =IF($AA12="","",INDEX(入力!$E$9:$E$58,$AA12)) | M12: =IF($AA12="","",INDEX(入力!$I$9:$I$58,$AA12)) | N12: =IF($AA12="","",INDEX(入力!$J$9:$J$58,$AA12)) | O12: =IF($AA12="","",INDEX(入力!$K$9:$K$58,$AA12)) | Q12: =IF($AB12="","",INDEX(入力!$B$9:$B$58,$AB12)) | R12: =IF($AB12="","",INDEX(入力!$F$9:$F$58,$AB12)) | S12: =IF($AB12="","",INDEX(入力!$C$9:$C$58,$AB12)) | T12: =IF($AB12="","",INDEX(入力!$D$9:$D$58,$AB12)) | U12: =IF($AB12="","",INDEX(入力!$E$9:$E$58,$AB12)) | Z12: =IFERROR(MATCH(ROW()-1,入力!$N$9:$N$58,0),"") | AA12: =IF(ROW()-1>COUNTIF(入力!$L$9:$L$58,">-9.9E+98"),"",IFERROR(MATCH(LARGE(入力!$L$9:$L$58,ROW()-1),入力!$L$9:$L$58,0),"")) | AB12: =IF(ROW()-1>COUNTIF(入力!$M$9:$M$58,">-9.9E+98"),"",IFERROR(MATCH(LARGE(入力!$M$9:$M$58,ROW()-1),入力!$M$9:$M$58,0),"")) | AC12: =入力!$B$5 -> 1.6 | AD12: =入力!$C$5 -> 1.6
A13: =IF($Z13="","",INDEX(入力!$B$9:$B$58,$Z13)) | B13: =IF($Z13="","",IF(INDEX(入力!$C$9:$C$58,$Z13)="","",INDEX(入力!$C$9:$C$58,$Z13))) | C13: =IF($Z13="","",IF(INDEX(入力!$D$9:$D$58,$Z13)="","",INDEX(入力!$D$9:$D$58,$Z13))) | D13: =IF($Z13="","",INDEX(入力!$E$9:$E$58,$Z13)) | E13: =IF($Z13="","",INDEX(入力!$F$9:$F$58,$Z13)) | F13: =IF($Z13="","",INDEX(入力!$J$9:$J$58,$Z13)) | G13: =IF($Z13="","",INDEX(入力!$K$9:$K$58,$Z13)) | I13: =IF($AA13="","",INDEX(入力!$B$9:$B$58,$AA13)) | J13: =IF($AA13="","",INDEX(入力!$C$9:$C$58,$AA13)) | K13: =IF($AA13="","",INDEX(入力!$D$9:$D$58,$AA13)) | L13: =IF($AA13="","",INDEX(入力!$E$9:$E$58,$AA13)) | M13: =IF($AA13="","",INDEX(入力!$I$9:$I$58,$AA13)) | N13: =IF($AA13="","",INDEX(入力!$J$9:$J$58,$AA13)) | O13: =IF($AA13="","",INDEX(入力!$K$9:$K$58,$AA13)) | Q13: =IF($AB13="","",INDEX(入力!$B$9:$B$58,$AB13)) | R13: =IF($AB13="","",INDEX(入力!$F$9:$F$58,$AB13)) | S13: =IF($AB13="","",INDEX(入力!$C$9:$C$58,$AB13)) | T13: =IF($AB13="","",INDEX(入力!$D$9:$D$58,$AB13)) | U13: =IF($AB13="","",INDEX(入力!$E$9:$E$58,$AB13)) | Z13: =IFERROR(MATCH(ROW()-1,入力!$N$9:$N$58,0),"") | AA13: =IF(ROW()-1>COUNTIF(入力!$L$9:$L$58,">-9.9E+98"),"",IFERROR(MATCH(LARGE(入力!$L$9:$L$58,ROW()-1),入力!$L$9:$L$58,0),"")) | AB13: =IF(ROW()-1>COUNTIF(入力!$M$9:$M$58,">-9.9E+98"),"",IFERROR(MATCH(LARGE(入力!$M$9:$M$58,ROW()-1),入力!$M$9:$M$58,0),"")) | AC13: =入力!$B$5 -> 1.6 | AD13: =入力!$C$5 -> 1.6
A14: =IF($Z14="","",INDEX(入力!$B$9:$B$58,$Z14)) | B14: =IF($Z14="","",IF(INDEX(入力!$C$9:$C$58,$Z14)="","",INDEX(入力!$C$9:$C$58,$Z14))) | C14: =IF($Z14="","",IF(INDEX(入力!$D$9:$D$58,$Z14)="","",INDEX(入力!$D$9:$D$58,$Z14))) | D14: =IF($Z14="","",INDEX(入力!$E$9:$E$58,$Z14)) | E14: =IF($Z14="","",INDEX(入力!$F$9:$F$58,$Z14)) | F14: =IF($Z14="","",INDEX(入力!$J$9:$J$58,$Z14)) | G14: =IF($Z14="","",INDEX(入力!$K$9:$K$58,$Z14)) | I14: =IF($AA14="","",INDEX(入力!$B$9:$B$58,$AA14)) | J14: =IF($AA14="","",INDEX(入力!$C$9:$C$58,$AA14)) | K14: =IF($AA14="","",INDEX(入力!$D$9:$D$58,$AA14)) | L14: =IF($AA14="","",INDEX(入力!$E$9:$E$58,$AA14)) | M14: =IF($AA14="","",INDEX(入力!$I$9:$I$58,$AA14)) | N14: =IF($AA14="","",INDEX(入力!$J$9:$J$58,$AA14)) | O14: =IF($AA14="","",INDEX(入力!$K$9:$K$58,$AA14)) | Q14: =IF($AB14="","",INDEX(入力!$B$9:$B$58,$AB14)) | R14: =IF($AB14="","",INDEX(入力!$F$9:$F$58,$AB14)) | S14: =IF($AB14="","",INDEX(入力!$C$9:$C$58,$AB14)) | T14: =IF($AB14="","",INDEX(入力!$D$9:$D$58,$AB14)) | U14: =IF($AB14="","",INDEX(入力!$E$9:$E$58,$AB14)) | Z14: =IFERROR(MATCH(ROW()-1,入力!$N$9:$N$58,0),"") | AA14: =IF(ROW()-1>COUNTIF(入力!$L$9:$L$58,">-9.9E+98"),"",IFERROR(MATCH(LARGE(入力!$L$9:$L$58,ROW()-1),入力!$L$9:$L$58,0),"")) | AB14: =IF(ROW()-1>COUNTIF(入力!$M$9:$M$58,">-9.9E+98"),"",IFERROR(MATCH(LARGE(入力!$M$9:$M$58,ROW()-1),入力!$M$9:$M$58,0),"")) | AC14: =入力!$B$5 -> 1.6 | AD14: =入力!$C$5 -> 1.6
A15: =IF($Z15="","",INDEX(入力!$B$9:$B$58,$Z15)) | B15: =IF($Z15="","",IF(INDEX(入力!$C$9:$C$58,$Z15)="","",INDEX(入力!$C$9:$C$58,$Z15))) | C15: =IF($Z15="","",IF(INDEX(入力!$D$9:$D$58,$Z15)="","",INDEX(入力!$D$9:$D$58,$Z15))) | D15: =IF($Z15="","",INDEX(入力!$E$9:$E$58,$Z15)) | E15: =IF($Z15="","",INDEX(入力!$F$9:$F$58,$Z15)) | F15: =IF($Z15="","",INDEX(入力!$J$9:$J$58,$Z15)) | G15: =IF($Z15="","",INDEX(入力!$K$9:$K$58,$Z15)) | I15: =IF($AA15="","",INDEX(入力!$B$9:$B$58,$AA15)) | J15: =IF($AA15="","",INDEX(入力!$C$9:$C$58,$AA15)) | K15: =IF($AA15="","",INDEX(入力!$D$9:$D$58,$AA15)) | L15: =IF($AA15="","",INDEX(入力!$E$9:$E$58,$AA15)) | M15: =IF($AA15="","",INDEX(入力!$I$9:$I$58,$AA15)) | N15: =IF($AA15="","",INDEX(入力!$J$9:$J$58,$AA15)) | O15: =IF($AA15="","",INDEX(入力!$K$9:$K$58,$AA15)) | Q15: =IF($AB15="","",INDEX(入力!$B$9:$B$58,$AB15)) | R15: =IF($AB15="","",INDEX(入力!$F$9:$F$58,$AB15)) | S15: =IF($AB15="","",INDEX(入力!$C$9:$C$58,$AB15)) | T15: =IF($AB15="","",INDEX(入力!$D$9:$D$58,$AB15)) | U15: =IF($AB15="","",INDEX(入力!$E$9:$E$58,$AB15)) | Z15: =IFERROR(MATCH(ROW()-1,入力!$N$9:$N$58,0),"") | AA15: =IF(ROW()-1>COUNTIF(入力!$L$9:$L$58,">-9.9E+98"),"",IFERROR(MATCH(LARGE(入力!$L$9:$L$58,ROW()-1),入力!$L$9:$L$58,0),"")) | AB15: =IF(ROW()-1>COUNTIF(入力!$M$9:$M$58,">-9.9E+98"),"",IFERROR(MATCH(LARGE(入力!$M$9:$M$58,ROW()-1),入力!$M$9:$M$58,0),"")) | AC15: =入力!$B$5 -> 1.6 | AD15: =入力!$C$5 -> 1.6
... A51: =IF($Z51="","",INDEX(入力!$B$9:$B$58,$Z51)) | B51: =IF($Z51="","",IF(INDEX(入力!$C$9:$C$58,$Z51)="","",INDEX(入力!$C$9:$C$58,$Z51))) | C51: =IF($Z51="","",IF(INDEX(入力!$D$9:$D$58,$Z51)="","",INDEX(入力!$D$9:$D$58,$Z51))) | D51: =IF($Z51="","",INDEX(入力!$E$9:$E$58,$Z51)) | E51: =IF($Z51="","",INDEX(入力!$F$9:$F$58,$Z51)) | F51: =IF($Z51="","",INDEX(入力!$J$9:$J$58,$Z51)) | G51: =IF($Z51="","",INDEX(入力!$K$9:$K$58,$Z51)) | I51: =IF($AA51="","",INDEX(入力!$B$9:$B$58,$AA51)) | J51: =IF($AA51="","",INDEX(入力!$C$9:$C$58,$AA51)) | K51: =IF($AA51="","",INDEX(入力!$D$9:$D$58,$AA51)) | L51: =IF($AA51="","",INDEX(入力!$E$9:$E$58,$AA51)) | M51: =IF($AA51="","",INDEX(入力!$I$9:$I$58,$AA51)) | N51: =IF($AA51="","",INDEX(入力!$J$9:$J$58,$AA51)) | O51: =IF($AA51="","",INDEX(入力!$K$9:$K$58,$AA51)) | Q51: =IF($AB51="","",INDEX(入力!$B$9:$B$58,$AB51)) | R51: =IF($AB51="","",INDEX(入力!$F$9:$F$58,$AB51)) | S51: =IF($AB51="","",INDEX(入力!$C$9:$C$58,$AB51)) | T51: =IF($AB51="","",INDEX(入力!$D$9:$D$58,$AB51)) | U51: =IF($AB51="","",INDEX(入力!$E$9:$E$58,$AB51)) | Z51: =IFERROR(MATCH(ROW()-1,入力!$N$9:$N$58,0),"") | AA51: =IF(ROW()-1>COUNTIF(入力!$L$9:$L$58,">-9.9E+98"),"",IFERROR(MATCH(LARGE(入力!$L$9:$L$58,ROW()-1),入力!$L$9:$L$58,0),"")) | AB51: =IF(ROW()-1>COUNTIF(入力!$M$9:$M$58,">-9.9E+98"),"",IFERROR(MATCH(LARGE(入力!$M$9:$M$58,ROW()-1),入力!$M$9:$M$58,0),"")) | AC51: =入力!$B$5 -> 1.6 | AD51: =入力!$C$5 -> 1.6
A53: ="ピッキング目標 "&TEXT(入力!$B$5,"0.0")&"分" -> ピッキング目標 1.6分
A54: ="梱包目標 "&TEXT(入力!$C$5,"0.0")&"分" -> 梱包目標 1.6分

Sheet 使い方
A1: 個人別 作業達成度と改善分析テンプレート｜使い方
A3: 手順 | B3: やること | C3: 説明
A4: 1 | B4: まず入力 | C4: 「入力」シートの黄色セルに、担当者名・ピッキング実績・梱包実績を入力します。最大50人です。
A5: 2 | B5: ダッシュボードが最初に開く | C5: この版では「ダッシュボード」シートを先頭・アクティブにしてあります。
A6: 3 | B6: ②は縦棒グラフ | C6: ②はピッキング・梱包を担当者ごとに並べた縦棒グラフです。目標線（点線）より高い工程が改善対象です。
A7: 4 | B7: ③マトリクス | C7: 入力した全員の名前を直接表示します。50人全員だと密集するため、文字サイズは小さめです。
A8: 5 | B8: 間隔 | C8: ①②③④の間隔を大きく空け、下にスクロールしながら確認する設計です。
A9: 6 | B9: 表示倍率 | C9: 70%前後推奨です。Excelで保存し直すと表示が安定します。
