Workbook

Sheet 集計表
A1: 作業者名 | B1: バラ検品 | C1: バラ検品即 | D1: 梱包 | E1: 合計
A2: 佐藤 辰成 | B2: =COUNTIFS('20260401'!$C$2:$C$1000,B$1,'20260401'!$E$2:$E$1000,$A2)+COUNTIFS('20260401'!$C$2:$C$1000,B$1,'20260401'!$E$2:$E$1000,SUBSTITUTE($A2," "," "))+COUNTIFS('20260402'!$C$2:$C$1000,B$1,'20260402'!$E$2:$E$1000,$A2)+COUNTIFS('20260402'!$C$2:$C$1000,B$1,'20260402'!$E$2:$E$1000,SUBSTITUTE($A2," "," "))+COUNTIFS('20260403'!$C$2:$C$1000,B$1,'20260403'!$E$2:$E$1000,$A2)+COUNTIFS('20260403'!$C$2:$C$1000,B$1,'20260403'!$E$2:$E$1000,SUBSTITUTE($A2," "," "))+COUNTIFS('20260406'!$C$2:$C$1000,B$1,'20260406'!$E$2:$E$1000,$A2)+COUNTIFS('20260406'!$C$2:$C$1000,B$1,'20260406'!$E$2:$E$1000,SUBSTITUTE($A2," "," "))+COUNTIFS('20260407'!$C$2:$C$1000,B$1,'20260407'!$E$2:$E$1000,$A2)+COUNTIFS('20260407'!$C$2:$C$1000,B$1,'20260407'!$E$2:$E$1000,SUBSTITUTE($A2," "," "))+COUNTIFS('20260408'!$C$2:$C$1000,B$1,'20260408'!$E$2:$E$1000,$A2)+COUNTIFS('20260408'!$C$2:$C$1000,B$1,'20260408'!$E$2:$E$1000,SUBSTITUTE($A2," "," "))+COUNTIFS('20260409'!$C$2:$C$1000,B$1,'20260409'!$E$2:$E$1000,$A2)+COUNTIFS('20260409'!$C$2:$C$1000,B$1,'20260409'!$E$2:$E$1000,SUBSTITUTE($A2," "," "))+COUNTIFS('20260410'!$C$2:$C$1000,B$1,'20260410'!$E$2:$E$1000,$A2)+COUNTIFS('20260410'!$C$2:$C$1000,B$1,'20260410'!$E$2:$E$1000,SUBSTITUTE($A2," "," "))+COUNTIFS('20260413'!$C$2:$C$1000,B$1,'20260413'!$E$2:$E$1000,$A2)+COUNTIFS('20260413'!$C$2:$C$1000,B$1,'20260413'!$E$2:$E$1000,SUBSTITUTE($A2," "," "))+COUNTIFS('20260414'!$C$2:$C$1000,B$1,'20260414'!$E$2:$E$1000,$A2)+COUNTIFS('20260414'!$C$2:$C$1000,B$1,'20260414'!$E$2:$E$1000,SUBSTITUTE($A2," "," "))+COUNTIFS('20260415'!$C$2:$C$1000,B$1,'20260415'!$E$2:$E$1000,$A2)+COUNTIFS('20260415'!$C$2:$C$1000,B$1,'20260415'!$E$2:$E$1000,SUBSTITUTE($A2," "," "))+COUNTIFS('20260416'!$C$2:$C$1000,B$1,'20260416'!$E$2:$E$1000,$A2)+COUNTIFS('20260416'!$C$2:$C$1000,B$1,'20260416'!$E$2:$E$1000,SUBSTITUTE($A2," "," "))+COUNTIFS('20260417'!$C$2:$C$1000,B$1,'20260417'!$E$2:$E$1000,$A2)+COUNTIFS('20260417'!$C$2:$C$1000,B$1,'20260417'!$E$2:$E$1000,SUBSTITUTE($A2," "," "))+COUNTIFS('20260420'!$C$2:$C$1000,B$1,'20260420'!$E$2:$E$1000,$A2)+COUNTIFS('20260420'!$C$2:$C$1000,B$1,'20260420'!$E$2:$E$1000,SUBSTITUTE($A2," "," "))+COUNTIFS('20260421'!$C$2:$C$1000,B$1,'20260421'!$E$2:$E$1000,$A2)+COUNTIFS('20260421'!$C$2:$C$1000,B$1,'20260421'!$E$2:$E$1000,SUBSTITUTE($A2," "," "))+COUNTIFS('20260422'!$C$2:$C$1000,B$1,'20260422'!$E$2:$E$1000,$A2)+COUNTIFS('20260422'!$C$2:$C$1000,B$1,'20260422'!$E$2:$E$1000,SUBSTITUTE($A2," "," "))+COUNTIFS('20260423'!$C$2:$C$1000,B$1,'20260423'!$E$2:$E$1000,$A2)+COUNTIFS('20260423'!$C$2:$C$1000,B$1,'20260423'!$E$2:$E$1000,SUBSTITUTE($A2," "," "))+COUNTIFS('20260424'!$C$2:$C$1000,B$1,'20260424'!$E$2:$E$1000,$A2)+COUNTIFS('20260424'!$C$2:$C$1000,B$1,'20260424'!$E$2:$E$1000,SUBSTITUTE($A2," "," "))+COUNTIFS('20260427'!$C$2:$C$1000,B$1,'20260427'!$E$2:$E$1000,$A2)+COUNTIFS('20260427'!$C$2:$C$1000,B$1,'20260427'!$E$2:$E$1000,SUBSTITUTE($A2," "," "))+COUNTIFS('20260428'!$C$2:$C$1000,B$1,'20260428'!$E$2:$E$1000,$A2)+COUNTIFS('20260428'!$C$2:$C$1000,B$1,'20260428'!$E$2:$E$1000,SUBSTITUTE($A2," "," "))+COUNTIFS('20260430'!$C$2:$C$1000,B$1,'20260430'!$E$2:$E$1000,$A2)+COUNTIFS('20260430'!$C$2:$C$1000,B$1,'20260430'!$E$2:$E$1000,SUBSTITUTE($A2," "," ")) | C2: =COUNTIFS('20260401'!$C$2:$C$1000,C$1,'20260401'!$E$2:$E$1000,$A2)+COUNTIFS('20260401'!$C$2:$C$1000,C$1,'20260401'!$E$2:$E$1000,SUBSTITUTE($A2," "," "))+COUNTIFS('20260402'!$C$2:$C$1000,C$1,'20260402'!$E$2:$E$1000,$A2)+COUNTIFS('20260402'!$C$2:$C$1000,C$1,'20260402'!$E$2:$E$1000,SUBSTITUTE($A2," "," "))+COUNTIFS('20260403'!$C$2:$C$1000,C$1,'20260403'!$E$2:$E$1000,$A2)+COUNTIFS('20260403'!$C$2:$C$1000,C$1,'20260403'!$E$2:$E$1000,SUBSTITUTE($A2," "," "))+COUNTIFS('20260406'!$C$2:$C$1000,C$1,'20260406'!$E$2:$E$1000,$A2)+COUNTIFS('20260406'!$C$2:$C$1000,C$1,'20260406'!$E$2:$E$1000,SUBSTITUTE($A2," "," "))+COUNTIFS('20260407'!$C$2:$C$1000,C$1,'20260407'!$E$2:$E$1000,$A2)+COUNTIFS('20260407'!$C$2:$C$1000,C$1,'20260407'!$E$2:$E$1000,SUBSTITUTE($A2," "," "))+COUNTIFS('20260408'!$C$2:$C$1000,C$1,'20260408'!$E$2:$E$1000,$A2)+COUNTIFS('20260408'!$C$2:$C$1000,C$1,'20260408'!$E$2:$E$1000,SUBSTITUTE($A2," "," "))+COUNTIFS('20260409'!$C$2:$C$1000,C$1,'20260409'!$E$2:$E$1000,$A2)+COUNTIFS('20260409'!$C$2:$C$1000,C$1,'20260409'!$E$2:$E$1000,SUBSTITUTE($A2," "," "))+COUNTIFS('20260410'!$C$2:$C$1000,C$1,'20260410'!$E$2:$E$1000,$A2)+COUNTIFS('20260410'!$C$2:$C$1000,C$1,'20260410'!$E$2:$E$1000,SUBSTITUTE($A2," "," "))+COUNTIFS('20260413'!$C$2:$C$1000,C$1,'20260413'!$E$2:$E$1000,$A2)+COUNTIFS('20260413'!$C$2:$C$1000,C$1,'20260413'!$E$2:$E$1000,SUBSTITUTE($A2," "," "))+COUNTIFS('20260414'!$C$2:$C$1000,C$1,'20260414'!$E$2:$E$1000,$A2)+COUNTIFS('20260414'!$C$2:$C$1000,C$1,'20260414'!$E$2:$E$1000,SUBSTITUTE($A2," "," "))+COUNTIFS('20260415'!$C$2:$C$1000,C$1,'20260415'!$E$2:$E$1000,$A2)+COUNTIFS('20260415'!$C$2:$C$1000,C$1,'20260415'!$E$2:$E$1000,SUBSTITUTE($A2," "," "))+COUNTIFS('20260416'!$C$2:$C$1000,C$1,'20260416'!$E$2:$E$1000,$A2)+COUNTIFS('20260416'!$C$2:$C$1000,C$1,'20260416'!$E$2:$E$1000,SUBSTITUTE($A2," "," "))+COUNTIFS('20260417'!$C$2:$C$1000,C$1,'20260417'!$E$2:$E$1000,$A2)+COUNTIFS('20260417'!$C$2:$C$1000,C$1,'20260417'!$E$2:$E$1000,SUBSTITUTE($A2," "," "))+COUNTIFS('20260420'!$C$2:$C$1000,C$1,'20260420'!$E$2:$E$1000,$A2)+COUNTIFS('20260420'!$C$2:$C$1000,C$1,'20260420'!$E$2:$E$1000,SUBSTITUTE($A2," "," "))+COUNTIFS('20260421'!$C$2:$C$1000,C$1,'20260421'!$E$2:$E$1000,$A2)+COUNTIFS('20260421'!$C$2:$C$1000,C$1,'20260421'!$E$2:$E$1000,SUBSTITUTE($A2," "," "))+COUNTIFS('20260422'!$C$2:$C$1000,C$1,'20260422'!$E$2:$E$1000,$A2)+COUNTIFS('20260422'!$C$2:$C$1000,C$1,'20260422'!$E$2:$E$1000,SUBSTITUTE($A2," "," "))+COUNTIFS('20260423'!$C$2:$C$1000,C$1,'20260423'!$E$2:$E$1000,$A2)+COUNTIFS('20260423'!$C$2:$C$1000,C$1,'20260423'!$E$2:$E$1000,SUBSTITUTE($A2," "," "))+COUNTIFS('20260424'!$C$2:$C$1000,C$1,'20260424'!$E$2:$E$1000,$A2)+COUNTIFS('20260424'!$C$2:$C$1000,C$1,'20260424'!$E$2:$E$1000,SUBSTITUTE($A2," "," "))+COUNTIFS('20260427'!$C$2:$C$1000,C$1,'20260427'!$E$2:$E$1000,$A2)+COUNTIFS('20260427'!$C$2:$C$1000,C$1,'20260427'!$E$2:$E$1000,SUBSTITUTE($A2," "," "))+COUNTIFS('20260428'!$C$2:$C$1000,C$1,'20260428'!$E$2:$E$1000,$A2)+COUNTIFS('20260428'!$C$2:$C$1000,C$1,'20260428'!$E$2:$E$1000,SUBSTITUTE($A2," "," "))+COUNTIFS('20260430'!$C$2:$C$1000,C$1,'20260430'!$E$2:$E$1000,$A2)+COUNTIFS('20260430'!$C$2:$C$1000,C$1,'20260430'!$E$2:$E$1000,SUBSTITUTE($A2," "," ")) | D2: =COUNTIFS('20260401'!$C$2:$C$1000,D$1,'20260401'!$E$2:$E$1000,$A2)+COUNTIFS('20260401'!$C$2:$C$1000,D$1,'20260401'!$E$2:$E$1000,SUBSTITUTE($A2," "," "))+COUNTIFS('20260402'!$C$2:$C$1000,D$1,'20260402'!$E$2:$E$1000,$A2)+COUNTIFS('20260402'!$C$2:$C$1000,D$1,'20260402'!$E$2:$E$1000,SUBSTITUTE($A2," "," "))+COUNTIFS('20260403'!$C$2:$C$1000,D$1,'20260403'!$E$2:$E$1000,$A2)+COUNTIFS('20260403'!$C$2:$C$1000,D$1,'20260403'!$E$2:$E$1000,SUBSTITUTE($A2," "," "))+COUNTIFS('20260406'!$C$2:$C$1000,D$1,'20260406'!$E$2:$E$1000,$A2)+COUNTIFS('20260406'!$C$2:$C$1000,D$1,'20260406'!$E$2:$E$1000,SUBSTITUTE($A2," "," "))+COUNTIFS('20260407'!$C$2:$C$1000,D$1,'20260407'!$E$2:$E$1000,$A2)+COUNTIFS('20260407'!$C$2:$C$1000,D$1,'20260407'!$E$2:$E$1000,SUBSTITUTE($A2," "," "))+COUNTIFS('20260408'!$C$2:$C$1000,D$1,'20260408'!$E$2:$E$1000,$A2)+COUNTIFS('20260408'!$C$2:$C$1000,D$1,'20260408'!$E$2:$E$1000,SUBSTITUTE($A2," "," "))+COUNTIFS('20260409'!$C$2:$C$1000,D$1,'20260409'!$E$2:$E$1000,$A2)+COUNTIFS('20260409'!$C$2:$C$1000,D$1,'20260409'!$E$2:$E$1000,SUBSTITUTE($A2," "," "))+COUNTIFS('20260410'!$C$2:$C$1000,D$1,'20260410'!$E$2:$E$1000,$A2)+COUNTIFS('20260410'!$C$2:$C$1000,D$1,'20260410'!$E$2:$E$1000,SUBSTITUTE($A2," "," "))+COUNTIFS('20260413'!$C$2:$C$1000,D$1,'20260413'!$E$2:$E$1000,$A2)+COUNTIFS('20260413'!$C$2:$C$1000,D$1,'20260413'!$E$2:$E$1000,SUBSTITUTE($A2," "," "))+COUNTIFS('20260414'!$C$2:$C$1000,D$1,'20260414'!$E$2:$E$1000,$A2)+COUNTIFS('20260414'!$C$2:$C$1000,D$1,'20260414'!$E$2:$E$1000,SUBSTITUTE($A2," "," "))+COUNTIFS('20260415'!$C$2:$C$1000,D$1,'20260415'!$E$2:$E$1000,$A2)+COUNTIFS('20260415'!$C$2:$C$1000,D$1,'20260415'!$E$2:$E$1000,SUBSTITUTE($A2," "," "))+COUNTIFS('20260416'!$C$2:$C$1000,D$1,'20260416'!$E$2:$E$1000,$A2)+COUNTIFS('20260416'!$C$2:$C$1000,D$1,'20260416'!$E$2:$E$1000,SUBSTITUTE($A2," "," "))+COUNTIFS('20260417'!$C$2:$C$1000,D$1,'20260417'!$E$2:$E$1000,$A2)+COUNTIFS('20260417'!$C$2:$C$1000,D$1,'20260417'!$E$2:$E$1000,SUBSTITUTE($A2," "," "))+COUNTIFS('20260420'!$C$2:$C$1000,D$1,'20260420'!$E$2:$E$1000,$A2)+COUNTIFS('20260420'!$C$2:$C$1000,D$1,'20260420'!$E$2:$E$1000,SUBSTITUTE($A2," "," "))+COUNTIFS('20260421'!$C$2:$C$1000,D$1,'20260421'!$E$2:$E$1000,$A2)+COUNTIFS('20260421'!$C$2:$C$1000,D$1,'20260421'!$E$2:$E$1000,SUBSTITUTE($A2," "," "))+COUNTIFS('20260422'!$C$2:$C$1000,D$1,'20260422'!$E$2:$E$1000,$A2)+COUNTIFS('20260422'!$C$2:$C$1000,D$1,'20260422'!$E$2:$E$1000,SUBSTITUTE($A2," "," "))+COUNTIFS('20260423'!$C$2:$C$1000,D$1,'20260423'!$E$2:$E$1000,$A2)+COUNTIFS('20260423'!$C$2:$C$1000,D$1,'20260423'!$E$2:$E$1000,SUBSTITUTE($A2," "," "))+COUNTIFS('20260424'!$C$2:$C$1000,D$1,'20260424'!$E$2:$E$1000,$A2)+COUNTIFS('20260424'!$C$2:$C$1000,D$1,'20260424'!$E$2:$E$1000,SUBSTITUTE($A2," "," "))+COUNTIFS('20260427'!$C$2:$C$1000,D$1,'20260427'!$E$2:$E$1000,$A2)+COUNTIFS('20260427'!$C$2:$C$1000,D$1,'20260427'!$E$2:$E$1000,SUBSTITUTE($A2," "," "))+COUNTIFS('20260428'!$C$2:$C$1000,D$1,'20260428'!$E$2:$E$1000,$A2)+COUNTIFS('20260428'!$C$2:$C$1000,D$1,'20260428'!$E$2:$E$1000,SUBSTITUTE($A2," "," "))+COUNTIFS('20260430'!$C$2:$C$1000,D$1,'20260430'!$E$2:$E$1000,$A2)+COUNTIFS('20260430'!$C$2:$C$1000,D$1,'20260430'!$E$2:$E$1000,SUBSTITUTE($A2," "," ")) | E2: =SUM(B2:D2)
A3: 河野 忠 | B3: =COUNTIFS('20260401'!$C$2:$C$1000,B$1,'20260401'!$E$2:$E$1000,$A3)+COUNTIFS('20260401'!$C$2:$C$1000,B$1,'20260401'!$E$2:$E$1000,SUBSTITUTE($A3," "," "))+COUNTIFS('20260402'!$C$2:$C$1000,B$1,'20260402'!$E$2:$E$1000,$A3)+COUNTIFS('20260402'!$C$2:$C$1000,B$1,'20260402'!$E$2:$E$1000,SUBSTITUTE($A3," "," "))+COUNTIFS('20260403'!$C$2:$C$1000,B$1,'20260403'!$E$2:$E$1000,$A3)+COUNTIFS('20260403'!$C$2:$C$1000,B$1,'20260403'!$E$2:$E$1000,SUBSTITUTE($A3," "," "))+COUNTIFS('20260406'!$C$2:$C$1000,B$1,'20260406'!$E$2:$E$1000,$A3)+COUNTIFS('20260406'!$C$2:$C$1000,B$1,'20260406'!$E$2:$E$1000,SUBSTITUTE($A3," "," "))+COUNTIFS('20260407'!$C$2:$C$1000,B$1,'20260407'!$E$2:$E$1000,$A3)+COUNTIFS('20260407'!$C$2:$C$1000,B$1,'20260407'!$E$2:$E$1000,SUBSTITUTE($A3," "," "))+COUNTIFS('20260408'!$C$2:$C$1000,B$1,'20260408'!$E$2:$E$1000,$A3)+COUNTIFS('20260408'!$C$2:$C$1000,B$1,'20260408'!$E$2:$E$1000,SUBSTITUTE($A3," "," "))+COUNTIFS('20260409'!$C$2:$C$1000,B$1,'20260409'!$E$2:$E$1000,$A3)+COUNTIFS('20260409'!$C$2:$C$1000,B$1,'20260409'!$E$2:$E$1000,SUBSTITUTE($A3," "," "))+COUNTIFS('20260410'!$C$2:$C$1000,B$1,'20260410'!$E$2:$E$1000,$A3)+COUNTIFS('20260410'!$C$2:$C$1000,B$1,'20260410'!$E$2:$E$1000,SUBSTITUTE($A3," "," "))+COUNTIFS('20260413'!$C$2:$C$1000,B$1,'20260413'!$E$2:$E$1000,$A3)+COUNTIFS('20260413'!$C$2:$C$1000,B$1,'20260413'!$E$2:$E$1000,SUBSTITUTE($A3," "," "))+COUNTIFS('20260414'!$C$2:$C$1000,B$1,'20260414'!$E$2:$E$1000,$A3)+COUNTIFS('20260414'!$C$2:$C$1000,B$1,'20260414'!$E$2:$E$1000,SUBSTITUTE($A3," "," "))+COUNTIFS('20260415'!$C$2:$C$1000,B$1,'20260415'!$E$2:$E$1000,$A3)+COUNTIFS('20260415'!$C$2:$C$1000,B$1,'20260415'!$E$2:$E$1000,SUBSTITUTE($A3," "," "))+COUNTIFS('20260416'!$C$2:$C$1000,B$1,'20260416'!$E$2:$E$1000,$A3)+COUNTIFS('20260416'!$C$2:$C$1000,B$1,'20260416'!$E$2:$E$1000,SUBSTITUTE($A3," "," "))+COUNTIFS('20260417'!$C$2:$C$1000,B$1,'20260417'!$E$2:$E$1000,$A3)+COUNTIFS('20260417'!$C$2:$C$1000,B$1,'20260417'!$E$2:$E$1000,SUBSTITUTE($A3," "," "))+COUNTIFS('20260420'!$C$2:$C$1000,B$1,'20260420'!$E$2:$E$1000,$A3)+COUNTIFS('20260420'!$C$2:$C$1000,B$1,'20260420'!$E$2:$E$1000,SUBSTITUTE($A3," "," "))+COUNTIFS('20260421'!$C$2:$C$1000,B$1,'20260421'!$E$2:$E$1000,$A3)+COUNTIFS('20260421'!$C$2:$C$1000,B$1,'20260421'!$E$2:$E$1000,SUBSTITUTE($A3," "," "))+COUNTIFS('20260422'!$C$2:$C$1000,B$1,'20260422'!$E$2:$E$1000,$A3)+COUNTIFS('20260422'!$C$2:$C$1000,B$1,'20260422'!$E$2:$E$1000,SUBSTITUTE($A3," "," "))+COUNTIFS('20260423'!$C$2:$C$1000,B$1,'20260423'!$E$2:$E$1000,$A3)+COUNTIFS('20260423'!$C$2:$C$1000,B$1,'20260423'!$E$2:$E$1000,SUBSTITUTE($A3," "," "))+COUNTIFS('20260424'!$C$2:$C$1000,B$1,'20260424'!$E$2:$E$1000,$A3)+COUNTIFS('20260424'!$C$2:$C$1000,B$1,'20260424'!$E$2:$E$1000,SUBSTITUTE($A3," "," "))+COUNTIFS('20260427'!$C$2:$C$1000,B$1,'20260427'!$E$2:$E$1000,$A3)+COUNTIFS('20260427'!$C$2:$C$1000,B$1,'20260427'!$E$2:$E$1000,SUBSTITUTE($A3," "," "))+COUNTIFS('20260428'!$C$2:$C$1000,B$1,'20260428'!$E$2:$E$1000,$A3)+COUNTIFS('20260428'!$C$2:$C$1000,B$1,'20260428'!$E$2:$E$1000,SUBSTITUTE($A3," "," "))+COUNTIFS('20260430'!$C$2:$C$1000,B$1,'20260430'!$E$2:$E$1000,$A3)+COUNTIFS('20260430'!$C$2:$C$1000,B$1,'20260430'!$E$2:$E$1000,SUBSTITUTE($A3," "," ")) | C3: =COUNTIFS('20260401'!$C$2:$C$1000,C$1,'20260401'!$E$2:$E$1000,$A3)+COUNTIFS('20260401'!$C$2:$C$1000,C$1,'20260401'!$E$2:$E$1000,SUBSTITUTE($A3," "," "))+COUNTIFS('20260402'!$C$2:$C$1000,C$1,'20260402'!$E$2:$E$1000,$A3)+COUNTIFS('20260402'!$C$2:$C$1000,C$1,'20260402'!$E$2:$E$1000,SUBSTITUTE($A3," "," "))+COUNTIFS('20260403'!$C$2:$C$1000,C$1,'20260403'!$E$2:$E$1000,$A3)+COUNTIFS('20260403'!$C$2:$C$1000,C$1,'20260403'!$E$2:$E$1000,SUBSTITUTE($A3," "," "))+COUNTIFS('20260406'!$C$2:$C$1000,C$1,'20260406'!$E$2:$E$1000,$A3)+COUNTIFS('20260406'!$C$2:$C$1000,C$1,'20260406'!$E$2:$E$1000,SUBSTITUTE($A3," "," "))+COUNTIFS('20260407'!$C$2:$C$1000,C$1,'20260407'!$E$2:$E$1000,$A3)+COUNTIFS('20260407'!$C$2:$C$1000,C$1,'20260407'!$E$2:$E$1000,SUBSTITUTE($A3," "," "))+COUNTIFS('20260408'!$C$2:$C$1000,C$1,'20260408'!$E$2:$E$1000,$A3)+COUNTIFS('20260408'!$C$2:$C$1000,C$1,'20260408'!$E$2:$E$1000,SUBSTITUTE($A3," "," "))+COUNTIFS('20260409'!$C$2:$C$1000,C$1,'20260409'!$E$2:$E$1000,$A3)+COUNTIFS('20260409'!$C$2:$C$1000,C$1,'20260409'!$E$2:$E$1000,SUBSTITUTE($A3," "," "))+COUNTIFS('20260410'!$C$2:$C$1000,C$1,'20260410'!$E$2:$E$1000,$A3)+COUNTIFS('20260410'!$C$2:$C$1000,C$1,'20260410'!$E$2:$E$1000,SUBSTITUTE($A3," "," "))+COUNTIFS('20260413'!$C$2:$C$1000,C$1,'20260413'!$E$2:$E$1000,$A3)+COUNTIFS('20260413'!$C$2:$C$1000,C$1,'20260413'!$E$2:$E$1000,SUBSTITUTE($A3," "," "))+COUNTIFS('20260414'!$C$2:$C$1000,C$1,'20260414'!$E$2:$E$1000,$A3)+COUNTIFS('20260414'!$C$2:$C$1000,C$1,'20260414'!$E$2:$E$1000,SUBSTITUTE($A3," "," "))+COUNTIFS('20260415'!$C$2:$C$1000,C$1,'20260415'!$E$2:$E$1000,$A3)+COUNTIFS('20260415'!$C$2:$C$1000,C$1,'20260415'!$E$2:$E$1000,SUBSTITUTE($A3," "," "))+COUNTIFS('20260416'!$C$2:$C$1000,C$1,'20260416'!$E$2:$E$1000,$A3)+COUNTIFS('20260416'!$C$2:$C$1000,C$1,'20260416'!$E$2:$E$1000,SUBSTITUTE($A3," "," "))+COUNTIFS('20260417'!$C$2:$C$1000,C$1,'20260417'!$E$2:$E$1000,$A3)+COUNTIFS('20260417'!$C$2:$C$1000,C$1,'20260417'!$E$2:$E$1000,SUBSTITUTE($A3," "," "))+COUNTIFS('20260420'!$C$2:$C$1000,C$1,'20260420'!$E$2:$E$1000,$A3)+COUNTIFS('20260420'!$C$2:$C$1000,C$1,'20260420'!$E$2:$E$1000,SUBSTITUTE($A3," "," "))+COUNTIFS('20260421'!$C$2:$C$1000,C$1,'20260421'!$E$2:$E$1000,$A3)+COUNTIFS('20260421'!$C$2:$C$1000,C$1,'20260421'!$E$2:$E$1000,SUBSTITUTE($A3," "," "))+COUNTIFS('20260422'!$C$2:$C$1000,C$1,'20260422'!$E$2:$E$1000,$A3)+COUNTIFS('20260422'!$C$2:$C$1000,C$1,'20260422'!$E$2:$E$1000,SUBSTITUTE($A3," "," "))+COUNTIFS('20260423'!$C$2:$C$1000,C$1,'20260423'!$E$2:$E$1000,$A3)+COUNTIFS('20260423'!$C$2:$C$1000,C$1,'20260423'!$E$2:$E$1000,SUBSTITUTE($A3," "," "))+COUNTIFS('20260424'!$C$2:$C$1000,C$1,'20260424'!$E$2:$E$1000,$A3)+COUNTIFS('20260424'!$C$2:$C$1000,C$1,'20260424'!$E$2:$E$1000,SUBSTITUTE($A3," "," "))+COUNTIFS('20260427'!$C$2:$C$1000,C$1,'20260427'!$E$2:$E$1000,$A3)+COUNTIFS('20260427'!$C$2:$C$1000,C$1,'20260427'!$E$2:$E$1000,SUBSTITUTE($A3," "," "))+COUNTIFS('20260428'!$C$2:$C$1000,C$1,'20260428'!$E$2:$E$1000,$A3)+COUNTIFS('20260428'!$C$2:$C$1000,C$1,'20260428'!$E$2:$E$1000,SUBSTITUTE($A3," "," "))+COUNTIFS('20260430'!$C$2:$C$1000,C$1,'20260430'!$E$2:$E$1000,$A3)+COUNTIFS('20260430'!$C$2:$C$1000,C$1,'20260430'!$E$2:$E$1000,SUBSTITUTE($A3," "," ")) | D3: =COUNTIFS('20260401'!$C$2:$C$1000,D$1,'20260401'!$E$2:$E$1000,$A3)+COUNTIFS('20260401'!$C$2:$C$1000,D$1,'20260401'!$E$2:$E$1000,SUBSTITUTE($A3," "," "))+COUNTIFS('20260402'!$C$2:$C$1000,D$1,'20260402'!$E$2:$E$1000,$A3)+COUNTIFS('20260402'!$C$2:$C$1000,D$1,'20260402'!$E$2:$E$1000,SUBSTITUTE($A3," "," "))+COUNTIFS('20260403'!$C$2:$C$1000,D$1,'20260403'!$E$2:$E$1000,$A3)+COUNTIFS('20260403'!$C$2:$C$1000,D$1,'20260403'!$E$2:$E$1000,SUBSTITUTE($A3," "," "))+COUNTIFS('20260406'!$C$2:$C$1000,D$1,'20260406'!$E$2:$E$1000,$A3)+COUNTIFS('20260406'!$C$2:$C$1000,D$1,'20260406'!$E$2:$E$1000,SUBSTITUTE($A3," "," "))+COUNTIFS('20260407'!$C$2:$C$1000,D$1,'20260407'!$E$2:$E$1000,$A3)+COUNTIFS('20260407'!$C$2:$C$1000,D$1,'20260407'!$E$2:$E$1000,SUBSTITUTE($A3," "," "))+COUNTIFS('20260408'!$C$2:$C$1000,D$1,'20260408'!$E$2:$E$1000,$A3)+COUNTIFS('20260408'!$C$2:$C$1000,D$1,'20260408'!$E$2:$E$1000,SUBSTITUTE($A3," "," "))+COUNTIFS('20260409'!$C$2:$C$1000,D$1,'20260409'!$E$2:$E$1000,$A3)+COUNTIFS('20260409'!$C$2:$C$1000,D$1,'20260409'!$E$2:$E$1000,SUBSTITUTE($A3," "," "))+COUNTIFS('20260410'!$C$2:$C$1000,D$1,'20260410'!$E$2:$E$1000,$A3)+COUNTIFS('20260410'!$C$2:$C$1000,D$1,'20260410'!$E$2:$E$1000,SUBSTITUTE($A3," "," "))+COUNTIFS('20260413'!$C$2:$C$1000,D$1,'20260413'!$E$2:$E$1000,$A3)+COUNTIFS('20260413'!$C$2:$C$1000,D$1,'20260413'!$E$2:$E$1000,SUBSTITUTE($A3," "," "))+COUNTIFS('20260414'!$C$2:$C$1000,D$1,'20260414'!$E$2:$E$1000,$A3)+COUNTIFS('20260414'!$C$2:$C$1000,D$1,'20260414'!$E$2:$E$1000,SUBSTITUTE($A3," "," "))+COUNTIFS('20260415'!$C$2:$C$1000,D$1,'20260415'!$E$2:$E$1000,$A3)+COUNTIFS('20260415'!$C$2:$C$1000,D$1,'20260415'!$E$2:$E$1000,SUBSTITUTE($A3," "," "))+COUNTIFS('20260416'!$C$2:$C$1000,D$1,'20260416'!$E$2:$E$1000,$A3)+COUNTIFS('20260416'!$C$2:$C$1000,D$1,'20260416'!$E$2:$E$1000,SUBSTITUTE($A3," "," "))+COUNTIFS('20260417'!$C$2:$C$1000,D$1,'20260417'!$E$2:$E$1000,$A3)+COUNTIFS('20260417'!$C$2:$C$1000,D$1,'20260417'!$E$2:$E$1000,SUBSTITUTE($A3," "," "))+COUNTIFS('20260420'!$C$2:$C$1000,D$1,'20260420'!$E$2:$E$1000,$A3)+COUNTIFS('20260420'!$C$2:$C$1000,D$1,'20260420'!$E$2:$E$1000,SUBSTITUTE($A3," "," "))+COUNTIFS('20260421'!$C$2:$C$1000,D$1,'20260421'!$E$2:$E$1000,$A3)+COUNTIFS('20260421'!$C$2:$C$1000,D$1,'20260421'!$E$2:$E$1000,SUBSTITUTE($A3," "," "))+COUNTIFS('20260422'!$C$2:$C$1000,D$1,'20260422'!$E$2:$E$1000,$A3)+COUNTIFS('20260422'!$C$2:$C$1000,D$1,'20260422'!$E$2:$E$1000,SUBSTITUTE($A3," "," "))+COUNTIFS('20260423'!$C$2:$C$1000,D$1,'20260423'!$E$2:$E$1000,$A3)+COUNTIFS('20260423'!$C$2:$C$1000,D$1,'20260423'!$E$2:$E$1000,SUBSTITUTE($A3," "," "))+COUNTIFS('20260424'!$C$2:$C$1000,D$1,'20260424'!$E$2:$E$1000,$A3)+COUNTIFS('20260424'!$C$2:$C$1000,D$1,'20260424'!$E$2:$E$1000,SUBSTITUTE($A3," "," "))+COUNTIFS('20260427'!$C$2:$C$1000,D$1,'20260427'!$E$2:$E$1000,$A3)+COUNTIFS('20260427'!$C$2:$C$1000,D$1,'20260427'!$E$2:$E$1000,SUBSTITUTE($A3," "," "))+COUNTIFS('20260428'!$C$2:$C$1000,D$1,'20260428'!$E$2:$E$1000,$A3)+COUNTIFS('20260428'!$C$2:$C$1000,D$1,'20260428'!$E$2:$E$1000,SUBSTITUTE($A3," "," "))+COUNTIFS('20260430'!$C$2:$C$1000,D$1,'20260430'!$E$2:$E$1000,$A3)+COUNTIFS('20260430'!$C$2:$C$1000,D$1,'20260430'!$E$2:$E$1000,SUBSTITUTE($A3," "," ")) | E3: =SUM(B3:D3)
A4: 中納 沙織 | B4: =COUNTIFS('20260401'!$C$2:$C$1000,B$1,'20260401'!$E$2:$E$1000,$A4)+COUNTIFS('20260401'!$C$2:$C$1000,B$1,'20260401'!$E$2:$E$1000,SUBSTITUTE($A4," "," "))+COUNTIFS('20260402'!$C$2:$C$1000,B$1,'20260402'!$E$2:$E$1000,$A4)+COUNTIFS('20260402'!$C$2:$C$1000,B$1,'20260402'!$E$2:$E$1000,SUBSTITUTE($A4," "," "))+COUNTIFS('20260403'!$C$2:$C$1000,B$1,'20260403'!$E$2:$E$1000,$A4)+COUNTIFS('20260403'!$C$2:$C$1000,B$1,'20260403'!$E$2:$E$1000,SUBSTITUTE($A4," "," "))+COUNTIFS('20260406'!$C$2:$C$1000,B$1,'20260406'!$E$2:$E$1000,$A4)+COUNTIFS('20260406'!$C$2:$C$1000,B$1,'20260406'!$E$2:$E$1000,SUBSTITUTE($A4," "," "))+COUNTIFS('20260407'!$C$2:$C$1000,B$1,'20260407'!$E$2:$E$1000,$A4)+COUNTIFS('20260407'!$C$2:$C$1000,B$1,'20260407'!$E$2:$E$1000,SUBSTITUTE($A4," "," "))+COUNTIFS('20260408'!$C$2:$C$1000,B$1,'20260408'!$E$2:$E$1000,$A4)+COUNTIFS('20260408'!$C$2:$C$1000,B$1,'20260408'!$E$2:$E$1000,SUBSTITUTE($A4," "," "))+COUNTIFS('20260409'!$C$2:$C$1000,B$1,'20260409'!$E$2:$E$1000,$A4)+COUNTIFS('20260409'!$C$2:$C$1000,B$1,'20260409'!$E$2:$E$1000,SUBSTITUTE($A4," "," "))+COUNTIFS('20260410'!$C$2:$C$1000,B$1,'20260410'!$E$2:$E$1000,$A4)+COUNTIFS('20260410'!$C$2:$C$1000,B$1,'20260410'!$E$2:$E$1000,SUBSTITUTE($A4," "," "))+COUNTIFS('20260413'!$C$2:$C$1000,B$1,'20260413'!$E$2:$E$1000,$A4)+COUNTIFS('20260413'!$C$2:$C$1000,B$1,'20260413'!$E$2:$E$1000,SUBSTITUTE($A4," "," "))+COUNTIFS('20260414'!$C$2:$C$1000,B$1,'20260414'!$E$2:$E$1000,$A4)+COUNTIFS('20260414'!$C$2:$C$1000,B$1,'20260414'!$E$2:$E$1000,SUBSTITUTE($A4," "," "))+COUNTIFS('20260415'!$C$2:$C$1000,B$1,'20260415'!$E$2:$E$1000,$A4)+COUNTIFS('20260415'!$C$2:$C$1000,B$1,'20260415'!$E$2:$E$1000,SUBSTITUTE($A4," "," "))+COUNTIFS('20260416'!$C$2:$C$1000,B$1,'20260416'!$E$2:$E$1000,$A4)+COUNTIFS('20260416'!$C$2:$C$1000,B$1,'20260416'!$E$2:$E$1000,SUBSTITUTE($A4," "," "))+COUNTIFS('20260417'!$C$2:$C$1000,B$1,'20260417'!$E$2:$E$1000,$A4)+COUNTIFS('20260417'!$C$2:$C$1000,B$1,'20260417'!$E$2:$E$1000,SUBSTITUTE($A4," "," "))+COUNTIFS('20260420'!$C$2:$C$1000,B$1,'20260420'!$E$2:$E$1000,$A4)+COUNTIFS('20260420'!$C$2:$C$1000,B$1,'20260420'!$E$2:$E$1000,SUBSTITUTE($A4," "," "))+COUNTIFS('20260421'!$C$2:$C$1000,B$1,'20260421'!$E$2:$E$1000,$A4)+COUNTIFS('20260421'!$C$2:$C$1000,B$1,'20260421'!$E$2:$E$1000,SUBSTITUTE($A4," "," "))+COUNTIFS('20260422'!$C$2:$C$1000,B$1,'20260422'!$E$2:$E$1000,$A4)+COUNTIFS('20260422'!$C$2:$C$1000,B$1,'20260422'!$E$2:$E$1000,SUBSTITUTE($A4," "," "))+COUNTIFS('20260423'!$C$2:$C$1000,B$1,'20260423'!$E$2:$E$1000,$A4)+COUNTIFS('20260423'!$C$2:$C$1000,B$1,'20260423'!$E$2:$E$1000,SUBSTITUTE($A4," "," "))+COUNTIFS('20260424'!$C$2:$C$1000,B$1,'20260424'!$E$2:$E$1000,$A4)+COUNTIFS('20260424'!$C$2:$C$1000,B$1,'20260424'!$E$2:$E$1000,SUBSTITUTE($A4," "," "))+COUNTIFS('20260427'!$C$2:$C$1000,B$1,'20260427'!$E$2:$E$1000,$A4)+COUNTIFS('20260427'!$C$2:$C$1000,B$1,'20260427'!$E$2:$E$1000,SUBSTITUTE($A4," "," "))+COUNTIFS('20260428'!$C$2:$C$1000,B$1,'20260428'!$E$2:$E$1000,$A4)+COUNTIFS('20260428'!$C$2:$C$1000,B$1,'20260428'!$E$2:$E$1000,SUBSTITUTE($A4," "," "))+COUNTIFS('20260430'!$C$2:$C$1000,B$1,'20260430'!$E$2:$E$1000,$A4)+COUNTIFS('20260430'!$C$2:$C$1000,B$1,'20260430'!$E$2:$E$1000,SUBSTITUTE($A4," "," ")) | C4: =COUNTIFS('20260401'!$C$2:$C$1000,C$1,'20260401'!$E$2:$E$1000,$A4)+COUNTIFS('20260401'!$C$2:$C$1000,C$1,'20260401'!$E$2:$E$1000,SUBSTITUTE($A4," "," "))+COUNTIFS('20260402'!$C$2:$C$1000,C$1,'20260402'!$E$2:$E$1000,$A4)+COUNTIFS('20260402'!$C$2:$C$1000,C$1,'20260402'!$E$2:$E$1000,SUBSTITUTE($A4," "," "))+COUNTIFS('20260403'!$C$2:$C$1000,C$1,'20260403'!$E$2:$E$1000,$A4)+COUNTIFS('20260403'!$C$2:$C$1000,C$1,'20260403'!$E$2:$E$1000,SUBSTITUTE($A4," "," "))+COUNTIFS('20260406'!$C$2:$C$1000,C$1,'20260406'!$E$2:$E$1000,$A4)+COUNTIFS('20260406'!$C$2:$C$1000,C$1,'20260406'!$E$2:$E$1000,SUBSTITUTE($A4," "," "))+COUNTIFS('20260407'!$C$2:$C$1000,C$1,'20260407'!$E$2:$E$1000,$A4)+COUNTIFS('20260407'!$C$2:$C$1000,C$1,'20260407'!$E$2:$E$1000,SUBSTITUTE($A4," "," "))+COUNTIFS('20260408'!$C$2:$C$1000,C$1,'20260408'!$E$2:$E$1000,$A4)+COUNTIFS('20260408'!$C$2:$C$1000,C$1,'20260408'!$E$2:$E$1000,SUBSTITUTE($A4," "," "))+COUNTIFS('20260409'!$C$2:$C$1000,C$1,'20260409'!$E$2:$E$1000,$A4)+COUNTIFS('20260409'!$C$2:$C$1000,C$1,'20260409'!$E$2:$E$1000,SUBSTITUTE($A4," "," "))+COUNTIFS('20260410'!$C$2:$C$1000,C$1,'20260410'!$E$2:$E$1000,$A4)+COUNTIFS('20260410'!$C$2:$C$1000,C$1,'20260410'!$E$2:$E$1000,SUBSTITUTE($A4," "," "))+COUNTIFS('20260413'!$C$2:$C$1000,C$1,'20260413'!$E$2:$E$1000,$A4)+COUNTIFS('20260413'!$C$2:$C$1000,C$1,'20260413'!$E$2:$E$1000,SUBSTITUTE($A4," "," "))+COUNTIFS('20260414'!$C$2:$C$1000,C$1,'20260414'!$E$2:$E$1000,$A4)+COUNTIFS('20260414'!$C$2:$C$1000,C$1,'20260414'!$E$2:$E$1000,SUBSTITUTE($A4," "," "))+COUNTIFS('20260415'!$C$2:$C$1000,C$1,'20260415'!$E$2:$E$1000,$A4)+COUNTIFS('20260415'!$C$2:$C$1000,C$1,'20260415'!$E$2:$E$1000,SUBSTITUTE($A4," "," "))+COUNTIFS('20260416'!$C$2:$C$1000,C$1,'20260416'!$E$2:$E$1000,$A4)+COUNTIFS('20260416'!$C$2:$C$1000,C$1,'20260416'!$E$2:$E$1000,SUBSTITUTE($A4," "," "))+COUNTIFS('20260417'!$C$2:$C$1000,C$1,'20260417'!$E$2:$E$1000,$A4)+COUNTIFS('20260417'!$C$2:$C$1000,C$1,'20260417'!$E$2:$E$1000,SUBSTITUTE($A4," "," "))+COUNTIFS('20260420'!$C$2:$C$1000,C$1,'20260420'!$E$2:$E$1000,$A4)+COUNTIFS('20260420'!$C$2:$C$1000,C$1,'20260420'!$E$2:$E$1000,SUBSTITUTE($A4," "," "))+COUNTIFS('20260421'!$C$2:$C$1000,C$1,'20260421'!$E$2:$E$1000,$A4)+COUNTIFS('20260421'!$C$2:$C$1000,C$1,'20260421'!$E$2:$E$1000,SUBSTITUTE($A4," "," "))+COUNTIFS('20260422'!$C$2:$C$1000,C$1,'20260422'!$E$2:$E$1000,$A4)+COUNTIFS('20260422'!$C$2:$C$1000,C$1,'20260422'!$E$2:$E$1000,SUBSTITUTE($A4," "," "))+COUNTIFS('20260423'!$C$2:$C$1000,C$1,'20260423'!$E$2:$E$1000,$A4)+COUNTIFS('20260423'!$C$2:$C$1000,C$1,'20260423'!$E$2:$E$1000,SUBSTITUTE($A4," "," "))+COUNTIFS('20260424'!$C$2:$C$1000,C$1,'20260424'!$E$2:$E$1000,$A4)+COUNTIFS('20260424'!$C$2:$C$1000,C$1,'20260424'!$E$2:$E$1000,SUBSTITUTE($A4," "," "))+COUNTIFS('20260427'!$C$2:$C$1000,C$1,'20260427'!$E$2:$E$1000,$A4)+COUNTIFS('20260427'!$C$2:$C$1000,C$1,'20260427'!$E$2:$E$1000,SUBSTITUTE($A4," "," "))+COUNTIFS('20260428'!$C$2:$C$1000,C$1,'20260428'!$E$2:$E$1000,$A4)+COUNTIFS('20260428'!$C$2:$C$1000,C$1,'20260428'!$E$2:$E$1000,SUBSTITUTE($A4," "," "))+COUNTIFS('20260430'!$C$2:$C$1000,C$1,'20260430'!$E$2:$E$1000,$A4)+COUNTIFS('20260430'!$C$2:$C$1000,C$1,'20260430'!$E$2:$E$1000,SUBSTITUTE($A4," "," ")) | D4: =COUNTIFS('20260401'!$C$2:$C$1000,D$1,'20260401'!$E$2:$E$1000,$A4)+COUNTIFS('20260401'!$C$2:$C$1000,D$1,'20260401'!$E$2:$E$1000,SUBSTITUTE($A4," "," "))+COUNTIFS('20260402'!$C$2:$C$1000,D$1,'20260402'!$E$2:$E$1000,$A4)+COUNTIFS('20260402'!$C$2:$C$1000,D$1,'20260402'!$E$2:$E$1000,SUBSTITUTE($A4," "," "))+COUNTIFS('20260403'!$C$2:$C$1000,D$1,'20260403'!$E$2:$E$1000,$A4)+COUNTIFS('20260403'!$C$2:$C$1000,D$1,'20260403'!$E$2:$E$1000,SUBSTITUTE($A4," "," "))+COUNTIFS('20260406'!$C$2:$C$1000,D$1,'20260406'!$E$2:$E$1000,$A4)+COUNTIFS('20260406'!$C$2:$C$1000,D$1,'20260406'!$E$2:$E$1000,SUBSTITUTE($A4," "," "))+COUNTIFS('20260407'!$C$2:$C$1000,D$1,'20260407'!$E$2:$E$1000,$A4)+COUNTIFS('20260407'!$C$2:$C$1000,D$1,'20260407'!$E$2:$E$1000,SUBSTITUTE($A4," "," "))+COUNTIFS('20260408'!$C$2:$C$1000,D$1,'20260408'!$E$2:$E$1000,$A4)+COUNTIFS('20260408'!$C$2:$C$1000,D$1,'20260408'!$E$2:$E$1000,SUBSTITUTE($A4," "," "))+COUNTIFS('20260409'!$C$2:$C$1000,D$1,'20260409'!$E$2:$E$1000,$A4)+COUNTIFS('20260409'!$C$2:$C$1000,D$1,'20260409'!$E$2:$E$1000,SUBSTITUTE($A4," "," "))+COUNTIFS('20260410'!$C$2:$C$1000,D$1,'20260410'!$E$2:$E$1000,$A4)+COUNTIFS('20260410'!$C$2:$C$1000,D$1,'20260410'!$E$2:$E$1000,SUBSTITUTE($A4," "," "))+COUNTIFS('20260413'!$C$2:$C$1000,D$1,'20260413'!$E$2:$E$1000,$A4)+COUNTIFS('20260413'!$C$2:$C$1000,D$1,'20260413'!$E$2:$E$1000,SUBSTITUTE($A4," "," "))+COUNTIFS('20260414'!$C$2:$C$1000,D$1,'20260414'!$E$2:$E$1000,$A4)+COUNTIFS('20260414'!$C$2:$C$1000,D$1,'20260414'!$E$2:$E$1000,SUBSTITUTE($A4," "," "))+COUNTIFS('20260415'!$C$2:$C$1000,D$1,'20260415'!$E$2:$E$1000,$A4)+COUNTIFS('20260415'!$C$2:$C$1000,D$1,'20260415'!$E$2:$E$1000,SUBSTITUTE($A4," "," "))+COUNTIFS('20260416'!$C$2:$C$1000,D$1,'20260416'!$E$2:$E$1000,$A4)+COUNTIFS('20260416'!$C$2:$C$1000,D$1,'20260416'!$E$2:$E$1000,SUBSTITUTE($A4," "," "))+COUNTIFS('20260417'!$C$2:$C$1000,D$1,'20260417'!$E$2:$E$1000,$A4)+COUNTIFS('20260417'!$C$2:$C$1000,D$1,'20260417'!$E$2:$E$1000,SUBSTITUTE($A4," "," "))+COUNTIFS('20260420'!$C$2:$C$1000,D$1,'20260420'!$E$2:$E$1000,$A4)+COUNTIFS('20260420'!$C$2:$C$1000,D$1,'20260420'!$E$2:$E$1000,SUBSTITUTE($A4," "," "))+COUNTIFS('20260421'!$C$2:$C$1000,D$1,'20260421'!$E$2:$E$1000,$A4)+COUNTIFS('20260421'!$C$2:$C$1000,D$1,'20260421'!$E$2:$E$1000,SUBSTITUTE($A4," "," "))+COUNTIFS('20260422'!$C$2:$C$1000,D$1,'20260422'!$E$2:$E$1000,$A4)+COUNTIFS('20260422'!$C$2:$C$1000,D$1,'20260422'!$E$2:$E$1000,SUBSTITUTE($A4," "," "))+COUNTIFS('20260423'!$C$2:$C$1000,D$1,'20260423'!$E$2:$E$1000,$A4)+COUNTIFS('20260423'!$C$2:$C$1000,D$1,'20260423'!$E$2:$E$1000,SUBSTITUTE($A4," "," "))+COUNTIFS('20260424'!$C$2:$C$1000,D$1,'20260424'!$E$2:$E$1000,$A4)+COUNTIFS('20260424'!$C$2:$C$1000,D$1,'20260424'!$E$2:$E$1000,SUBSTITUTE($A4," "," "))+COUNTIFS('20260427'!$C$2:$C$1000,D$1,'20260427'!$E$2:$E$1000,$A4)+COUNTIFS('20260427'!$C$2:$C$1000,D$1,'20260427'!$E$2:$E$1000,SUBSTITUTE($A4," "," "))+COUNTIFS('20260428'!$C$2:$C$1000,D$1,'20260428'!$E$2:$E$1000,$A4)+COUNTIFS('20260428'!$C$2:$C$1000,D$1,'20260428'!$E$2:$E$1000,SUBSTITUTE($A4," "," "))+COUNTIFS('20260430'!$C$2:$C$1000,D$1,'20260430'!$E$2:$E$1000,$A4)+COUNTIFS('20260430'!$C$2:$C$1000,D$1,'20260430'!$E$2:$E$1000,SUBSTITUTE($A4," "," ")) | E4: =SUM(B4:D4)
A5: 高梨 江里子 | B5: =COUNTIFS('20260401'!$C$2:$C$1000,B$1,'20260401'!$E$2:$E$1000,$A5)+COUNTIFS('20260401'!$C$2:$C$1000,B$1,'20260401'!$E$2:$E$1000,SUBSTITUTE($A5," "," "))+COUNTIFS('20260402'!$C$2:$C$1000,B$1,'20260402'!$E$2:$E$1000,$A5)+COUNTIFS('20260402'!$C$2:$C$1000,B$1,'20260402'!$E$2:$E$1000,SUBSTITUTE($A5," "," "))+COUNTIFS('20260403'!$C$2:$C$1000,B$1,'20260403'!$E$2:$E$1000,$A5)+COUNTIFS('20260403'!$C$2:$C$1000,B$1,'20260403'!$E$2:$E$1000,SUBSTITUTE($A5," "," "))+COUNTIFS('20260406'!$C$2:$C$1000,B$1,'20260406'!$E$2:$E$1000,$A5)+COUNTIFS('20260406'!$C$2:$C$1000,B$1,'20260406'!$E$2:$E$1000,SUBSTITUTE($A5," "," "))+COUNTIFS('20260407'!$C$2:$C$1000,B$1,'20260407'!$E$2:$E$1000,$A5)+COUNTIFS('20260407'!$C$2:$C$1000,B$1,'20260407'!$E$2:$E$1000,SUBSTITUTE($A5," "," "))+COUNTIFS('20260408'!$C$2:$C$1000,B$1,'20260408'!$E$2:$E$1000,$A5)+COUNTIFS('20260408'!$C$2:$C$1000,B$1,'20260408'!$E$2:$E$1000,SUBSTITUTE($A5," "," "))+COUNTIFS('20260409'!$C$2:$C$1000,B$1,'20260409'!$E$2:$E$1000,$A5)+COUNTIFS('20260409'!$C$2:$C$1000,B$1,'20260409'!$E$2:$E$1000,SUBSTITUTE($A5," "," "))+COUNTIFS('20260410'!$C$2:$C$1000,B$1,'20260410'!$E$2:$E$1000,$A5)+COUNTIFS('20260410'!$C$2:$C$1000,B$1,'20260410'!$E$2:$E$1000,SUBSTITUTE($A5," "," "))+COUNTIFS('20260413'!$C$2:$C$1000,B$1,'20260413'!$E$2:$E$1000,$A5)+COUNTIFS('20260413'!$C$2:$C$1000,B$1,'20260413'!$E$2:$E$1000,SUBSTITUTE($A5," "," "))+COUNTIFS('20260414'!$C$2:$C$1000,B$1,'20260414'!$E$2:$E$1000,$A5)+COUNTIFS('20260414'!$C$2:$C$1000,B$1,'20260414'!$E$2:$E$1000,SUBSTITUTE($A5," "," "))+COUNTIFS('20260415'!$C$2:$C$1000,B$1,'20260415'!$E$2:$E$1000,$A5)+COUNTIFS('20260415'!$C$2:$C$1000,B$1,'20260415'!$E$2:$E$1000,SUBSTITUTE($A5," "," "))+COUNTIFS('20260416'!$C$2:$C$1000,B$1,'20260416'!$E$2:$E$1000,$A5)+COUNTIFS('20260416'!$C$2:$C$1000,B$1,'20260416'!$E$2:$E$1000,SUBSTITUTE($A5," "," "))+COUNTIFS('20260417'!$C$2:$C$1000,B$1,'20260417'!$E$2:$E$1000,$A5)+COUNTIFS('20260417'!$C$2:$C$1000,B$1,'20260417'!$E$2:$E$1000,SUBSTITUTE($A5," "," "))+COUNTIFS('20260420'!$C$2:$C$1000,B$1,'20260420'!$E$2:$E$1000,$A5)+COUNTIFS('20260420'!$C$2:$C$1000,B$1,'20260420'!$E$2:$E$1000,SUBSTITUTE($A5," "," "))+COUNTIFS('20260421'!$C$2:$C$1000,B$1,'20260421'!$E$2:$E$1000,$A5)+COUNTIFS('20260421'!$C$2:$C$1000,B$1,'20260421'!$E$2:$E$1000,SUBSTITUTE($A5," "," "))+COUNTIFS('20260422'!$C$2:$C$1000,B$1,'20260422'!$E$2:$E$1000,$A5)+COUNTIFS('20260422'!$C$2:$C$1000,B$1,'20260422'!$E$2:$E$1000,SUBSTITUTE($A5," "," "))+COUNTIFS('20260423'!$C$2:$C$1000,B$1,'20260423'!$E$2:$E$1000,$A5)+COUNTIFS('20260423'!$C$2:$C$1000,B$1,'20260423'!$E$2:$E$1000,SUBSTITUTE($A5," "," "))+COUNTIFS('20260424'!$C$2:$C$1000,B$1,'20260424'!$E$2:$E$1000,$A5)+COUNTIFS('20260424'!$C$2:$C$1000,B$1,'20260424'!$E$2:$E$1000,SUBSTITUTE($A5," "," "))+COUNTIFS('20260427'!$C$2:$C$1000,B$1,'20260427'!$E$2:$E$1000,$A5)+COUNTIFS('20260427'!$C$2:$C$1000,B$1,'20260427'!$E$2:$E$1000,SUBSTITUTE($A5," "," "))+COUNTIFS('20260428'!$C$2:$C$1000,B$1,'20260428'!$E$2:$E$1000,$A5)+COUNTIFS('20260428'!$C$2:$C$1000,B$1,'20260428'!$E$2:$E$1000,SUBSTITUTE($A5," "," "))+COUNTIFS('20260430'!$C$2:$C$1000,B$1,'20260430'!$E$2:$E$1000,$A5)+COUNTIFS('20260430'!$C$2:$C$1000,B$1,'20260430'!$E$2:$E$1000,SUBSTITUTE($A5," "," ")) | C5: =COUNTIFS('20260401'!$C$2:$C$1000,C$1,'20260401'!$E$2:$E$1000,$A5)+COUNTIFS('20260401'!$C$2:$C$1000,C$1,'20260401'!$E$2:$E$1000,SUBSTITUTE($A5," "," "))+COUNTIFS('20260402'!$C$2:$C$1000,C$1,'20260402'!$E$2:$E$1000,$A5)+COUNTIFS('20260402'!$C$2:$C$1000,C$1,'20260402'!$E$2:$E$1000,SUBSTITUTE($A5," "," "))+COUNTIFS('20260403'!$C$2:$C$1000,C$1,'20260403'!$E$2:$E$1000,$A5)+COUNTIFS('20260403'!$C$2:$C$1000,C$1,'20260403'!$E$2:$E$1000,SUBSTITUTE($A5," "," "))+COUNTIFS('20260406'!$C$2:$C$1000,C$1,'20260406'!$E$2:$E$1000,$A5)+COUNTIFS('20260406'!$C$2:$C$1000,C$1,'20260406'!$E$2:$E$1000,SUBSTITUTE($A5," "," "))+COUNTIFS('20260407'!$C$2:$C$1000,C$1,'20260407'!$E$2:$E$1000,$A5)+COUNTIFS('20260407'!$C$2:$C$1000,C$1,'20260407'!$E$2:$E$1000,SUBSTITUTE($A5," "," "))+COUNTIFS('20260408'!$C$2:$C$1000,C$1,'20260408'!$E$2:$E$1000,$A5)+COUNTIFS('20260408'!$C$2:$C$1000,C$1,'20260408'!$E$2:$E$1000,SUBSTITUTE($A5," "," "))+COUNTIFS('20260409'!$C$2:$C$1000,C$1,'20260409'!$E$2:$E$1000,$A5)+COUNTIFS('20260409'!$C$2:$C$1000,C$1,'20260409'!$E$2:$E$1000,SUBSTITUTE($A5," "," "))+COUNTIFS('20260410'!$C$2:$C$1000,C$1,'20260410'!$E$2:$E$1000,$A5)+COUNTIFS('20260410'!$C$2:$C$1000,C$1,'20260410'!$E$2:$E$1000,SUBSTITUTE($A5," "," "))+COUNTIFS('20260413'!$C$2:$C$1000,C$1,'20260413'!$E$2:$E$1000,$A5)+COUNTIFS('20260413'!$C$2:$C$1000,C$1,'20260413'!$E$2:$E$1000,SUBSTITUTE($A5," "," "))+COUNTIFS('20260414'!$C$2:$C$1000,C$1,'20260414'!$E$2:$E$1000,$A5)+COUNTIFS('20260414'!$C$2:$C$1000,C$1,'20260414'!$E$2:$E$1000,SUBSTITUTE($A5," "," "))+COUNTIFS('20260415'!$C$2:$C$1000,C$1,'20260415'!$E$2:$E$1000,$A5)+COUNTIFS('20260415'!$C$2:$C$1000,C$1,'20260415'!$E$2:$E$1000,SUBSTITUTE($A5," "," "))+COUNTIFS('20260416'!$C$2:$C$1000,C$1,'20260416'!$E$2:$E$1000,$A5)+COUNTIFS('20260416'!$C$2:$C$1000,C$1,'20260416'!$E$2:$E$1000,SUBSTITUTE($A5," "," "))+COUNTIFS('20260417'!$C$2:$C$1000,C$1,'20260417'!$E$2:$E$1000,$A5)+COUNTIFS('20260417'!$C$2:$C$1000,C$1,'20260417'!$E$2:$E$1000,SUBSTITUTE($A5," "," "))+COUNTIFS('20260420'!$C$2:$C$1000,C$1,'20260420'!$E$2:$E$1000,$A5)+COUNTIFS('20260420'!$C$2:$C$1000,C$1,'20260420'!$E$2:$E$1000,SUBSTITUTE($A5," "," "))+COUNTIFS('20260421'!$C$2:$C$1000,C$1,'20260421'!$E$2:$E$1000,$A5)+COUNTIFS('20260421'!$C$2:$C$1000,C$1,'20260421'!$E$2:$E$1000,SUBSTITUTE($A5," "," "))+COUNTIFS('20260422'!$C$2:$C$1000,C$1,'20260422'!$E$2:$E$1000,$A5)+COUNTIFS('20260422'!$C$2:$C$1000,C$1,'20260422'!$E$2:$E$1000,SUBSTITUTE($A5," "," "))+COUNTIFS('20260423'!$C$2:$C$1000,C$1,'20260423'!$E$2:$E$1000,$A5)+COUNTIFS('20260423'!$C$2:$C$1000,C$1,'20260423'!$E$2:$E$1000,SUBSTITUTE($A5," "," "))+COUNTIFS('20260424'!$C$2:$C$1000,C$1,'20260424'!$E$2:$E$1000,$A5)+COUNTIFS('20260424'!$C$2:$C$1000,C$1,'20260424'!$E$2:$E$1000,SUBSTITUTE($A5," "," "))+COUNTIFS('20260427'!$C$2:$C$1000,C$1,'20260427'!$E$2:$E$1000,$A5)+COUNTIFS('20260427'!$C$2:$C$1000,C$1,'20260427'!$E$2:$E$1000,SUBSTITUTE($A5," "," "))+COUNTIFS('20260428'!$C$2:$C$1000,C$1,'20260428'!$E$2:$E$1000,$A5)+COUNTIFS('20260428'!$C$2:$C$1000,C$1,'20260428'!$E$2:$E$1000,SUBSTITUTE($A5," "," "))+COUNTIFS('20260430'!$C$2:$C$1000,C$1,'20260430'!$E$2:$E$1000,$A5)+COUNTIFS('20260430'!$C$2:$C$1000,C$1,'20260430'!$E$2:$E$1000,SUBSTITUTE($A5," "," ")) | D5: =COUNTIFS('20260401'!$C$2:$C$1000,D$1,'20260401'!$E$2:$E$1000,$A5)+COUNTIFS('20260401'!$C$2:$C$1000,D$1,'20260401'!$E$2:$E$1000,SUBSTITUTE($A5," "," "))+COUNTIFS('20260402'!$C$2:$C$1000,D$1,'20260402'!$E$2:$E$1000,$A5)+COUNTIFS('20260402'!$C$2:$C$1000,D$1,'20260402'!$E$2:$E$1000,SUBSTITUTE($A5," "," "))+COUNTIFS('20260403'!$C$2:$C$1000,D$1,'20260403'!$E$2:$E$1000,$A5)+COUNTIFS('20260403'!$C$2:$C$1000,D$1,'20260403'!$E$2:$E$1000,SUBSTITUTE($A5," "," "))+COUNTIFS('20260406'!$C$2:$C$1000,D$1,'20260406'!$E$2:$E$1000,$A5)+COUNTIFS('20260406'!$C$2:$C$1000,D$1,'20260406'!$E$2:$E$1000,SUBSTITUTE($A5," "," "))+COUNTIFS('20260407'!$C$2:$C$1000,D$1,'20260407'!$E$2:$E$1000,$A5)+COUNTIFS('20260407'!$C$2:$C$1000,D$1,'20260407'!$E$2:$E$1000,SUBSTITUTE($A5," "," "))+COUNTIFS('20260408'!$C$2:$C$1000,D$1,'20260408'!$E$2:$E$1000,$A5)+COUNTIFS('20260408'!$C$2:$C$1000,D$1,'20260408'!$E$2:$E$1000,SUBSTITUTE($A5," "," "))+COUNTIFS('20260409'!$C$2:$C$1000,D$1,'20260409'!$E$2:$E$1000,$A5)+COUNTIFS('20260409'!$C$2:$C$1000,D$1,'20260409'!$E$2:$E$1000,SUBSTITUTE($A5," "," "))+COUNTIFS('20260410'!$C$2:$C$1000,D$1,'20260410'!$E$2:$E$1000,$A5)+COUNTIFS('20260410'!$C$2:$C$1000,D$1,'20260410'!$E$2:$E$1000,SUBSTITUTE($A5," "," "))+COUNTIFS('20260413'!$C$2:$C$1000,D$1,'20260413'!$E$2:$E$1000,$A5)+COUNTIFS('20260413'!$C$2:$C$1000,D$1,'20260413'!$E$2:$E$1000,SUBSTITUTE($A5," "," "))+COUNTIFS('20260414'!$C$2:$C$1000,D$1,'20260414'!$E$2:$E$1000,$A5)+COUNTIFS('20260414'!$C$2:$C$1000,D$1,'20260414'!$E$2:$E$1000,SUBSTITUTE($A5," "," "))+COUNTIFS('20260415'!$C$2:$C$1000,D$1,'20260415'!$E$2:$E$1000,$A5)+COUNTIFS('20260415'!$C$2:$C$1000,D$1,'20260415'!$E$2:$E$1000,SUBSTITUTE($A5," "," "))+COUNTIFS('20260416'!$C$2:$C$1000,D$1,'20260416'!$E$2:$E$1000,$A5)+COUNTIFS('20260416'!$C$2:$C$1000,D$1,'20260416'!$E$2:$E$1000,SUBSTITUTE($A5," "," "))+COUNTIFS('20260417'!$C$2:$C$1000,D$1,'20260417'!$E$2:$E$1000,$A5)+COUNTIFS('20260417'!$C$2:$C$1000,D$1,'20260417'!$E$2:$E$1000,SUBSTITUTE($A5," "," "))+COUNTIFS('20260420'!$C$2:$C$1000,D$1,'20260420'!$E$2:$E$1000,$A5)+COUNTIFS('20260420'!$C$2:$C$1000,D$1,'20260420'!$E$2:$E$1000,SUBSTITUTE($A5," "," "))+COUNTIFS('20260421'!$C$2:$C$1000,D$1,'20260421'!$E$2:$E$1000,$A5)+COUNTIFS('20260421'!$C$2:$C$1000,D$1,'20260421'!$E$2:$E$1000,SUBSTITUTE($A5," "," "))+COUNTIFS('20260422'!$C$2:$C$1000,D$1,'20260422'!$E$2:$E$1000,$A5)+COUNTIFS('20260422'!$C$2:$C$1000,D$1,'20260422'!$E$2:$E$1000,SUBSTITUTE($A5," "," "))+COUNTIFS('20260423'!$C$2:$C$1000,D$1,'20260423'!$E$2:$E$1000,$A5)+COUNTIFS('20260423'!$C$2:$C$1000,D$1,'20260423'!$E$2:$E$1000,SUBSTITUTE($A5," "," "))+COUNTIFS('20260424'!$C$2:$C$1000,D$1,'20260424'!$E$2:$E$1000,$A5)+COUNTIFS('20260424'!$C$2:$C$1000,D$1,'20260424'!$E$2:$E$1000,SUBSTITUTE($A5," "," "))+COUNTIFS('20260427'!$C$2:$C$1000,D$1,'20260427'!$E$2:$E$1000,$A5)+COUNTIFS('20260427'!$C$2:$C$1000,D$1,'20260427'!$E$2:$E$1000,SUBSTITUTE($A5," "," "))+COUNTIFS('20260428'!$C$2:$C$1000,D$1,'20260428'!$E$2:$E$1000,$A5)+COUNTIFS('20260428'!$C$2:$C$1000,D$1,'20260428'!$E$2:$E$1000,SUBSTITUTE($A5," "," "))+COUNTIFS('20260430'!$C$2:$C$1000,D$1,'20260430'!$E$2:$E$1000,$A5)+COUNTIFS('20260430'!$C$2:$C$1000,D$1,'20260430'!$E$2:$E$1000,SUBSTITUTE($A5," "," ")) | E5: =SUM(B5:D5)
A6: 澤田 凌 | B6: =COUNTIFS('20260401'!$C$2:$C$1000,B$1,'20260401'!$E$2:$E$1000,$A6)+COUNTIFS('20260401'!$C$2:$C$1000,B$1,'20260401'!$E$2:$E$1000,SUBSTITUTE($A6," "," "))+COUNTIFS('20260402'!$C$2:$C$1000,B$1,'20260402'!$E$2:$E$1000,$A6)+COUNTIFS('20260402'!$C$2:$C$1000,B$1,'20260402'!$E$2:$E$1000,SUBSTITUTE($A6," "," "))+COUNTIFS('20260403'!$C$2:$C$1000,B$1,'20260403'!$E$2:$E$1000,$A6)+COUNTIFS('20260403'!$C$2:$C$1000,B$1,'20260403'!$E$2:$E$1000,SUBSTITUTE($A6," "," "))+COUNTIFS('20260406'!$C$2:$C$1000,B$1,'20260406'!$E$2:$E$1000,$A6)+COUNTIFS('20260406'!$C$2:$C$1000,B$1,'20260406'!$E$2:$E$1000,SUBSTITUTE($A6," "," "))+COUNTIFS('20260407'!$C$2:$C$1000,B$1,'20260407'!$E$2:$E$1000,$A6)+COUNTIFS('20260407'!$C$2:$C$1000,B$1,'20260407'!$E$2:$E$1000,SUBSTITUTE($A6," "," "))+COUNTIFS('20260408'!$C$2:$C$1000,B$1,'20260408'!$E$2:$E$1000,$A6)+COUNTIFS('20260408'!$C$2:$C$1000,B$1,'20260408'!$E$2:$E$1000,SUBSTITUTE($A6," "," "))+COUNTIFS('20260409'!$C$2:$C$1000,B$1,'20260409'!$E$2:$E$1000,$A6)+COUNTIFS('20260409'!$C$2:$C$1000,B$1,'20260409'!$E$2:$E$1000,SUBSTITUTE($A6," "," "))+COUNTIFS('20260410'!$C$2:$C$1000,B$1,'20260410'!$E$2:$E$1000,$A6)+COUNTIFS('20260410'!$C$2:$C$1000,B$1,'20260410'!$E$2:$E$1000,SUBSTITUTE($A6," "," "))+COUNTIFS('20260413'!$C$2:$C$1000,B$1,'20260413'!$E$2:$E$1000,$A6)+COUNTIFS('20260413'!$C$2:$C$1000,B$1,'20260413'!$E$2:$E$1000,SUBSTITUTE($A6," "," "))+COUNTIFS('20260414'!$C$2:$C$1000,B$1,'20260414'!$E$2:$E$1000,$A6)+COUNTIFS('20260414'!$C$2:$C$1000,B$1,'20260414'!$E$2:$E$1000,SUBSTITUTE($A6," "," "))+COUNTIFS('20260415'!$C$2:$C$1000,B$1,'20260415'!$E$2:$E$1000,$A6)+COUNTIFS('20260415'!$C$2:$C$1000,B$1,'20260415'!$E$2:$E$1000,SUBSTITUTE($A6," "," "))+COUNTIFS('20260416'!$C$2:$C$1000,B$1,'20260416'!$E$2:$E$1000,$A6)+COUNTIFS('20260416'!$C$2:$C$1000,B$1,'20260416'!$E$2:$E$1000,SUBSTITUTE($A6," "," "))+COUNTIFS('20260417'!$C$2:$C$1000,B$1,'20260417'!$E$2:$E$1000,$A6)+COUNTIFS('20260417'!$C$2:$C$1000,B$1,'20260417'!$E$2:$E$1000,SUBSTITUTE($A6," "," "))+COUNTIFS('20260420'!$C$2:$C$1000,B$1,'20260420'!$E$2:$E$1000,$A6)+COUNTIFS('20260420'!$C$2:$C$1000,B$1,'20260420'!$E$2:$E$1000,SUBSTITUTE($A6," "," "))+COUNTIFS('20260421'!$C$2:$C$1000,B$1,'20260421'!$E$2:$E$1000,$A6)+COUNTIFS('20260421'!$C$2:$C$1000,B$1,'20260421'!$E$2:$E$1000,SUBSTITUTE($A6," "," "))+COUNTIFS('20260422'!$C$2:$C$1000,B$1,'20260422'!$E$2:$E$1000,$A6)+COUNTIFS('20260422'!$C$2:$C$1000,B$1,'20260422'!$E$2:$E$1000,SUBSTITUTE($A6," "," "))+COUNTIFS('20260423'!$C$2:$C$1000,B$1,'20260423'!$E$2:$E$1000,$A6)+COUNTIFS('20260423'!$C$2:$C$1000,B$1,'20260423'!$E$2:$E$1000,SUBSTITUTE($A6," "," "))+COUNTIFS('20260424'!$C$2:$C$1000,B$1,'20260424'!$E$2:$E$1000,$A6)+COUNTIFS('20260424'!$C$2:$C$1000,B$1,'20260424'!$E$2:$E$1000,SUBSTITUTE($A6," "," "))+COUNTIFS('20260427'!$C$2:$C$1000,B$1,'20260427'!$E$2:$E$1000,$A6)+COUNTIFS('20260427'!$C$2:$C$1000,B$1,'20260427'!$E$2:$E$1000,SUBSTITUTE($A6," "," "))+COUNTIFS('20260428'!$C$2:$C$1000,B$1,'20260428'!$E$2:$E$1000,$A6)+COUNTIFS('20260428'!$C$2:$C$1000,B$1,'20260428'!$E$2:$E$1000,SUBSTITUTE($A6," "," "))+COUNTIFS('20260430'!$C$2:$C$1000,B$1,'20260430'!$E$2:$E$1000,$A6)+COUNTIFS('20260430'!$C$2:$C$1000,B$1,'20260430'!$E$2:$E$1000,SUBSTITUTE($A6," "," ")) | C6: =COUNTIFS('20260401'!$C$2:$C$1000,C$1,'20260401'!$E$2:$E$1000,$A6)+COUNTIFS('20260401'!$C$2:$C$1000,C$1,'20260401'!$E$2:$E$1000,SUBSTITUTE($A6," "," "))+COUNTIFS('20260402'!$C$2:$C$1000,C$1,'20260402'!$E$2:$E$1000,$A6)+COUNTIFS('20260402'!$C$2:$C$1000,C$1,'20260402'!$E$2:$E$1000,SUBSTITUTE($A6," "," "))+COUNTIFS('20260403'!$C$2:$C$1000,C$1,'20260403'!$E$2:$E$1000,$A6)+COUNTIFS('20260403'!$C$2:$C$1000,C$1,'20260403'!$E$2:$E$1000,SUBSTITUTE($A6," "," "))+COUNTIFS('20260406'!$C$2:$C$1000,C$1,'20260406'!$E$2:$E$1000,$A6)+COUNTIFS('20260406'!$C$2:$C$1000,C$1,'20260406'!$E$2:$E$1000,SUBSTITUTE($A6," "," "))+COUNTIFS('20260407'!$C$2:$C$1000,C$1,'20260407'!$E$2:$E$1000,$A6)+COUNTIFS('20260407'!$C$2:$C$1000,C$1,'20260407'!$E$2:$E$1000,SUBSTITUTE($A6," "," "))+COUNTIFS('20260408'!$C$2:$C$1000,C$1,'20260408'!$E$2:$E$1000,$A6)+COUNTIFS('20260408'!$C$2:$C$1000,C$1,'20260408'!$E$2:$E$1000,SUBSTITUTE($A6," "," "))+COUNTIFS('20260409'!$C$2:$C$1000,C$1,'20260409'!$E$2:$E$1000,$A6)+COUNTIFS('20260409'!$C$2:$C$1000,C$1,'20260409'!$E$2:$E$1000,SUBSTITUTE($A6," "," "))+COUNTIFS('20260410'!$C$2:$C$1000,C$1,'20260410'!$E$2:$E$1000,$A6)+COUNTIFS('20260410'!$C$2:$C$1000,C$1,'20260410'!$E$2:$E$1000,SUBSTITUTE($A6," "," "))+COUNTIFS('20260413'!$C$2:$C$1000,C$1,'20260413'!$E$2:$E$1000,$A6)+COUNTIFS('20260413'!$C$2:$C$1000,C$1,'20260413'!$E$2:$E$1000,SUBSTITUTE($A6," "," "))+COUNTIFS('20260414'!$C$2:$C$1000,C$1,'20260414'!$E$2:$E$1000,$A6)+COUNTIFS('20260414'!$C$2:$C$1000,C$1,'20260414'!$E$2:$E$1000,SUBSTITUTE($A6," "," "))+COUNTIFS('20260415'!$C$2:$C$1000,C$1,'20260415'!$E$2:$E$1000,$A6)+COUNTIFS('20260415'!$C$2:$C$1000,C$1,'20260415'!$E$2:$E$1000,SUBSTITUTE($A6," "," "))+COUNTIFS('20260416'!$C$2:$C$1000,C$1,'20260416'!$E$2:$E$1000,$A6)+COUNTIFS('20260416'!$C$2:$C$1000,C$1,'20260416'!$E$2:$E$1000,SUBSTITUTE($A6," "," "))+COUNTIFS('20260417'!$C$2:$C$1000,C$1,'20260417'!$E$2:$E$1000,$A6)+COUNTIFS('20260417'!$C$2:$C$1000,C$1,'20260417'!$E$2:$E$1000,SUBSTITUTE($A6," "," "))+COUNTIFS('20260420'!$C$2:$C$1000,C$1,'20260420'!$E$2:$E$1000,$A6)+COUNTIFS('20260420'!$C$2:$C$1000,C$1,'20260420'!$E$2:$E$1000,SUBSTITUTE($A6," "," "))+COUNTIFS('20260421'!$C$2:$C$1000,C$1,'20260421'!$E$2:$E$1000,$A6)+COUNTIFS('20260421'!$C$2:$C$1000,C$1,'20260421'!$E$2:$E$1000,SUBSTITUTE($A6," "," "))+COUNTIFS('20260422'!$C$2:$C$1000,C$1,'20260422'!$E$2:$E$1000,$A6)+COUNTIFS('20260422'!$C$2:$C$1000,C$1,'20260422'!$E$2:$E$1000,SUBSTITUTE($A6," "," "))+COUNTIFS('20260423'!$C$2:$C$1000,C$1,'20260423'!$E$2:$E$1000,$A6)+COUNTIFS('20260423'!$C$2:$C$1000,C$1,'20260423'!$E$2:$E$1000,SUBSTITUTE($A6," "," "))+COUNTIFS('20260424'!$C$2:$C$1000,C$1,'20260424'!$E$2:$E$1000,$A6)+COUNTIFS('20260424'!$C$2:$C$1000,C$1,'20260424'!$E$2:$E$1000,SUBSTITUTE($A6," "," "))+COUNTIFS('20260427'!$C$2:$C$1000,C$1,'20260427'!$E$2:$E$1000,$A6)+COUNTIFS('20260427'!$C$2:$C$1000,C$1,'20260427'!$E$2:$E$1000,SUBSTITUTE($A6," "," "))+COUNTIFS('20260428'!$C$2:$C$1000,C$1,'20260428'!$E$2:$E$1000,$A6)+COUNTIFS('20260428'!$C$2:$C$1000,C$1,'20260428'!$E$2:$E$1000,SUBSTITUTE($A6," "," "))+COUNTIFS('20260430'!$C$2:$C$1000,C$1,'20260430'!$E$2:$E$1000,$A6)+COUNTIFS('20260430'!$C$2:$C$1000,C$1,'20260430'!$E$2:$E$1000,SUBSTITUTE($A6," "," ")) | D6: =COUNTIFS('20260401'!$C$2:$C$1000,D$1,'20260401'!$E$2:$E$1000,$A6)+COUNTIFS('20260401'!$C$2:$C$1000,D$1,'20260401'!$E$2:$E$1000,SUBSTITUTE($A6," "," "))+COUNTIFS('20260402'!$C$2:$C$1000,D$1,'20260402'!$E$2:$E$1000,$A6)+COUNTIFS('20260402'!$C$2:$C$1000,D$1,'20260402'!$E$2:$E$1000,SUBSTITUTE($A6," "," "))+COUNTIFS('20260403'!$C$2:$C$1000,D$1,'20260403'!$E$2:$E$1000,$A6)+COUNTIFS('20260403'!$C$2:$C$1000,D$1,'20260403'!$E$2:$E$1000,SUBSTITUTE($A6," "," "))+COUNTIFS('20260406'!$C$2:$C$1000,D$1,'20260406'!$E$2:$E$1000,$A6)+COUNTIFS('20260406'!$C$2:$C$1000,D$1,'20260406'!$E$2:$E$1000,SUBSTITUTE($A6," "," "))+COUNTIFS('20260407'!$C$2:$C$1000,D$1,'20260407'!$E$2:$E$1000,$A6)+COUNTIFS('20260407'!$C$2:$C$1000,D$1,'20260407'!$E$2:$E$1000,SUBSTITUTE($A6," "," "))+COUNTIFS('20260408'!$C$2:$C$1000,D$1,'20260408'!$E$2:$E$1000,$A6)+COUNTIFS('20260408'!$C$2:$C$1000,D$1,'20260408'!$E$2:$E$1000,SUBSTITUTE($A6," "," "))+COUNTIFS('20260409'!$C$2:$C$1000,D$1,'20260409'!$E$2:$E$1000,$A6)+COUNTIFS('20260409'!$C$2:$C$1000,D$1,'20260409'!$E$2:$E$1000,SUBSTITUTE($A6," "," "))+COUNTIFS('20260410'!$C$2:$C$1000,D$1,'20260410'!$E$2:$E$1000,$A6)+COUNTIFS('20260410'!$C$2:$C$1000,D$1,'20260410'!$E$2:$E$1000,SUBSTITUTE($A6," "," "))+COUNTIFS('20260413'!$C$2:$C$1000,D$1,'20260413'!$E$2:$E$1000,$A6)+COUNTIFS('20260413'!$C$2:$C$1000,D$1,'20260413'!$E$2:$E$1000,SUBSTITUTE($A6," "," "))+COUNTIFS('20260414'!$C$2:$C$1000,D$1,'20260414'!$E$2:$E$1000,$A6)+COUNTIFS('20260414'!$C$2:$C$1000,D$1,'20260414'!$E$2:$E$1000,SUBSTITUTE($A6," "," "))+COUNTIFS('20260415'!$C$2:$C$1000,D$1,'20260415'!$E$2:$E$1000,$A6)+COUNTIFS('20260415'!$C$2:$C$1000,D$1,'20260415'!$E$2:$E$1000,SUBSTITUTE($A6," "," "))+COUNTIFS('20260416'!$C$2:$C$1000,D$1,'20260416'!$E$2:$E$1000,$A6)+COUNTIFS('20260416'!$C$2:$C$1000,D$1,'20260416'!$E$2:$E$1000,SUBSTITUTE($A6," "," "))+COUNTIFS('20260417'!$C$2:$C$1000,D$1,'20260417'!$E$2:$E$1000,$A6)+COUNTIFS('20260417'!$C$2:$C$1000,D$1,'20260417'!$E$2:$E$1000,SUBSTITUTE($A6," "," "))+COUNTIFS('20260420'!$C$2:$C$1000,D$1,'20260420'!$E$2:$E$1000,$A6)+COUNTIFS('20260420'!$C$2:$C$1000,D$1,'20260420'!$E$2:$E$1000,SUBSTITUTE($A6," "," "))+COUNTIFS('20260421'!$C$2:$C$1000,D$1,'20260421'!$E$2:$E$1000,$A6)+COUNTIFS('20260421'!$C$2:$C$1000,D$1,'20260421'!$E$2:$E$1000,SUBSTITUTE($A6," "," "))+COUNTIFS('20260422'!$C$2:$C$1000,D$1,'20260422'!$E$2:$E$1000,$A6)+COUNTIFS('20260422'!$C$2:$C$1000,D$1,'20260422'!$E$2:$E$1000,SUBSTITUTE($A6," "," "))+COUNTIFS('20260423'!$C$2:$C$1000,D$1,'20260423'!$E$2:$E$1000,$A6)+COUNTIFS('20260423'!$C$2:$C$1000,D$1,'20260423'!$E$2:$E$1000,SUBSTITUTE($A6," "," "))+COUNTIFS('20260424'!$C$2:$C$1000,D$1,'20260424'!$E$2:$E$1000,$A6)+COUNTIFS('20260424'!$C$2:$C$1000,D$1,'20260424'!$E$2:$E$1000,SUBSTITUTE($A6," "," "))+COUNTIFS('20260427'!$C$2:$C$1000,D$1,'20260427'!$E$2:$E$1000,$A6)+COUNTIFS('20260427'!$C$2:$C$1000,D$1,'20260427'!$E$2:$E$1000,SUBSTITUTE($A6," "," "))+COUNTIFS('20260428'!$C$2:$C$1000,D$1,'20260428'!$E$2:$E$1000,$A6)+COUNTIFS('20260428'!$C$2:$C$1000,D$1,'20260428'!$E$2:$E$1000,SUBSTITUTE($A6," "," "))+COUNTIFS('20260430'!$C$2:$C$1000,D$1,'20260430'!$E$2:$E$1000,$A6)+COUNTIFS('20260430'!$C$2:$C$1000,D$1,'20260430'!$E$2:$E$1000,SUBSTITUTE($A6," "," ")) | E6: =SUM(B6:D6)
A7: 佐々木 千恵 | B7: =COUNTIFS('20260401'!$C$2:$C$1000,B$1,'20260401'!$E$2:$E$1000,$A7)+COUNTIFS('20260401'!$C$2:$C$1000,B$1,'20260401'!$E$2:$E$1000,SUBSTITUTE($A7," "," "))+COUNTIFS('20260402'!$C$2:$C$1000,B$1,'20260402'!$E$2:$E$1000,$A7)+COUNTIFS('20260402'!$C$2:$C$1000,B$1,'20260402'!$E$2:$E$1000,SUBSTITUTE($A7," "," "))+COUNTIFS('20260403'!$C$2:$C$1000,B$1,'20260403'!$E$2:$E$1000,$A7)+COUNTIFS('20260403'!$C$2:$C$1000,B$1,'20260403'!$E$2:$E$1000,SUBSTITUTE($A7," "," "))+COUNTIFS('20260406'!$C$2:$C$1000,B$1,'20260406'!$E$2:$E$1000,$A7)+COUNTIFS('20260406'!$C$2:$C$1000,B$1,'20260406'!$E$2:$E$1000,SUBSTITUTE($A7," "," "))+COUNTIFS('20260407'!$C$2:$C$1000,B$1,'20260407'!$E$2:$E$1000,$A7)+COUNTIFS('20260407'!$C$2:$C$1000,B$1,'20260407'!$E$2:$E$1000,SUBSTITUTE($A7," "," "))+COUNTIFS('20260408'!$C$2:$C$1000,B$1,'20260408'!$E$2:$E$1000,$A7)+COUNTIFS('20260408'!$C$2:$C$1000,B$1,'20260408'!$E$2:$E$1000,SUBSTITUTE($A7," "," "))+COUNTIFS('20260409'!$C$2:$C$1000,B$1,'20260409'!$E$2:$E$1000,$A7)+COUNTIFS('20260409'!$C$2:$C$1000,B$1,'20260409'!$E$2:$E$1000,SUBSTITUTE($A7," "," "))+COUNTIFS('20260410'!$C$2:$C$1000,B$1,'20260410'!$E$2:$E$1000,$A7)+COUNTIFS('20260410'!$C$2:$C$1000,B$1,'20260410'!$E$2:$E$1000,SUBSTITUTE($A7," "," "))+COUNTIFS('20260413'!$C$2:$C$1000,B$1,'20260413'!$E$2:$E$1000,$A7)+COUNTIFS('20260413'!$C$2:$C$1000,B$1,'20260413'!$E$2:$E$1000,SUBSTITUTE($A7," "," "))+COUNTIFS('20260414'!$C$2:$C$1000,B$1,'20260414'!$E$2:$E$1000,$A7)+COUNTIFS('20260414'!$C$2:$C$1000,B$1,'20260414'!$E$2:$E$1000,SUBSTITUTE($A7," "," "))+COUNTIFS('20260415'!$C$2:$C$1000,B$1,'20260415'!$E$2:$E$1000,$A7)+COUNTIFS('20260415'!$C$2:$C$1000,B$1,'20260415'!$E$2:$E$1000,SUBSTITUTE($A7," "," "))+COUNTIFS('20260416'!$C$2:$C$1000,B$1,'20260416'!$E$2:$E$1000,$A7)+COUNTIFS('20260416'!$C$2:$C$1000,B$1,'20260416'!$E$2:$E$1000,SUBSTITUTE($A7," "," "))+COUNTIFS('20260417'!$C$2:$C$1000,B$1,'20260417'!$E$2:$E$1000,$A7)+COUNTIFS('20260417'!$C$2:$C$1000,B$1,'20260417'!$E$2:$E$1000,SUBSTITUTE($A7," "," "))+COUNTIFS('20260420'!$C$2:$C$1000,B$1,'20260420'!$E$2:$E$1000,$A7)+COUNTIFS('20260420'!$C$2:$C$1000,B$1,'20260420'!$E$2:$E$1000,SUBSTITUTE($A7," "," "))+COUNTIFS('20260421'!$C$2:$C$1000,B$1,'20260421'!$E$2:$E$1000,$A7)+COUNTIFS('20260421'!$C$2:$C$1000,B$1,'20260421'!$E$2:$E$1000,SUBSTITUTE($A7," "," "))+COUNTIFS('20260422'!$C$2:$C$1000,B$1,'20260422'!$E$2:$E$1000,$A7)+COUNTIFS('20260422'!$C$2:$C$1000,B$1,'20260422'!$E$2:$E$1000,SUBSTITUTE($A7," "," "))+COUNTIFS('20260423'!$C$2:$C$1000,B$1,'20260423'!$E$2:$E$1000,$A7)+COUNTIFS('20260423'!$C$2:$C$1000,B$1,'20260423'!$E$2:$E$1000,SUBSTITUTE($A7," "," "))+COUNTIFS('20260424'!$C$2:$C$1000,B$1,'20260424'!$E$2:$E$1000,$A7)+COUNTIFS('20260424'!$C$2:$C$1000,B$1,'20260424'!$E$2:$E$1000,SUBSTITUTE($A7," "," "))+COUNTIFS('20260427'!$C$2:$C$1000,B$1,'20260427'!$E$2:$E$1000,$A7)+COUNTIFS('20260427'!$C$2:$C$1000,B$1,'20260427'!$E$2:$E$1000,SUBSTITUTE($A7," "," "))+COUNTIFS('20260428'!$C$2:$C$1000,B$1,'20260428'!$E$2:$E$1000,$A7)+COUNTIFS('20260428'!$C$2:$C$1000,B$1,'20260428'!$E$2:$E$1000,SUBSTITUTE($A7," "," "))+COUNTIFS('20260430'!$C$2:$C$1000,B$1,'20260430'!$E$2:$E$1000,$A7)+COUNTIFS('20260430'!$C$2:$C$1000,B$1,'20260430'!$E$2:$E$1000,SUBSTITUTE($A7," "," ")) | C7: =COUNTIFS('20260401'!$C$2:$C$1000,C$1,'20260401'!$E$2:$E$1000,$A7)+COUNTIFS('20260401'!$C$2:$C$1000,C$1,'20260401'!$E$2:$E$1000,SUBSTITUTE($A7," "," "))+COUNTIFS('20260402'!$C$2:$C$1000,C$1,'20260402'!$E$2:$E$1000,$A7)+COUNTIFS('20260402'!$C$2:$C$1000,C$1,'20260402'!$E$2:$E$1000,SUBSTITUTE($A7," "," "))+COUNTIFS('20260403'!$C$2:$C$1000,C$1,'20260403'!$E$2:$E$1000,$A7)+COUNTIFS('20260403'!$C$2:$C$1000,C$1,'20260403'!$E$2:$E$1000,SUBSTITUTE($A7," "," "))+COUNTIFS('20260406'!$C$2:$C$1000,C$1,'20260406'!$E$2:$E$1000,$A7)+COUNTIFS('20260406'!$C$2:$C$1000,C$1,'20260406'!$E$2:$E$1000,SUBSTITUTE($A7," "," "))+COUNTIFS('20260407'!$C$2:$C$1000,C$1,'20260407'!$E$2:$E$1000,$A7)+COUNTIFS('20260407'!$C$2:$C$1000,C$1,'20260407'!$E$2:$E$1000,SUBSTITUTE($A7," "," "))+COUNTIFS('20260408'!$C$2:$C$1000,C$1,'20260408'!$E$2:$E$1000,$A7)+COUNTIFS('20260408'!$C$2:$C$1000,C$1,'20260408'!$E$2:$E$1000,SUBSTITUTE($A7," "," "))+COUNTIFS('20260409'!$C$2:$C$1000,C$1,'20260409'!$E$2:$E$1000,$A7)+COUNTIFS('20260409'!$C$2:$C$1000,C$1,'20260409'!$E$2:$E$1000,SUBSTITUTE($A7," "," "))+COUNTIFS('20260410'!$C$2:$C$1000,C$1,'20260410'!$E$2:$E$1000,$A7)+COUNTIFS('20260410'!$C$2:$C$1000,C$1,'20260410'!$E$2:$E$1000,SUBSTITUTE($A7," "," "))+COUNTIFS('20260413'!$C$2:$C$1000,C$1,'20260413'!$E$2:$E$1000,$A7)+COUNTIFS('20260413'!$C$2:$C$1000,C$1,'20260413'!$E$2:$E$1000,SUBSTITUTE($A7," "," "))+COUNTIFS('20260414'!$C$2:$C$1000,C$1,'20260414'!$E$2:$E$1000,$A7)+COUNTIFS('20260414'!$C$2:$C$1000,C$1,'20260414'!$E$2:$E$1000,SUBSTITUTE($A7," "," "))+COUNTIFS('20260415'!$C$2:$C$1000,C$1,'20260415'!$E$2:$E$1000,$A7)+COUNTIFS('20260415'!$C$2:$C$1000,C$1,'20260415'!$E$2:$E$1000,SUBSTITUTE($A7," "," "))+COUNTIFS('20260416'!$C$2:$C$1000,C$1,'20260416'!$E$2:$E$1000,$A7)+COUNTIFS('20260416'!$C$2:$C$1000,C$1,'20260416'!$E$2:$E$1000,SUBSTITUTE($A7," "," "))+COUNTIFS('20260417'!$C$2:$C$1000,C$1,'20260417'!$E$2:$E$1000,$A7)+COUNTIFS('20260417'!$C$2:$C$1000,C$1,'20260417'!$E$2:$E$1000,SUBSTITUTE($A7," "," "))+COUNTIFS('20260420'!$C$2:$C$1000,C$1,'20260420'!$E$2:$E$1000,$A7)+COUNTIFS('20260420'!$C$2:$C$1000,C$1,'20260420'!$E$2:$E$1000,SUBSTITUTE($A7," "," "))+COUNTIFS('20260421'!$C$2:$C$1000,C$1,'20260421'!$E$2:$E$1000,$A7)+COUNTIFS('20260421'!$C$2:$C$1000,C$1,'20260421'!$E$2:$E$1000,SUBSTITUTE($A7," "," "))+COUNTIFS('20260422'!$C$2:$C$1000,C$1,'20260422'!$E$2:$E$1000,$A7)+COUNTIFS('20260422'!$C$2:$C$1000,C$1,'20260422'!$E$2:$E$1000,SUBSTITUTE($A7," "," "))+COUNTIFS('20260423'!$C$2:$C$1000,C$1,'20260423'!$E$2:$E$1000,$A7)+COUNTIFS('20260423'!$C$2:$C$1000,C$1,'20260423'!$E$2:$E$1000,SUBSTITUTE($A7," "," "))+COUNTIFS('20260424'!$C$2:$C$1000,C$1,'20260424'!$E$2:$E$1000,$A7)+COUNTIFS('20260424'!$C$2:$C$1000,C$1,'20260424'!$E$2:$E$1000,SUBSTITUTE($A7," "," "))+COUNTIFS('20260427'!$C$2:$C$1000,C$1,'20260427'!$E$2:$E$1000,$A7)+COUNTIFS('20260427'!$C$2:$C$1000,C$1,'20260427'!$E$2:$E$1000,SUBSTITUTE($A7," "," "))+COUNTIFS('20260428'!$C$2:$C$1000,C$1,'20260428'!$E$2:$E$1000,$A7)+COUNTIFS('20260428'!$C$2:$C$1000,C$1,'20260428'!$E$2:$E$1000,SUBSTITUTE($A7," "," "))+COUNTIFS('20260430'!$C$2:$C$1000,C$1,'20260430'!$E$2:$E$1000,$A7)+COUNTIFS('20260430'!$C$2:$C$1000,C$1,'20260430'!$E$2:$E$1000,SUBSTITUTE($A7," "," ")) | D7: =COUNTIFS('20260401'!$C$2:$C$1000,D$1,'20260401'!$E$2:$E$1000,$A7)+COUNTIFS('20260401'!$C$2:$C$1000,D$1,'20260401'!$E$2:$E$1000,SUBSTITUTE($A7," "," "))+COUNTIFS('20260402'!$C$2:$C$1000,D$1,'20260402'!$E$2:$E$1000,$A7)+COUNTIFS('20260402'!$C$2:$C$1000,D$1,'20260402'!$E$2:$E$1000,SUBSTITUTE($A7," "," "))+COUNTIFS('20260403'!$C$2:$C$1000,D$1,'20260403'!$E$2:$E$1000,$A7)+COUNTIFS('20260403'!$C$2:$C$1000,D$1,'20260403'!$E$2:$E$1000,SUBSTITUTE($A7," "," "))+COUNTIFS('20260406'!$C$2:$C$1000,D$1,'20260406'!$E$2:$E$1000,$A7)+COUNTIFS('20260406'!$C$2:$C$1000,D$1,'20260406'!$E$2:$E$1000,SUBSTITUTE($A7," "," "))+COUNTIFS('20260407'!$C$2:$C$1000,D$1,'20260407'!$E$2:$E$1000,$A7)+COUNTIFS('20260407'!$C$2:$C$1000,D$1,'20260407'!$E$2:$E$1000,SUBSTITUTE($A7," "," "))+COUNTIFS('20260408'!$C$2:$C$1000,D$1,'20260408'!$E$2:$E$1000,$A7)+COUNTIFS('20260408'!$C$2:$C$1000,D$1,'20260408'!$E$2:$E$1000,SUBSTITUTE($A7," "," "))+COUNTIFS('20260409'!$C$2:$C$1000,D$1,'20260409'!$E$2:$E$1000,$A7)+COUNTIFS('20260409'!$C$2:$C$1000,D$1,'20260409'!$E$2:$E$1000,SUBSTITUTE($A7," "," "))+COUNTIFS('20260410'!$C$2:$C$1000,D$1,'20260410'!$E$2:$E$1000,$A7)+COUNTIFS('20260410'!$C$2:$C$1000,D$1,'20260410'!$E$2:$E$1000,SUBSTITUTE($A7," "," "))+COUNTIFS('20260413'!$C$2:$C$1000,D$1,'20260413'!$E$2:$E$1000,$A7)+COUNTIFS('20260413'!$C$2:$C$1000,D$1,'20260413'!$E$2:$E$1000,SUBSTITUTE($A7," "," "))+COUNTIFS('20260414'!$C$2:$C$1000,D$1,'20260414'!$E$2:$E$1000,$A7)+COUNTIFS('20260414'!$C$2:$C$1000,D$1,'20260414'!$E$2:$E$1000,SUBSTITUTE($A7," "," "))+COUNTIFS('20260415'!$C$2:$C$1000,D$1,'20260415'!$E$2:$E$1000,$A7)+COUNTIFS('20260415'!$C$2:$C$1000,D$1,'20260415'!$E$2:$E$1000,SUBSTITUTE($A7," "," "))+COUNTIFS('20260416'!$C$2:$C$1000,D$1,'20260416'!$E$2:$E$1000,$A7)+COUNTIFS('20260416'!$C$2:$C$1000,D$1,'20260416'!$E$2:$E$1000,SUBSTITUTE($A7," "," "))+COUNTIFS('20260417'!$C$2:$C$1000,D$1,'20260417'!$E$2:$E$1000,$A7)+COUNTIFS('20260417'!$C$2:$C$1000,D$1,'20260417'!$E$2:$E$1000,SUBSTITUTE($A7," "," "))+COUNTIFS('20260420'!$C$2:$C$1000,D$1,'20260420'!$E$2:$E$1000,$A7)+COUNTIFS('20260420'!$C$2:$C$1000,D$1,'20260420'!$E$2:$E$1000,SUBSTITUTE($A7," "," "))+COUNTIFS('20260421'!$C$2:$C$1000,D$1,'20260421'!$E$2:$E$1000,$A7)+COUNTIFS('20260421'!$C$2:$C$1000,D$1,'20260421'!$E$2:$E$1000,SUBSTITUTE($A7," "," "))+COUNTIFS('20260422'!$C$2:$C$1000,D$1,'20260422'!$E$2:$E$1000,$A7)+COUNTIFS('20260422'!$C$2:$C$1000,D$1,'20260422'!$E$2:$E$1000,SUBSTITUTE($A7," "," "))+COUNTIFS('20260423'!$C$2:$C$1000,D$1,'20260423'!$E$2:$E$1000,$A7)+COUNTIFS('20260423'!$C$2:$C$1000,D$1,'20260423'!$E$2:$E$1000,SUBSTITUTE($A7," "," "))+COUNTIFS('20260424'!$C$2:$C$1000,D$1,'20260424'!$E$2:$E$1000,$A7)+COUNTIFS('20260424'!$C$2:$C$1000,D$1,'20260424'!$E$2:$E$1000,SUBSTITUTE($A7," "," "))+COUNTIFS('20260427'!$C$2:$C$1000,D$1,'20260427'!$E$2:$E$1000,$A7)+COUNTIFS('20260427'!$C$2:$C$1000,D$1,'20260427'!$E$2:$E$1000,SUBSTITUTE($A7," "," "))+COUNTIFS('20260428'!$C$2:$C$1000,D$1,'20260428'!$E$2:$E$1000,$A7)+COUNTIFS('20260428'!$C$2:$C$1000,D$1,'20260428'!$E$2:$E$1000,SUBSTITUTE($A7," "," "))+COUNTIFS('20260430'!$C$2:$C$1000,D$1,'20260430'!$E$2:$E$1000,$A7)+COUNTIFS('20260430'!$C$2:$C$1000,D$1,'20260430'!$E$2:$E$1000,SUBSTITUTE($A7," "," ")) | E7: =SUM(B7:D7)
A8: 片岡 達也 | B8: =COUNTIFS('20260401'!$C$2:$C$1000,B$1,'20260401'!$E$2:$E$1000,$A8)+COUNTIFS('20260401'!$C$2:$C$1000,B$1,'20260401'!$E$2:$E$1000,SUBSTITUTE($A8," "," "))+COUNTIFS('20260402'!$C$2:$C$1000,B$1,'20260402'!$E$2:$E$1000,$A8)+COUNTIFS('20260402'!$C$2:$C$1000,B$1,'20260402'!$E$2:$E$1000,SUBSTITUTE($A8," "," "))+COUNTIFS('20260403'!$C$2:$C$1000,B$1,'20260403'!$E$2:$E$1000,$A8)+COUNTIFS('20260403'!$C$2:$C$1000,B$1,'20260403'!$E$2:$E$1000,SUBSTITUTE($A8," "," "))+COUNTIFS('20260406'!$C$2:$C$1000,B$1,'20260406'!$E$2:$E$1000,$A8)+COUNTIFS('20260406'!$C$2:$C$1000,B$1,'20260406'!$E$2:$E$1000,SUBSTITUTE($A8," "," "))+COUNTIFS('20260407'!$C$2:$C$1000,B$1,'20260407'!$E$2:$E$1000,$A8)+COUNTIFS('20260407'!$C$2:$C$1000,B$1,'20260407'!$E$2:$E$1000,SUBSTITUTE($A8," "," "))+COUNTIFS('20260408'!$C$2:$C$1000,B$1,'20260408'!$E$2:$E$1000,$A8)+COUNTIFS('20260408'!$C$2:$C$1000,B$1,'20260408'!$E$2:$E$1000,SUBSTITUTE($A8," "," "))+COUNTIFS('20260409'!$C$2:$C$1000,B$1,'20260409'!$E$2:$E$1000,$A8)+COUNTIFS('20260409'!$C$2:$C$1000,B$1,'20260409'!$E$2:$E$1000,SUBSTITUTE($A8," "," "))+COUNTIFS('20260410'!$C$2:$C$1000,B$1,'20260410'!$E$2:$E$1000,$A8)+COUNTIFS('20260410'!$C$2:$C$1000,B$1,'20260410'!$E$2:$E$1000,SUBSTITUTE($A8," "," "))+COUNTIFS('20260413'!$C$2:$C$1000,B$1,'20260413'!$E$2:$E$1000,$A8)+COUNTIFS('20260413'!$C$2:$C$1000,B$1,'20260413'!$E$2:$E$1000,SUBSTITUTE($A8," "," "))+COUNTIFS('20260414'!$C$2:$C$1000,B$1,'20260414'!$E$2:$E$1000,$A8)+COUNTIFS('20260414'!$C$2:$C$1000,B$1,'20260414'!$E$2:$E$1000,SUBSTITUTE($A8," "," "))+COUNTIFS('20260415'!$C$2:$C$1000,B$1,'20260415'!$E$2:$E$1000,$A8)+COUNTIFS('20260415'!$C$2:$C$1000,B$1,'20260415'!$E$2:$E$1000,SUBSTITUTE($A8," "," "))+COUNTIFS('20260416'!$C$2:$C$1000,B$1,'20260416'!$E$2:$E$1000,$A8)+COUNTIFS('20260416'!$C$2:$C$1000,B$1,'20260416'!$E$2:$E$1000,SUBSTITUTE($A8," "," "))+COUNTIFS('20260417'!$C$2:$C$1000,B$1,'20260417'!$E$2:$E$1000,$A8)+COUNTIFS('20260417'!$C$2:$C$1000,B$1,'20260417'!$E$2:$E$1000,SUBSTITUTE($A8," "," "))+COUNTIFS('20260420'!$C$2:$C$1000,B$1,'20260420'!$E$2:$E$1000,$A8)+COUNTIFS('20260420'!$C$2:$C$1000,B$1,'20260420'!$E$2:$E$1000,SUBSTITUTE($A8," "," "))+COUNTIFS('20260421'!$C$2:$C$1000,B$1,'20260421'!$E$2:$E$1000,$A8)+COUNTIFS('20260421'!$C$2:$C$1000,B$1,'20260421'!$E$2:$E$1000,SUBSTITUTE($A8," "," "))+COUNTIFS('20260422'!$C$2:$C$1000,B$1,'20260422'!$E$2:$E$1000,$A8)+COUNTIFS('20260422'!$C$2:$C$1000,B$1,'20260422'!$E$2:$E$1000,SUBSTITUTE($A8," "," "))+COUNTIFS('20260423'!$C$2:$C$1000,B$1,'20260423'!$E$2:$E$1000,$A8)+COUNTIFS('20260423'!$C$2:$C$1000,B$1,'20260423'!$E$2:$E$1000,SUBSTITUTE($A8," "," "))+COUNTIFS('20260424'!$C$2:$C$1000,B$1,'20260424'!$E$2:$E$1000,$A8)+COUNTIFS('20260424'!$C$2:$C$1000,B$1,'20260424'!$E$2:$E$1000,SUBSTITUTE($A8," "," "))+COUNTIFS('20260427'!$C$2:$C$1000,B$1,'20260427'!$E$2:$E$1000,$A8)+COUNTIFS('20260427'!$C$2:$C$1000,B$1,'20260427'!$E$2:$E$1000,SUBSTITUTE($A8," "," "))+COUNTIFS('20260428'!$C$2:$C$1000,B$1,'20260428'!$E$2:$E$1000,$A8)+COUNTIFS('20260428'!$C$2:$C$1000,B$1,'20260428'!$E$2:$E$1000,SUBSTITUTE($A8," "," "))+COUNTIFS('20260430'!$C$2:$C$1000,B$1,'20260430'!$E$2:$E$1000,$A8)+COUNTIFS('20260430'!$C$2:$C$1000,B$1,'20260430'!$E$2:$E$1000,SUBSTITUTE($A8," "," ")) | C8: =COUNTIFS('20260401'!$C$2:$C$1000,C$1,'20260401'!$E$2:$E$1000,$A8)+COUNTIFS('20260401'!$C$2:$C$1000,C$1,'20260401'!$E$2:$E$1000,SUBSTITUTE($A8," "," "))+COUNTIFS('20260402'!$C$2:$C$1000,C$1,'20260402'!$E$2:$E$1000,$A8)+COUNTIFS('20260402'!$C$2:$C$1000,C$1,'20260402'!$E$2:$E$1000,SUBSTITUTE($A8," "," "))+COUNTIFS('20260403'!$C$2:$C$1000,C$1,'20260403'!$E$2:$E$1000,$A8)+COUNTIFS('20260403'!$C$2:$C$1000,C$1,'20260403'!$E$2:$E$1000,SUBSTITUTE($A8," "," "))+COUNTIFS('20260406'!$C$2:$C$1000,C$1,'20260406'!$E$2:$E$1000,$A8)+COUNTIFS('20260406'!$C$2:$C$1000,C$1,'20260406'!$E$2:$E$1000,SUBSTITUTE($A8," "," "))+COUNTIFS('20260407'!$C$2:$C$1000,C$1,'20260407'!$E$2:$E$1000,$A8)+COUNTIFS('20260407'!$C$2:$C$1000,C$1,'20260407'!$E$2:$E$1000,SUBSTITUTE($A8," "," "))+COUNTIFS('20260408'!$C$2:$C$1000,C$1,'20260408'!$E$2:$E$1000,$A8)+COUNTIFS('20260408'!$C$2:$C$1000,C$1,'20260408'!$E$2:$E$1000,SUBSTITUTE($A8," "," "))+COUNTIFS('20260409'!$C$2:$C$1000,C$1,'20260409'!$E$2:$E$1000,$A8)+COUNTIFS('20260409'!$C$2:$C$1000,C$1,'20260409'!$E$2:$E$1000,SUBSTITUTE($A8," "," "))+COUNTIFS('20260410'!$C$2:$C$1000,C$1,'20260410'!$E$2:$E$1000,$A8)+COUNTIFS('20260410'!$C$2:$C$1000,C$1,'20260410'!$E$2:$E$1000,SUBSTITUTE($A8," "," "))+COUNTIFS('20260413'!$C$2:$C$1000,C$1,'20260413'!$E$2:$E$1000,$A8)+COUNTIFS('20260413'!$C$2:$C$1000,C$1,'20260413'!$E$2:$E$1000,SUBSTITUTE($A8," "," "))+COUNTIFS('20260414'!$C$2:$C$1000,C$1,'20260414'!$E$2:$E$1000,$A8)+COUNTIFS('20260414'!$C$2:$C$1000,C$1,'20260414'!$E$2:$E$1000,SUBSTITUTE($A8," "," "))+COUNTIFS('20260415'!$C$2:$C$1000,C$1,'20260415'!$E$2:$E$1000,$A8)+COUNTIFS('20260415'!$C$2:$C$1000,C$1,'20260415'!$E$2:$E$1000,SUBSTITUTE($A8," "," "))+COUNTIFS('20260416'!$C$2:$C$1000,C$1,'20260416'!$E$2:$E$1000,$A8)+COUNTIFS('20260416'!$C$2:$C$1000,C$1,'20260416'!$E$2:$E$1000,SUBSTITUTE($A8," "," "))+COUNTIFS('20260417'!$C$2:$C$1000,C$1,'20260417'!$E$2:$E$1000,$A8)+COUNTIFS('20260417'!$C$2:$C$1000,C$1,'20260417'!$E$2:$E$1000,SUBSTITUTE($A8," "," "))+COUNTIFS('20260420'!$C$2:$C$1000,C$1,'20260420'!$E$2:$E$1000,$A8)+COUNTIFS('20260420'!$C$2:$C$1000,C$1,'20260420'!$E$2:$E$1000,SUBSTITUTE($A8," "," "))+COUNTIFS('20260421'!$C$2:$C$1000,C$1,'20260421'!$E$2:$E$1000,$A8)+COUNTIFS('20260421'!$C$2:$C$1000,C$1,'20260421'!$E$2:$E$1000,SUBSTITUTE($A8," "," "))+COUNTIFS('20260422'!$C$2:$C$1000,C$1,'20260422'!$E$2:$E$1000,$A8)+COUNTIFS('20260422'!$C$2:$C$1000,C$1,'20260422'!$E$2:$E$1000,SUBSTITUTE($A8," "," "))+COUNTIFS('20260423'!$C$2:$C$1000,C$1,'20260423'!$E$2:$E$1000,$A8)+COUNTIFS('20260423'!$C$2:$C$1000,C$1,'20260423'!$E$2:$E$1000,SUBSTITUTE($A8," "," "))+COUNTIFS('20260424'!$C$2:$C$1000,C$1,'20260424'!$E$2:$E$1000,$A8)+COUNTIFS('20260424'!$C$2:$C$1000,C$1,'20260424'!$E$2:$E$1000,SUBSTITUTE($A8," "," "))+COUNTIFS('20260427'!$C$2:$C$1000,C$1,'20260427'!$E$2:$E$1000,$A8)+COUNTIFS('20260427'!$C$2:$C$1000,C$1,'20260427'!$E$2:$E$1000,SUBSTITUTE($A8," "," "))+COUNTIFS('20260428'!$C$2:$C$1000,C$1,'20260428'!$E$2:$E$1000,$A8)+COUNTIFS('20260428'!$C$2:$C$1000,C$1,'20260428'!$E$2:$E$1000,SUBSTITUTE($A8," "," "))+COUNTIFS('20260430'!$C$2:$C$1000,C$1,'20260430'!$E$2:$E$1000,$A8)+COUNTIFS('20260430'!$C$2:$C$1000,C$1,'20260430'!$E$2:$E$1000,SUBSTITUTE($A8," "," ")) | D8: =COUNTIFS('20260401'!$C$2:$C$1000,D$1,'20260401'!$E$2:$E$1000,$A8)+COUNTIFS('20260401'!$C$2:$C$1000,D$1,'20260401'!$E$2:$E$1000,SUBSTITUTE($A8," "," "))+COUNTIFS('20260402'!$C$2:$C$1000,D$1,'20260402'!$E$2:$E$1000,$A8)+COUNTIFS('20260402'!$C$2:$C$1000,D$1,'20260402'!$E$2:$E$1000,SUBSTITUTE($A8," "," "))+COUNTIFS('20260403'!$C$2:$C$1000,D$1,'20260403'!$E$2:$E$1000,$A8)+COUNTIFS('20260403'!$C$2:$C$1000,D$1,'20260403'!$E$2:$E$1000,SUBSTITUTE($A8," "," "))+COUNTIFS('20260406'!$C$2:$C$1000,D$1,'20260406'!$E$2:$E$1000,$A8)+COUNTIFS('20260406'!$C$2:$C$1000,D$1,'20260406'!$E$2:$E$1000,SUBSTITUTE($A8," "," "))+COUNTIFS('20260407'!$C$2:$C$1000,D$1,'20260407'!$E$2:$E$1000,$A8)+COUNTIFS('20260407'!$C$2:$C$1000,D$1,'20260407'!$E$2:$E$1000,SUBSTITUTE($A8," "," "))+COUNTIFS('20260408'!$C$2:$C$1000,D$1,'20260408'!$E$2:$E$1000,$A8)+COUNTIFS('20260408'!$C$2:$C$1000,D$1,'20260408'!$E$2:$E$1000,SUBSTITUTE($A8," "," "))+COUNTIFS('20260409'!$C$2:$C$1000,D$1,'20260409'!$E$2:$E$1000,$A8)+COUNTIFS('20260409'!$C$2:$C$1000,D$1,'20260409'!$E$2:$E$1000,SUBSTITUTE($A8," "," "))+COUNTIFS('20260410'!$C$2:$C$1000,D$1,'20260410'!$E$2:$E$1000,$A8)+COUNTIFS('20260410'!$C$2:$C$1000,D$1,'20260410'!$E$2:$E$1000,SUBSTITUTE($A8," "," "))+COUNTIFS('20260413'!$C$2:$C$1000,D$1,'20260413'!$E$2:$E$1000,$A8)+COUNTIFS('20260413'!$C$2:$C$1000,D$1,'20260413'!$E$2:$E$1000,SUBSTITUTE($A8," "," "))+COUNTIFS('20260414'!$C$2:$C$1000,D$1,'20260414'!$E$2:$E$1000,$A8)+COUNTIFS('20260414'!$C$2:$C$1000,D$1,'20260414'!$E$2:$E$1000,SUBSTITUTE($A8," "," "))+COUNTIFS('20260415'!$C$2:$C$1000,D$1,'20260415'!$E$2:$E$1000,$A8)+COUNTIFS('20260415'!$C$2:$C$1000,D$1,'20260415'!$E$2:$E$1000,SUBSTITUTE($A8," "," "))+COUNTIFS('20260416'!$C$2:$C$1000,D$1,'20260416'!$E$2:$E$1000,$A8)+COUNTIFS('20260416'!$C$2:$C$1000,D$1,'20260416'!$E$2:$E$1000,SUBSTITUTE($A8," "," "))+COUNTIFS('20260417'!$C$2:$C$1000,D$1,'20260417'!$E$2:$E$1000,$A8)+COUNTIFS('20260417'!$C$2:$C$1000,D$1,'20260417'!$E$2:$E$1000,SUBSTITUTE($A8," "," "))+COUNTIFS('20260420'!$C$2:$C$1000,D$1,'20260420'!$E$2:$E$1000,$A8)+COUNTIFS('20260420'!$C$2:$C$1000,D$1,'20260420'!$E$2:$E$1000,SUBSTITUTE($A8," "," "))+COUNTIFS('20260421'!$C$2:$C$1000,D$1,'20260421'!$E$2:$E$1000,$A8)+COUNTIFS('20260421'!$C$2:$C$1000,D$1,'20260421'!$E$2:$E$1000,SUBSTITUTE($A8," "," "))+COUNTIFS('20260422'!$C$2:$C$1000,D$1,'20260422'!$E$2:$E$1000,$A8)+COUNTIFS('20260422'!$C$2:$C$1000,D$1,'20260422'!$E$2:$E$1000,SUBSTITUTE($A8," "," "))+COUNTIFS('20260423'!$C$2:$C$1000,D$1,'20260423'!$E$2:$E$1000,$A8)+COUNTIFS('20260423'!$C$2:$C$1000,D$1,'20260423'!$E$2:$E$1000,SUBSTITUTE($A8," "," "))+COUNTIFS('20260424'!$C$2:$C$1000,D$1,'20260424'!$E$2:$E$1000,$A8)+COUNTIFS('20260424'!$C$2:$C$1000,D$1,'20260424'!$E$2:$E$1000,SUBSTITUTE($A8," "," "))+COUNTIFS('20260427'!$C$2:$C$1000,D$1,'20260427'!$E$2:$E$1000,$A8)+COUNTIFS('20260427'!$C$2:$C$1000,D$1,'20260427'!$E$2:$E$1000,SUBSTITUTE($A8," "," "))+COUNTIFS('20260428'!$C$2:$C$1000,D$1,'20260428'!$E$2:$E$1000,$A8)+COUNTIFS('20260428'!$C$2:$C$1000,D$1,'20260428'!$E$2:$E$1000,SUBSTITUTE($A8," "," "))+COUNTIFS('20260430'!$C$2:$C$1000,D$1,'20260430'!$E$2:$E$1000,$A8)+COUNTIFS('20260430'!$C$2:$C$1000,D$1,'20260430'!$E$2:$E$1000,SUBSTITUTE($A8," "," ")) | E8: =SUM(B8:D8)
A9: 後藤 克行 | B9: =COUNTIFS('20260401'!$C$2:$C$1000,B$1,'20260401'!$E$2:$E$1000,$A9)+COUNTIFS('20260401'!$C$2:$C$1000,B$1,'20260401'!$E$2:$E$1000,SUBSTITUTE($A9," "," "))+COUNTIFS('20260402'!$C$2:$C$1000,B$1,'20260402'!$E$2:$E$1000,$A9)+COUNTIFS('20260402'!$C$2:$C$1000,B$1,'20260402'!$E$2:$E$1000,SUBSTITUTE($A9," "," "))+COUNTIFS('20260403'!$C$2:$C$1000,B$1,'20260403'!$E$2:$E$1000,$A9)+COUNTIFS('20260403'!$C$2:$C$1000,B$1,'20260403'!$E$2:$E$1000,SUBSTITUTE($A9," "," "))+COUNTIFS('20260406'!$C$2:$C$1000,B$1,'20260406'!$E$2:$E$1000,$A9)+COUNTIFS('20260406'!$C$2:$C$1000,B$1,'20260406'!$E$2:$E$1000,SUBSTITUTE($A9," "," "))+COUNTIFS('20260407'!$C$2:$C$1000,B$1,'20260407'!$E$2:$E$1000,$A9)+COUNTIFS('20260407'!$C$2:$C$1000,B$1,'20260407'!$E$2:$E$1000,SUBSTITUTE($A9," "," "))+COUNTIFS('20260408'!$C$2:$C$1000,B$1,'20260408'!$E$2:$E$1000,$A9)+COUNTIFS('20260408'!$C$2:$C$1000,B$1,'20260408'!$E$2:$E$1000,SUBSTITUTE($A9," "," "))+COUNTIFS('20260409'!$C$2:$C$1000,B$1,'20260409'!$E$2:$E$1000,$A9)+COUNTIFS('20260409'!$C$2:$C$1000,B$1,'20260409'!$E$2:$E$1000,SUBSTITUTE($A9," "," "))+COUNTIFS('20260410'!$C$2:$C$1000,B$1,'20260410'!$E$2:$E$1000,$A9)+COUNTIFS('20260410'!$C$2:$C$1000,B$1,'20260410'!$E$2:$E$1000,SUBSTITUTE($A9," "," "))+COUNTIFS('20260413'!$C$2:$C$1000,B$1,'20260413'!$E$2:$E$1000,$A9)+COUNTIFS('20260413'!$C$2:$C$1000,B$1,'20260413'!$E$2:$E$1000,SUBSTITUTE($A9," "," "))+COUNTIFS('20260414'!$C$2:$C$1000,B$1,'20260414'!$E$2:$E$1000,$A9)+COUNTIFS('20260414'!$C$2:$C$1000,B$1,'20260414'!$E$2:$E$1000,SUBSTITUTE($A9," "," "))+COUNTIFS('20260415'!$C$2:$C$1000,B$1,'20260415'!$E$2:$E$1000,$A9)+COUNTIFS('20260415'!$C$2:$C$1000,B$1,'20260415'!$E$2:$E$1000,SUBSTITUTE($A9," "," "))+COUNTIFS('20260416'!$C$2:$C$1000,B$1,'20260416'!$E$2:$E$1000,$A9)+COUNTIFS('20260416'!$C$2:$C$1000,B$1,'20260416'!$E$2:$E$1000,SUBSTITUTE($A9," "," "))+COUNTIFS('20260417'!$C$2:$C$1000,B$1,'20260417'!$E$2:$E$1000,$A9)+COUNTIFS('20260417'!$C$2:$C$1000,B$1,'20260417'!$E$2:$E$1000,SUBSTITUTE($A9," "," "))+COUNTIFS('20260420'!$C$2:$C$1000,B$1,'20260420'!$E$2:$E$1000,$A9)+COUNTIFS('20260420'!$C$2:$C$1000,B$1,'20260420'!$E$2:$E$1000,SUBSTITUTE($A9," "," "))+COUNTIFS('20260421'!$C$2:$C$1000,B$1,'20260421'!$E$2:$E$1000,$A9)+COUNTIFS('20260421'!$C$2:$C$1000,B$1,'20260421'!$E$2:$E$1000,SUBSTITUTE($A9," "," "))+COUNTIFS('20260422'!$C$2:$C$1000,B$1,'20260422'!$E$2:$E$1000,$A9)+COUNTIFS('20260422'!$C$2:$C$1000,B$1,'20260422'!$E$2:$E$1000,SUBSTITUTE($A9," "," "))+COUNTIFS('20260423'!$C$2:$C$1000,B$1,'20260423'!$E$2:$E$1000,$A9)+COUNTIFS('20260423'!$C$2:$C$1000,B$1,'20260423'!$E$2:$E$1000,SUBSTITUTE($A9," "," "))+COUNTIFS('20260424'!$C$2:$C$1000,B$1,'20260424'!$E$2:$E$1000,$A9)+COUNTIFS('20260424'!$C$2:$C$1000,B$1,'20260424'!$E$2:$E$1000,SUBSTITUTE($A9," "," "))+COUNTIFS('20260427'!$C$2:$C$1000,B$1,'20260427'!$E$2:$E$1000,$A9)+COUNTIFS('20260427'!$C$2:$C$1000,B$1,'20260427'!$E$2:$E$1000,SUBSTITUTE($A9," "," "))+COUNTIFS('20260428'!$C$2:$C$1000,B$1,'20260428'!$E$2:$E$1000,$A9)+COUNTIFS('20260428'!$C$2:$C$1000,B$1,'20260428'!$E$2:$E$1000,SUBSTITUTE($A9," "," "))+COUNTIFS('20260430'!$C$2:$C$1000,B$1,'20260430'!$E$2:$E$1000,$A9)+COUNTIFS('20260430'!$C$2:$C$1000,B$1,'20260430'!$E$2:$E$1000,SUBSTITUTE($A9," "," ")) | C9: =COUNTIFS('20260401'!$C$2:$C$1000,C$1,'20260401'!$E$2:$E$1000,$A9)+COUNTIFS('20260401'!$C$2:$C$1000,C$1,'20260401'!$E$2:$E$1000,SUBSTITUTE($A9," "," "))+COUNTIFS('20260402'!$C$2:$C$1000,C$1,'20260402'!$E$2:$E$1000,$A9)+COUNTIFS('20260402'!$C$2:$C$1000,C$1,'20260402'!$E$2:$E$1000,SUBSTITUTE($A9," "," "))+COUNTIFS('20260403'!$C$2:$C$1000,C$1,'20260403'!$E$2:$E$1000,$A9)+COUNTIFS('20260403'!$C$2:$C$1000,C$1,'20260403'!$E$2:$E$1000,SUBSTITUTE($A9," "," "))+COUNTIFS('20260406'!$C$2:$C$1000,C$1,'20260406'!$E$2:$E$1000,$A9)+COUNTIFS('20260406'!$C$2:$C$1000,C$1,'20260406'!$E$2:$E$1000,SUBSTITUTE($A9," "," "))+COUNTIFS('20260407'!$C$2:$C$1000,C$1,'20260407'!$E$2:$E$1000,$A9)+COUNTIFS('20260407'!$C$2:$C$1000,C$1,'20260407'!$E$2:$E$1000,SUBSTITUTE($A9," "," "))+COUNTIFS('20260408'!$C$2:$C$1000,C$1,'20260408'!$E$2:$E$1000,$A9)+COUNTIFS('20260408'!$C$2:$C$1000,C$1,'20260408'!$E$2:$E$1000,SUBSTITUTE($A9," "," "))+COUNTIFS('20260409'!$C$2:$C$1000,C$1,'20260409'!$E$2:$E$1000,$A9)+COUNTIFS('20260409'!$C$2:$C$1000,C$1,'20260409'!$E$2:$E$1000,SUBSTITUTE($A9," "," "))+COUNTIFS('20260410'!$C$2:$C$1000,C$1,'20260410'!$E$2:$E$1000,$A9)+COUNTIFS('20260410'!$C$2:$C$1000,C$1,'20260410'!$E$2:$E$1000,SUBSTITUTE($A9," "," "))+COUNTIFS('20260413'!$C$2:$C$1000,C$1,'20260413'!$E$2:$E$1000,$A9)+COUNTIFS('20260413'!$C$2:$C$1000,C$1,'20260413'!$E$2:$E$1000,SUBSTITUTE($A9," "," "))+COUNTIFS('20260414'!$C$2:$C$1000,C$1,'20260414'!$E$2:$E$1000,$A9)+COUNTIFS('20260414'!$C$2:$C$1000,C$1,'20260414'!$E$2:$E$1000,SUBSTITUTE($A9," "," "))+COUNTIFS('20260415'!$C$2:$C$1000,C$1,'20260415'!$E$2:$E$1000,$A9)+COUNTIFS('20260415'!$C$2:$C$1000,C$1,'20260415'!$E$2:$E$1000,SUBSTITUTE($A9," "," "))+COUNTIFS('20260416'!$C$2:$C$1000,C$1,'20260416'!$E$2:$E$1000,$A9)+COUNTIFS('20260416'!$C$2:$C$1000,C$1,'20260416'!$E$2:$E$1000,SUBSTITUTE($A9," "," "))+COUNTIFS('20260417'!$C$2:$C$1000,C$1,'20260417'!$E$2:$E$1000,$A9)+COUNTIFS('20260417'!$C$2:$C$1000,C$1,'20260417'!$E$2:$E$1000,SUBSTITUTE($A9," "," "))+COUNTIFS('20260420'!$C$2:$C$1000,C$1,'20260420'!$E$2:$E$1000,$A9)+COUNTIFS('20260420'!$C$2:$C$1000,C$1,'20260420'!$E$2:$E$1000,SUBSTITUTE($A9," "," "))+COUNTIFS('20260421'!$C$2:$C$1000,C$1,'20260421'!$E$2:$E$1000,$A9)+COUNTIFS('20260421'!$C$2:$C$1000,C$1,'20260421'!$E$2:$E$1000,SUBSTITUTE($A9," "," "))+COUNTIFS('20260422'!$C$2:$C$1000,C$1,'20260422'!$E$2:$E$1000,$A9)+COUNTIFS('20260422'!$C$2:$C$1000,C$1,'20260422'!$E$2:$E$1000,SUBSTITUTE($A9," "," "))+COUNTIFS('20260423'!$C$2:$C$1000,C$1,'20260423'!$E$2:$E$1000,$A9)+COUNTIFS('20260423'!$C$2:$C$1000,C$1,'20260423'!$E$2:$E$1000,SUBSTITUTE($A9," "," "))+COUNTIFS('20260424'!$C$2:$C$1000,C$1,'20260424'!$E$2:$E$1000,$A9)+COUNTIFS('20260424'!$C$2:$C$1000,C$1,'20260424'!$E$2:$E$1000,SUBSTITUTE($A9," "," "))+COUNTIFS('20260427'!$C$2:$C$1000,C$1,'20260427'!$E$2:$E$1000,$A9)+COUNTIFS('20260427'!$C$2:$C$1000,C$1,'20260427'!$E$2:$E$1000,SUBSTITUTE($A9," "," "))+COUNTIFS('20260428'!$C$2:$C$1000,C$1,'20260428'!$E$2:$E$1000,$A9)+COUNTIFS('20260428'!$C$2:$C$1000,C$1,'20260428'!$E$2:$E$1000,SUBSTITUTE($A9," "," "))+COUNTIFS('20260430'!$C$2:$C$1000,C$1,'20260430'!$E$2:$E$1000,$A9)+COUNTIFS('20260430'!$C$2:$C$1000,C$1,'20260430'!$E$2:$E$1000,SUBSTITUTE($A9," "," ")) | D9: =COUNTIFS('20260401'!$C$2:$C$1000,D$1,'20260401'!$E$2:$E$1000,$A9)+COUNTIFS('20260401'!$C$2:$C$1000,D$1,'20260401'!$E$2:$E$1000,SUBSTITUTE($A9," "," "))+COUNTIFS('20260402'!$C$2:$C$1000,D$1,'20260402'!$E$2:$E$1000,$A9)+COUNTIFS('20260402'!$C$2:$C$1000,D$1,'20260402'!$E$2:$E$1000,SUBSTITUTE($A9," "," "))+COUNTIFS('20260403'!$C$2:$C$1000,D$1,'20260403'!$E$2:$E$1000,$A9)+COUNTIFS('20260403'!$C$2:$C$1000,D$1,'20260403'!$E$2:$E$1000,SUBSTITUTE($A9," "," "))+COUNTIFS('20260406'!$C$2:$C$1000,D$1,'20260406'!$E$2:$E$1000,$A9)+COUNTIFS('20260406'!$C$2:$C$1000,D$1,'20260406'!$E$2:$E$1000,SUBSTITUTE($A9," "," "))+COUNTIFS('20260407'!$C$2:$C$1000,D$1,'20260407'!$E$2:$E$1000,$A9)+COUNTIFS('20260407'!$C$2:$C$1000,D$1,'20260407'!$E$2:$E$1000,SUBSTITUTE($A9," "," "))+COUNTIFS('20260408'!$C$2:$C$1000,D$1,'20260408'!$E$2:$E$1000,$A9)+COUNTIFS('20260408'!$C$2:$C$1000,D$1,'20260408'!$E$2:$E$1000,SUBSTITUTE($A9," "," "))+COUNTIFS('20260409'!$C$2:$C$1000,D$1,'20260409'!$E$2:$E$1000,$A9)+COUNTIFS('20260409'!$C$2:$C$1000,D$1,'20260409'!$E$2:$E$1000,SUBSTITUTE($A9," "," "))+COUNTIFS('20260410'!$C$2:$C$1000,D$1,'20260410'!$E$2:$E$1000,$A9)+COUNTIFS('20260410'!$C$2:$C$1000,D$1,'20260410'!$E$2:$E$1000,SUBSTITUTE($A9," "," "))+COUNTIFS('20260413'!$C$2:$C$1000,D$1,'20260413'!$E$2:$E$1000,$A9)+COUNTIFS('20260413'!$C$2:$C$1000,D$1,'20260413'!$E$2:$E$1000,SUBSTITUTE($A9," "," "))+COUNTIFS('20260414'!$C$2:$C$1000,D$1,'20260414'!$E$2:$E$1000,$A9)+COUNTIFS('20260414'!$C$2:$C$1000,D$1,'20260414'!$E$2:$E$1000,SUBSTITUTE($A9," "," "))+COUNTIFS('20260415'!$C$2:$C$1000,D$1,'20260415'!$E$2:$E$1000,$A9)+COUNTIFS('20260415'!$C$2:$C$1000,D$1,'20260415'!$E$2:$E$1000,SUBSTITUTE($A9," "," "))+COUNTIFS('20260416'!$C$2:$C$1000,D$1,'20260416'!$E$2:$E$1000,$A9)+COUNTIFS('20260416'!$C$2:$C$1000,D$1,'20260416'!$E$2:$E$1000,SUBSTITUTE($A9," "," "))+COUNTIFS('20260417'!$C$2:$C$1000,D$1,'20260417'!$E$2:$E$1000,$A9)+COUNTIFS('20260417'!$C$2:$C$1000,D$1,'20260417'!$E$2:$E$1000,SUBSTITUTE($A9," "," "))+COUNTIFS('20260420'!$C$2:$C$1000,D$1,'20260420'!$E$2:$E$1000,$A9)+COUNTIFS('20260420'!$C$2:$C$1000,D$1,'20260420'!$E$2:$E$1000,SUBSTITUTE($A9," "," "))+COUNTIFS('20260421'!$C$2:$C$1000,D$1,'20260421'!$E$2:$E$1000,$A9)+COUNTIFS('20260421'!$C$2:$C$1000,D$1,'20260421'!$E$2:$E$1000,SUBSTITUTE($A9," "," "))+COUNTIFS('20260422'!$C$2:$C$1000,D$1,'20260422'!$E$2:$E$1000,$A9)+COUNTIFS('20260422'!$C$2:$C$1000,D$1,'20260422'!$E$2:$E$1000,SUBSTITUTE($A9," "," "))+COUNTIFS('20260423'!$C$2:$C$1000,D$1,'20260423'!$E$2:$E$1000,$A9)+COUNTIFS('20260423'!$C$2:$C$1000,D$1,'20260423'!$E$2:$E$1000,SUBSTITUTE($A9," "," "))+COUNTIFS('20260424'!$C$2:$C$1000,D$1,'20260424'!$E$2:$E$1000,$A9)+COUNTIFS('20260424'!$C$2:$C$1000,D$1,'20260424'!$E$2:$E$1000,SUBSTITUTE($A9," "," "))+COUNTIFS('20260427'!$C$2:$C$1000,D$1,'20260427'!$E$2:$E$1000,$A9)+COUNTIFS('20260427'!$C$2:$C$1000,D$1,'20260427'!$E$2:$E$1000,SUBSTITUTE($A9," "," "))+COUNTIFS('20260428'!$C$2:$C$1000,D$1,'20260428'!$E$2:$E$1000,$A9)+COUNTIFS('20260428'!$C$2:$C$1000,D$1,'20260428'!$E$2:$E$1000,SUBSTITUTE($A9," "," "))+COUNTIFS('20260430'!$C$2:$C$1000,D$1,'20260430'!$E$2:$E$1000,$A9)+COUNTIFS('20260430'!$C$2:$C$1000,D$1,'20260430'!$E$2:$E$1000,SUBSTITUTE($A9," "," ")) | E9: =SUM(B9:D9)
A10: 柴田 雅行 | B10: =COUNTIFS('20260401'!$C$2:$C$1000,B$1,'20260401'!$E$2:$E$1000,$A10)+COUNTIFS('20260401'!$C$2:$C$1000,B$1,'20260401'!$E$2:$E$1000,SUBSTITUTE($A10," "," "))+COUNTIFS('20260402'!$C$2:$C$1000,B$1,'20260402'!$E$2:$E$1000,$A10)+COUNTIFS('20260402'!$C$2:$C$1000,B$1,'20260402'!$E$2:$E$1000,SUBSTITUTE($A10," "," "))+COUNTIFS('20260403'!$C$2:$C$1000,B$1,'20260403'!$E$2:$E$1000,$A10)+COUNTIFS('20260403'!$C$2:$C$1000,B$1,'20260403'!$E$2:$E$1000,SUBSTITUTE($A10," "," "))+COUNTIFS('20260406'!$C$2:$C$1000,B$1,'20260406'!$E$2:$E$1000,$A10)+COUNTIFS('20260406'!$C$2:$C$1000,B$1,'20260406'!$E$2:$E$1000,SUBSTITUTE($A10," "," "))+COUNTIFS('20260407'!$C$2:$C$1000,B$1,'20260407'!$E$2:$E$1000,$A10)+COUNTIFS('20260407'!$C$2:$C$1000,B$1,'20260407'!$E$2:$E$1000,SUBSTITUTE($A10," "," "))+COUNTIFS('20260408'!$C$2:$C$1000,B$1,'20260408'!$E$2:$E$1000,$A10)+COUNTIFS('20260408'!$C$2:$C$1000,B$1,'20260408'!$E$2:$E$1000,SUBSTITUTE($A10," "," "))+COUNTIFS('20260409'!$C$2:$C$1000,B$1,'20260409'!$E$2:$E$1000,$A10)+COUNTIFS('20260409'!$C$2:$C$1000,B$1,'20260409'!$E$2:$E$1000,SUBSTITUTE($A10," "," "))+COUNTIFS('20260410'!$C$2:$C$1000,B$1,'20260410'!$E$2:$E$1000,$A10)+COUNTIFS('20260410'!$C$2:$C$1000,B$1,'20260410'!$E$2:$E$1000,SUBSTITUTE($A10," "," "))+COUNTIFS('20260413'!$C$2:$C$1000,B$1,'20260413'!$E$2:$E$1000,$A10)+COUNTIFS('20260413'!$C$2:$C$1000,B$1,'20260413'!$E$2:$E$1000,SUBSTITUTE($A10," "," "))+COUNTIFS('20260414'!$C$2:$C$1000,B$1,'20260414'!$E$2:$E$1000,$A10)+COUNTIFS('20260414'!$C$2:$C$1000,B$1,'20260414'!$E$2:$E$1000,SUBSTITUTE($A10," "," "))+COUNTIFS('20260415'!$C$2:$C$1000,B$1,'20260415'!$E$2:$E$1000,$A10)+COUNTIFS('20260415'!$C$2:$C$1000,B$1,'20260415'!$E$2:$E$1000,SUBSTITUTE($A10," "," "))+COUNTIFS('20260416'!$C$2:$C$1000,B$1,'20260416'!$E$2:$E$1000,$A10)+COUNTIFS('20260416'!$C$2:$C$1000,B$1,'20260416'!$E$2:$E$1000,SUBSTITUTE($A10," "," "))+COUNTIFS('20260417'!$C$2:$C$1000,B$1,'20260417'!$E$2:$E$1000,$A10)+COUNTIFS('20260417'!$C$2:$C$1000,B$1,'20260417'!$E$2:$E$1000,SUBSTITUTE($A10," "," "))+COUNTIFS('20260420'!$C$2:$C$1000,B$1,'20260420'!$E$2:$E$1000,$A10)+COUNTIFS('20260420'!$C$2:$C$1000,B$1,'20260420'!$E$2:$E$1000,SUBSTITUTE($A10," "," "))+COUNTIFS('20260421'!$C$2:$C$1000,B$1,'20260421'!$E$2:$E$1000,$A10)+COUNTIFS('20260421'!$C$2:$C$1000,B$1,'20260421'!$E$2:$E$1000,SUBSTITUTE($A10," "," "))+COUNTIFS('20260422'!$C$2:$C$1000,B$1,'20260422'!$E$2:$E$1000,$A10)+COUNTIFS('20260422'!$C$2:$C$1000,B$1,'20260422'!$E$2:$E$1000,SUBSTITUTE($A10," "," "))+COUNTIFS('20260423'!$C$2:$C$1000,B$1,'20260423'!$E$2:$E$1000,$A10)+COUNTIFS('20260423'!$C$2:$C$1000,B$1,'20260423'!$E$2:$E$1000,SUBSTITUTE($A10," "," "))+COUNTIFS('20260424'!$C$2:$C$1000,B$1,'20260424'!$E$2:$E$1000,$A10)+COUNTIFS('20260424'!$C$2:$C$1000,B$1,'20260424'!$E$2:$E$1000,SUBSTITUTE($A10," "," "))+COUNTIFS('20260427'!$C$2:$C$1000,B$1,'20260427'!$E$2:$E$1000,$A10)+COUNTIFS('20260427'!$C$2:$C$1000,B$1,'20260427'!$E$2:$E$1000,SUBSTITUTE($A10," "," "))+COUNTIFS('20260428'!$C$2:$C$1000,B$1,'20260428'!$E$2:$E$1000,$A10)+COUNTIFS('20260428'!$C$2:$C$1000,B$1,'20260428'!$E$2:$E$1000,SUBSTITUTE($A10," "," "))+COUNTIFS('20260430'!$C$2:$C$1000,B$1,'20260430'!$E$2:$E$1000,$A10)+COUNTIFS('20260430'!$C$2:$C$1000,B$1,'20260430'!$E$2:$E$1000,SUBSTITUTE($A10," "," ")) | C10: =COUNTIFS('20260401'!$C$2:$C$1000,C$1,'20260401'!$E$2:$E$1000,$A10)+COUNTIFS('20260401'!$C$2:$C$1000,C$1,'20260401'!$E$2:$E$1000,SUBSTITUTE($A10," "," "))+COUNTIFS('20260402'!$C$2:$C$1000,C$1,'20260402'!$E$2:$E$1000,$A10)+COUNTIFS('20260402'!$C$2:$C$1000,C$1,'20260402'!$E$2:$E$1000,SUBSTITUTE($A10," "," "))+COUNTIFS('20260403'!$C$2:$C$1000,C$1,'20260403'!$E$2:$E$1000,$A10)+COUNTIFS('20260403'!$C$2:$C$1000,C$1,'20260403'!$E$2:$E$1000,SUBSTITUTE($A10," "," "))+COUNTIFS('20260406'!$C$2:$C$1000,C$1,'20260406'!$E$2:$E$1000,$A10)+COUNTIFS('20260406'!$C$2:$C$1000,C$1,'20260406'!$E$2:$E$1000,SUBSTITUTE($A10," "," "))+COUNTIFS('20260407'!$C$2:$C$1000,C$1,'20260407'!$E$2:$E$1000,$A10)+COUNTIFS('20260407'!$C$2:$C$1000,C$1,'20260407'!$E$2:$E$1000,SUBSTITUTE($A10," "," "))+COUNTIFS('20260408'!$C$2:$C$1000,C$1,'20260408'!$E$2:$E$1000,$A10)+COUNTIFS('20260408'!$C$2:$C$1000,C$1,'20260408'!$E$2:$E$1000,SUBSTITUTE($A10," "," "))+COUNTIFS('20260409'!$C$2:$C$1000,C$1,'20260409'!$E$2:$E$1000,$A10)+COUNTIFS('20260409'!$C$2:$C$1000,C$1,'20260409'!$E$2:$E$1000,SUBSTITUTE($A10," "," "))+COUNTIFS('20260410'!$C$2:$C$1000,C$1,'20260410'!$E$2:$E$1000,$A10)+COUNTIFS('20260410'!$C$2:$C$1000,C$1,'20260410'!$E$2:$E$1000,SUBSTITUTE($A10," "," "))+COUNTIFS('20260413'!$C$2:$C$1000,C$1,'20260413'!$E$2:$E$1000,$A10)+COUNTIFS('20260413'!$C$2:$C$1000,C$1,'20260413'!$E$2:$E$1000,SUBSTITUTE($A10," "," "))+COUNTIFS('20260414'!$C$2:$C$1000,C$1,'20260414'!$E$2:$E$1000,$A10)+COUNTIFS('20260414'!$C$2:$C$1000,C$1,'20260414'!$E$2:$E$1000,SUBSTITUTE($A10," "," "))+COUNTIFS('20260415'!$C$2:$C$1000,C$1,'20260415'!$E$2:$E$1000,$A10)+COUNTIFS('20260415'!$C$2:$C$1000,C$1,'20260415'!$E$2:$E$1000,SUBSTITUTE($A10," "," "))+COUNTIFS('20260416'!$C$2:$C$1000,C$1,'20260416'!$E$2:$E$1000,$A10)+COUNTIFS('20260416'!$C$2:$C$1000,C$1,'20260416'!$E$2:$E$1000,SUBSTITUTE($A10," "," "))+COUNTIFS('20260417'!$C$2:$C$1000,C$1,'20260417'!$E$2:$E$1000,$A10)+COUNTIFS('20260417'!$C$2:$C$1000,C$1,'20260417'!$E$2:$E$1000,SUBSTITUTE($A10," "," "))+COUNTIFS('20260420'!$C$2:$C$1000,C$1,'20260420'!$E$2:$E$1000,$A10)+COUNTIFS('20260420'!$C$2:$C$1000,C$1,'20260420'!$E$2:$E$1000,SUBSTITUTE($A10," "," "))+COUNTIFS('20260421'!$C$2:$C$1000,C$1,'20260421'!$E$2:$E$1000,$A10)+COUNTIFS('20260421'!$C$2:$C$1000,C$1,'20260421'!$E$2:$E$1000,SUBSTITUTE($A10," "," "))+COUNTIFS('20260422'!$C$2:$C$1000,C$1,'20260422'!$E$2:$E$1000,$A10)+COUNTIFS('20260422'!$C$2:$C$1000,C$1,'20260422'!$E$2:$E$1000,SUBSTITUTE($A10," "," "))+COUNTIFS('20260423'!$C$2:$C$1000,C$1,'20260423'!$E$2:$E$1000,$A10)+COUNTIFS('20260423'!$C$2:$C$1000,C$1,'20260423'!$E$2:$E$1000,SUBSTITUTE($A10," "," "))+COUNTIFS('20260424'!$C$2:$C$1000,C$1,'20260424'!$E$2:$E$1000,$A10)+COUNTIFS('20260424'!$C$2:$C$1000,C$1,'20260424'!$E$2:$E$1000,SUBSTITUTE($A10," "," "))+COUNTIFS('20260427'!$C$2:$C$1000,C$1,'20260427'!$E$2:$E$1000,$A10)+COUNTIFS('20260427'!$C$2:$C$1000,C$1,'20260427'!$E$2:$E$1000,SUBSTITUTE($A10," "," "))+COUNTIFS('20260428'!$C$2:$C$1000,C$1,'20260428'!$E$2:$E$1000,$A10)+COUNTIFS('20260428'!$C$2:$C$1000,C$1,'20260428'!$E$2:$E$1000,SUBSTITUTE($A10," "," "))+COUNTIFS('20260430'!$C$2:$C$1000,C$1,'20260430'!$E$2:$E$1000,$A10)+COUNTIFS('20260430'!$C$2:$C$1000,C$1,'20260430'!$E$2:$E$1000,SUBSTITUTE($A10," "," ")) | D10: =COUNTIFS('20260401'!$C$2:$C$1000,D$1,'20260401'!$E$2:$E$1000,$A10)+COUNTIFS('20260401'!$C$2:$C$1000,D$1,'20260401'!$E$2:$E$1000,SUBSTITUTE($A10," "," "))+COUNTIFS('20260402'!$C$2:$C$1000,D$1,'20260402'!$E$2:$E$1000,$A10)+COUNTIFS('20260402'!$C$2:$C$1000,D$1,'20260402'!$E$2:$E$1000,SUBSTITUTE($A10," "," "))+COUNTIFS('20260403'!$C$2:$C$1000,D$1,'20260403'!$E$2:$E$1000,$A10)+COUNTIFS('20260403'!$C$2:$C$1000,D$1,'20260403'!$E$2:$E$1000,SUBSTITUTE($A10," "," "))+COUNTIFS('20260406'!$C$2:$C$1000,D$1,'20260406'!$E$2:$E$1000,$A10)+COUNTIFS('20260406'!$C$2:$C$1000,D$1,'20260406'!$E$2:$E$1000,SUBSTITUTE($A10," "," "))+COUNTIFS('20260407'!$C$2:$C$1000,D$1,'20260407'!$E$2:$E$1000,$A10)+COUNTIFS('20260407'!$C$2:$C$1000,D$1,'20260407'!$E$2:$E$1000,SUBSTITUTE($A10," "," "))+COUNTIFS('20260408'!$C$2:$C$1000,D$1,'20260408'!$E$2:$E$1000,$A10)+COUNTIFS('20260408'!$C$2:$C$1000,D$1,'20260408'!$E$2:$E$1000,SUBSTITUTE($A10," "," "))+COUNTIFS('20260409'!$C$2:$C$1000,D$1,'20260409'!$E$2:$E$1000,$A10)+COUNTIFS('20260409'!$C$2:$C$1000,D$1,'20260409'!$E$2:$E$1000,SUBSTITUTE($A10," "," "))+COUNTIFS('20260410'!$C$2:$C$1000,D$1,'20260410'!$E$2:$E$1000,$A10)+COUNTIFS('20260410'!$C$2:$C$1000,D$1,'20260410'!$E$2:$E$1000,SUBSTITUTE($A10," "," "))+COUNTIFS('20260413'!$C$2:$C$1000,D$1,'20260413'!$E$2:$E$1000,$A10)+COUNTIFS('20260413'!$C$2:$C$1000,D$1,'20260413'!$E$2:$E$1000,SUBSTITUTE($A10," "," "))+COUNTIFS('20260414'!$C$2:$C$1000,D$1,'20260414'!$E$2:$E$1000,$A10)+COUNTIFS('20260414'!$C$2:$C$1000,D$1,'20260414'!$E$2:$E$1000,SUBSTITUTE($A10," "," "))+COUNTIFS('20260415'!$C$2:$C$1000,D$1,'20260415'!$E$2:$E$1000,$A10)+COUNTIFS('20260415'!$C$2:$C$1000,D$1,'20260415'!$E$2:$E$1000,SUBSTITUTE($A10," "," "))+COUNTIFS('20260416'!$C$2:$C$1000,D$1,'20260416'!$E$2:$E$1000,$A10)+COUNTIFS('20260416'!$C$2:$C$1000,D$1,'20260416'!$E$2:$E$1000,SUBSTITUTE($A10," "," "))+COUNTIFS('20260417'!$C$2:$C$1000,D$1,'20260417'!$E$2:$E$1000,$A10)+COUNTIFS('20260417'!$C$2:$C$1000,D$1,'20260417'!$E$2:$E$1000,SUBSTITUTE($A10," "," "))+COUNTIFS('20260420'!$C$2:$C$1000,D$1,'20260420'!$E$2:$E$1000,$A10)+COUNTIFS('20260420'!$C$2:$C$1000,D$1,'20260420'!$E$2:$E$1000,SUBSTITUTE($A10," "," "))+COUNTIFS('20260421'!$C$2:$C$1000,D$1,'20260421'!$E$2:$E$1000,$A10)+COUNTIFS('20260421'!$C$2:$C$1000,D$1,'20260421'!$E$2:$E$1000,SUBSTITUTE($A10," "," "))+COUNTIFS('20260422'!$C$2:$C$1000,D$1,'20260422'!$E$2:$E$1000,$A10)+COUNTIFS('20260422'!$C$2:$C$1000,D$1,'20260422'!$E$2:$E$1000,SUBSTITUTE($A10," "," "))+COUNTIFS('20260423'!$C$2:$C$1000,D$1,'20260423'!$E$2:$E$1000,$A10)+COUNTIFS('20260423'!$C$2:$C$1000,D$1,'20260423'!$E$2:$E$1000,SUBSTITUTE($A10," "," "))+COUNTIFS('20260424'!$C$2:$C$1000,D$1,'20260424'!$E$2:$E$1000,$A10)+COUNTIFS('20260424'!$C$2:$C$1000,D$1,'20260424'!$E$2:$E$1000,SUBSTITUTE($A10," "," "))+COUNTIFS('20260427'!$C$2:$C$1000,D$1,'20260427'!$E$2:$E$1000,$A10)+COUNTIFS('20260427'!$C$2:$C$1000,D$1,'20260427'!$E$2:$E$1000,SUBSTITUTE($A10," "," "))+COUNTIFS('20260428'!$C$2:$C$1000,D$1,'20260428'!$E$2:$E$1000,$A10)+COUNTIFS('20260428'!$C$2:$C$1000,D$1,'20260428'!$E$2:$E$1000,SUBSTITUTE($A10," "," "))+COUNTIFS('20260430'!$C$2:$C$1000,D$1,'20260430'!$E$2:$E$1000,$A10)+COUNTIFS('20260430'!$C$2:$C$1000,D$1,'20260430'!$E$2:$E$1000,SUBSTITUTE($A10," "," ")) | E10: =SUM(B10:D10)
A11: 山本 祥吉 | B11: =COUNTIFS('20260401'!$C$2:$C$1000,B$1,'20260401'!$E$2:$E$1000,$A11)+COUNTIFS('20260401'!$C$2:$C$1000,B$1,'20260401'!$E$2:$E$1000,SUBSTITUTE($A11," "," "))+COUNTIFS('20260402'!$C$2:$C$1000,B$1,'20260402'!$E$2:$E$1000,$A11)+COUNTIFS('20260402'!$C$2:$C$1000,B$1,'20260402'!$E$2:$E$1000,SUBSTITUTE($A11," "," "))+COUNTIFS('20260403'!$C$2:$C$1000,B$1,'20260403'!$E$2:$E$1000,$A11)+COUNTIFS('20260403'!$C$2:$C$1000,B$1,'20260403'!$E$2:$E$1000,SUBSTITUTE($A11," "," "))+COUNTIFS('20260406'!$C$2:$C$1000,B$1,'20260406'!$E$2:$E$1000,$A11)+COUNTIFS('20260406'!$C$2:$C$1000,B$1,'20260406'!$E$2:$E$1000,SUBSTITUTE($A11," "," "))+COUNTIFS('20260407'!$C$2:$C$1000,B$1,'20260407'!$E$2:$E$1000,$A11)+COUNTIFS('20260407'!$C$2:$C$1000,B$1,'20260407'!$E$2:$E$1000,SUBSTITUTE($A11," "," "))+COUNTIFS('20260408'!$C$2:$C$1000,B$1,'20260408'!$E$2:$E$1000,$A11)+COUNTIFS('20260408'!$C$2:$C$1000,B$1,'20260408'!$E$2:$E$1000,SUBSTITUTE($A11," "," "))+COUNTIFS('20260409'!$C$2:$C$1000,B$1,'20260409'!$E$2:$E$1000,$A11)+COUNTIFS('20260409'!$C$2:$C$1000,B$1,'20260409'!$E$2:$E$1000,SUBSTITUTE($A11," "," "))+COUNTIFS('20260410'!$C$2:$C$1000,B$1,'20260410'!$E$2:$E$1000,$A11)+COUNTIFS('20260410'!$C$2:$C$1000,B$1,'20260410'!$E$2:$E$1000,SUBSTITUTE($A11," "," "))+COUNTIFS('20260413'!$C$2:$C$1000,B$1,'20260413'!$E$2:$E$1000,$A11)+COUNTIFS('20260413'!$C$2:$C$1000,B$1,'20260413'!$E$2:$E$1000,SUBSTITUTE($A11," "," "))+COUNTIFS('20260414'!$C$2:$C$1000,B$1,'20260414'!$E$2:$E$1000,$A11)+COUNTIFS('20260414'!$C$2:$C$1000,B$1,'20260414'!$E$2:$E$1000,SUBSTITUTE($A11," "," "))+COUNTIFS('20260415'!$C$2:$C$1000,B$1,'20260415'!$E$2:$E$1000,$A11)+COUNTIFS('20260415'!$C$2:$C$1000,B$1,'20260415'!$E$2:$E$1000,SUBSTITUTE($A11," "," "))+COUNTIFS('20260416'!$C$2:$C$1000,B$1,'20260416'!$E$2:$E$1000,$A11)+COUNTIFS('20260416'!$C$2:$C$1000,B$1,'20260416'!$E$2:$E$1000,SUBSTITUTE($A11," "," "))+COUNTIFS('20260417'!$C$2:$C$1000,B$1,'20260417'!$E$2:$E$1000,$A11)+COUNTIFS('20260417'!$C$2:$C$1000,B$1,'20260417'!$E$2:$E$1000,SUBSTITUTE($A11," "," "))+COUNTIFS('20260420'!$C$2:$C$1000,B$1,'20260420'!$E$2:$E$1000,$A11)+COUNTIFS('20260420'!$C$2:$C$1000,B$1,'20260420'!$E$2:$E$1000,SUBSTITUTE($A11," "," "))+COUNTIFS('20260421'!$C$2:$C$1000,B$1,'20260421'!$E$2:$E$1000,$A11)+COUNTIFS('20260421'!$C$2:$C$1000,B$1,'20260421'!$E$2:$E$1000,SUBSTITUTE($A11," "," "))+COUNTIFS('20260422'!$C$2:$C$1000,B$1,'20260422'!$E$2:$E$1000,$A11)+COUNTIFS('20260422'!$C$2:$C$1000,B$1,'20260422'!$E$2:$E$1000,SUBSTITUTE($A11," "," "))+COUNTIFS('20260423'!$C$2:$C$1000,B$1,'20260423'!$E$2:$E$1000,$A11)+COUNTIFS('20260423'!$C$2:$C$1000,B$1,'20260423'!$E$2:$E$1000,SUBSTITUTE($A11," "," "))+COUNTIFS('20260424'!$C$2:$C$1000,B$1,'20260424'!$E$2:$E$1000,$A11)+COUNTIFS('20260424'!$C$2:$C$1000,B$1,'20260424'!$E$2:$E$1000,SUBSTITUTE($A11," "," "))+COUNTIFS('20260427'!$C$2:$C$1000,B$1,'20260427'!$E$2:$E$1000,$A11)+COUNTIFS('20260427'!$C$2:$C$1000,B$1,'20260427'!$E$2:$E$1000,SUBSTITUTE($A11," "," "))+COUNTIFS('20260428'!$C$2:$C$1000,B$1,'20260428'!$E$2:$E$1000,$A11)+COUNTIFS('20260428'!$C$2:$C$1000,B$1,'20260428'!$E$2:$E$1000,SUBSTITUTE($A11," "," "))+COUNTIFS('20260430'!$C$2:$C$1000,B$1,'20260430'!$E$2:$E$1000,$A11)+COUNTIFS('20260430'!$C$2:$C$1000,B$1,'20260430'!$E$2:$E$1000,SUBSTITUTE($A11," "," ")) | C11: =COUNTIFS('20260401'!$C$2:$C$1000,C$1,'20260401'!$E$2:$E$1000,$A11)+COUNTIFS('20260401'!$C$2:$C$1000,C$1,'20260401'!$E$2:$E$1000,SUBSTITUTE($A11," "," "))+COUNTIFS('20260402'!$C$2:$C$1000,C$1,'20260402'!$E$2:$E$1000,$A11)+COUNTIFS('20260402'!$C$2:$C$1000,C$1,'20260402'!$E$2:$E$1000,SUBSTITUTE($A11," "," "))+COUNTIFS('20260403'!$C$2:$C$1000,C$1,'20260403'!$E$2:$E$1000,$A11)+COUNTIFS('20260403'!$C$2:$C$1000,C$1,'20260403'!$E$2:$E$1000,SUBSTITUTE($A11," "," "))+COUNTIFS('20260406'!$C$2:$C$1000,C$1,'20260406'!$E$2:$E$1000,$A11)+COUNTIFS('20260406'!$C$2:$C$1000,C$1,'20260406'!$E$2:$E$1000,SUBSTITUTE($A11," "," "))+COUNTIFS('20260407'!$C$2:$C$1000,C$1,'20260407'!$E$2:$E$1000,$A11)+COUNTIFS('20260407'!$C$2:$C$1000,C$1,'20260407'!$E$2:$E$1000,SUBSTITUTE($A11," "," "))+COUNTIFS('20260408'!$C$2:$C$1000,C$1,'20260408'!$E$2:$E$1000,$A11)+COUNTIFS('20260408'!$C$2:$C$1000,C$1,'20260408'!$E$2:$E$1000,SUBSTITUTE($A11," "," "))+COUNTIFS('20260409'!$C$2:$C$1000,C$1,'20260409'!$E$2:$E$1000,$A11)+COUNTIFS('20260409'!$C$2:$C$1000,C$1,'20260409'!$E$2:$E$1000,SUBSTITUTE($A11," "," "))+COUNTIFS('20260410'!$C$2:$C$1000,C$1,'20260410'!$E$2:$E$1000,$A11)+COUNTIFS('20260410'!$C$2:$C$1000,C$1,'20260410'!$E$2:$E$1000,SUBSTITUTE($A11," "," "))+COUNTIFS('20260413'!$C$2:$C$1000,C$1,'20260413'!$E$2:$E$1000,$A11)+COUNTIFS('20260413'!$C$2:$C$1000,C$1,'20260413'!$E$2:$E$1000,SUBSTITUTE($A11," "," "))+COUNTIFS('20260414'!$C$2:$C$1000,C$1,'20260414'!$E$2:$E$1000,$A11)+COUNTIFS('20260414'!$C$2:$C$1000,C$1,'20260414'!$E$2:$E$1000,SUBSTITUTE($A11," "," "))+COUNTIFS('20260415'!$C$2:$C$1000,C$1,'20260415'!$E$2:$E$1000,$A11)+COUNTIFS('20260415'!$C$2:$C$1000,C$1,'20260415'!$E$2:$E$1000,SUBSTITUTE($A11," "," "))+COUNTIFS('20260416'!$C$2:$C$1000,C$1,'20260416'!$E$2:$E$1000,$A11)+COUNTIFS('20260416'!$C$2:$C$1000,C$1,'20260416'!$E$2:$E$1000,SUBSTITUTE($A11," "," "))+COUNTIFS('20260417'!$C$2:$C$1000,C$1,'20260417'!$E$2:$E$1000,$A11)+COUNTIFS('20260417'!$C$2:$C$1000,C$1,'20260417'!$E$2:$E$1000,SUBSTITUTE($A11," "," "))+COUNTIFS('20260420'!$C$2:$C$1000,C$1,'20260420'!$E$2:$E$1000,$A11)+COUNTIFS('20260420'!$C$2:$C$1000,C$1,'20260420'!$E$2:$E$1000,SUBSTITUTE($A11," "," "))+COUNTIFS('20260421'!$C$2:$C$1000,C$1,'20260421'!$E$2:$E$1000,$A11)+COUNTIFS('20260421'!$C$2:$C$1000,C$1,'20260421'!$E$2:$E$1000,SUBSTITUTE($A11," "," "))+COUNTIFS('20260422'!$C$2:$C$1000,C$1,'20260422'!$E$2:$E$1000,$A11)+COUNTIFS('20260422'!$C$2:$C$1000,C$1,'20260422'!$E$2:$E$1000,SUBSTITUTE($A11," "," "))+COUNTIFS('20260423'!$C$2:$C$1000,C$1,'20260423'!$E$2:$E$1000,$A11)+COUNTIFS('20260423'!$C$2:$C$1000,C$1,'20260423'!$E$2:$E$1000,SUBSTITUTE($A11," "," "))+COUNTIFS('20260424'!$C$2:$C$1000,C$1,'20260424'!$E$2:$E$1000,$A11)+COUNTIFS('20260424'!$C$2:$C$1000,C$1,'20260424'!$E$2:$E$1000,SUBSTITUTE($A11," "," "))+COUNTIFS('20260427'!$C$2:$C$1000,C$1,'20260427'!$E$2:$E$1000,$A11)+COUNTIFS('20260427'!$C$2:$C$1000,C$1,'20260427'!$E$2:$E$1000,SUBSTITUTE($A11," "," "))+COUNTIFS('20260428'!$C$2:$C$1000,C$1,'20260428'!$E$2:$E$1000,$A11)+COUNTIFS('20260428'!$C$2:$C$1000,C$1,'20260428'!$E$2:$E$1000,SUBSTITUTE($A11," "," "))+COUNTIFS('20260430'!$C$2:$C$1000,C$1,'20260430'!$E$2:$E$1000,$A11)+COUNTIFS('20260430'!$C$2:$C$1000,C$1,'20260430'!$E$2:$E$1000,SUBSTITUTE($A11," "," ")) | D11: =COUNTIFS('20260401'!$C$2:$C$1000,D$1,'20260401'!$E$2:$E$1000,$A11)+COUNTIFS('20260401'!$C$2:$C$1000,D$1,'20260401'!$E$2:$E$1000,SUBSTITUTE($A11," "," "))+COUNTIFS('20260402'!$C$2:$C$1000,D$1,'20260402'!$E$2:$E$1000,$A11)+COUNTIFS('20260402'!$C$2:$C$1000,D$1,'20260402'!$E$2:$E$1000,SUBSTITUTE($A11," "," "))+COUNTIFS('20260403'!$C$2:$C$1000,D$1,'20260403'!$E$2:$E$1000,$A11)+COUNTIFS('20260403'!$C$2:$C$1000,D$1,'20260403'!$E$2:$E$1000,SUBSTITUTE($A11," "," "))+COUNTIFS('20260406'!$C$2:$C$1000,D$1,'20260406'!$E$2:$E$1000,$A11)+COUNTIFS('20260406'!$C$2:$C$1000,D$1,'20260406'!$E$2:$E$1000,SUBSTITUTE($A11," "," "))+COUNTIFS('20260407'!$C$2:$C$1000,D$1,'20260407'!$E$2:$E$1000,$A11)+COUNTIFS('20260407'!$C$2:$C$1000,D$1,'20260407'!$E$2:$E$1000,SUBSTITUTE($A11," "," "))+COUNTIFS('20260408'!$C$2:$C$1000,D$1,'20260408'!$E$2:$E$1000,$A11)+COUNTIFS('20260408'!$C$2:$C$1000,D$1,'20260408'!$E$2:$E$1000,SUBSTITUTE($A11," "," "))+COUNTIFS('20260409'!$C$2:$C$1000,D$1,'20260409'!$E$2:$E$1000,$A11)+COUNTIFS('20260409'!$C$2:$C$1000,D$1,'20260409'!$E$2:$E$1000,SUBSTITUTE($A11," "," "))+COUNTIFS('20260410'!$C$2:$C$1000,D$1,'20260410'!$E$2:$E$1000,$A11)+COUNTIFS('20260410'!$C$2:$C$1000,D$1,'20260410'!$E$2:$E$1000,SUBSTITUTE($A11," "," "))+COUNTIFS('20260413'!$C$2:$C$1000,D$1,'20260413'!$E$2:$E$1000,$A11)+COUNTIFS('20260413'!$C$2:$C$1000,D$1,'20260413'!$E$2:$E$1000,SUBSTITUTE($A11," "," "))+COUNTIFS('20260414'!$C$2:$C$1000,D$1,'20260414'!$E$2:$E$1000,$A11)+COUNTIFS('20260414'!$C$2:$C$1000,D$1,'20260414'!$E$2:$E$1000,SUBSTITUTE($A11," "," "))+COUNTIFS('20260415'!$C$2:$C$1000,D$1,'20260415'!$E$2:$E$1000,$A11)+COUNTIFS('20260415'!$C$2:$C$1000,D$1,'20260415'!$E$2:$E$1000,SUBSTITUTE($A11," "," "))+COUNTIFS('20260416'!$C$2:$C$1000,D$1,'20260416'!$E$2:$E$1000,$A11)+COUNTIFS('20260416'!$C$2:$C$1000,D$1,'20260416'!$E$2:$E$1000,SUBSTITUTE($A11," "," "))+COUNTIFS('20260417'!$C$2:$C$1000,D$1,'20260417'!$E$2:$E$1000,$A11)+COUNTIFS('20260417'!$C$2:$C$1000,D$1,'20260417'!$E$2:$E$1000,SUBSTITUTE($A11," "," "))+COUNTIFS('20260420'!$C$2:$C$1000,D$1,'20260420'!$E$2:$E$1000,$A11)+COUNTIFS('20260420'!$C$2:$C$1000,D$1,'20260420'!$E$2:$E$1000,SUBSTITUTE($A11," "," "))+COUNTIFS('20260421'!$C$2:$C$1000,D$1,'20260421'!$E$2:$E$1000,$A11)+COUNTIFS('20260421'!$C$2:$C$1000,D$1,'20260421'!$E$2:$E$1000,SUBSTITUTE($A11," "," "))+COUNTIFS('20260422'!$C$2:$C$1000,D$1,'20260422'!$E$2:$E$1000,$A11)+COUNTIFS('20260422'!$C$2:$C$1000,D$1,'20260422'!$E$2:$E$1000,SUBSTITUTE($A11," "," "))+COUNTIFS('20260423'!$C$2:$C$1000,D$1,'20260423'!$E$2:$E$1000,$A11)+COUNTIFS('20260423'!$C$2:$C$1000,D$1,'20260423'!$E$2:$E$1000,SUBSTITUTE($A11," "," "))+COUNTIFS('20260424'!$C$2:$C$1000,D$1,'20260424'!$E$2:$E$1000,$A11)+COUNTIFS('20260424'!$C$2:$C$1000,D$1,'20260424'!$E$2:$E$1000,SUBSTITUTE($A11," "," "))+COUNTIFS('20260427'!$C$2:$C$1000,D$1,'20260427'!$E$2:$E$1000,$A11)+COUNTIFS('20260427'!$C$2:$C$1000,D$1,'20260427'!$E$2:$E$1000,SUBSTITUTE($A11," "," "))+COUNTIFS('20260428'!$C$2:$C$1000,D$1,'20260428'!$E$2:$E$1000,$A11)+COUNTIFS('20260428'!$C$2:$C$1000,D$1,'20260428'!$E$2:$E$1000,SUBSTITUTE($A11," "," "))+COUNTIFS('20260430'!$C$2:$C$1000,D$1,'20260430'!$E$2:$E$1000,$A11)+COUNTIFS('20260430'!$C$2:$C$1000,D$1,'20260430'!$E$2:$E$1000,SUBSTITUTE($A11," "," ")) | E11: =SUM(B11:D11)
A12: 本吉 有美子 | B12: =COUNTIFS('20260401'!$C$2:$C$1000,B$1,'20260401'!$E$2:$E$1000,$A12)+COUNTIFS('20260401'!$C$2:$C$1000,B$1,'20260401'!$E$2:$E$1000,SUBSTITUTE($A12," "," "))+COUNTIFS('20260402'!$C$2:$C$1000,B$1,'20260402'!$E$2:$E$1000,$A12)+COUNTIFS('20260402'!$C$2:$C$1000,B$1,'20260402'!$E$2:$E$1000,SUBSTITUTE($A12," "," "))+COUNTIFS('20260403'!$C$2:$C$1000,B$1,'20260403'!$E$2:$E$1000,$A12)+COUNTIFS('20260403'!$C$2:$C$1000,B$1,'20260403'!$E$2:$E$1000,SUBSTITUTE($A12," "," "))+COUNTIFS('20260406'!$C$2:$C$1000,B$1,'20260406'!$E$2:$E$1000,$A12)+COUNTIFS('20260406'!$C$2:$C$1000,B$1,'20260406'!$E$2:$E$1000,SUBSTITUTE($A12," "," "))+COUNTIFS('20260407'!$C$2:$C$1000,B$1,'20260407'!$E$2:$E$1000,$A12)+COUNTIFS('20260407'!$C$2:$C$1000,B$1,'20260407'!$E$2:$E$1000,SUBSTITUTE($A12," "," "))+COUNTIFS('20260408'!$C$2:$C$1000,B$1,'20260408'!$E$2:$E$1000,$A12)+COUNTIFS('20260408'!$C$2:$C$1000,B$1,'20260408'!$E$2:$E$1000,SUBSTITUTE($A12," "," "))+COUNTIFS('20260409'!$C$2:$C$1000,B$1,'20260409'!$E$2:$E$1000,$A12)+COUNTIFS('20260409'!$C$2:$C$1000,B$1,'20260409'!$E$2:$E$1000,SUBSTITUTE($A12," "," "))+COUNTIFS('20260410'!$C$2:$C$1000,B$1,'20260410'!$E$2:$E$1000,$A12)+COUNTIFS('20260410'!$C$2:$C$1000,B$1,'20260410'!$E$2:$E$1000,SUBSTITUTE($A12," "," "))+COUNTIFS('20260413'!$C$2:$C$1000,B$1,'20260413'!$E$2:$E$1000,$A12)+COUNTIFS('20260413'!$C$2:$C$1000,B$1,'20260413'!$E$2:$E$1000,SUBSTITUTE($A12," "," "))+COUNTIFS('20260414'!$C$2:$C$1000,B$1,'20260414'!$E$2:$E$1000,$A12)+COUNTIFS('20260414'!$C$2:$C$1000,B$1,'20260414'!$E$2:$E$1000,SUBSTITUTE($A12," "," "))+COUNTIFS('20260415'!$C$2:$C$1000,B$1,'20260415'!$E$2:$E$1000,$A12)+COUNTIFS('20260415'!$C$2:$C$1000,B$1,'20260415'!$E$2:$E$1000,SUBSTITUTE($A12," "," "))+COUNTIFS('20260416'!$C$2:$C$1000,B$1,'20260416'!$E$2:$E$1000,$A12)+COUNTIFS('20260416'!$C$2:$C$1000,B$1,'20260416'!$E$2:$E$1000,SUBSTITUTE($A12," "," "))+COUNTIFS('20260417'!$C$2:$C$1000,B$1,'20260417'!$E$2:$E$1000,$A12)+COUNTIFS('20260417'!$C$2:$C$1000,B$1,'20260417'!$E$2:$E$1000,SUBSTITUTE($A12," "," "))+COUNTIFS('20260420'!$C$2:$C$1000,B$1,'20260420'!$E$2:$E$1000,$A12)+COUNTIFS('20260420'!$C$2:$C$1000,B$1,'20260420'!$E$2:$E$1000,SUBSTITUTE($A12," "," "))+COUNTIFS('20260421'!$C$2:$C$1000,B$1,'20260421'!$E$2:$E$1000,$A12)+COUNTIFS('20260421'!$C$2:$C$1000,B$1,'20260421'!$E$2:$E$1000,SUBSTITUTE($A12," "," "))+COUNTIFS('20260422'!$C$2:$C$1000,B$1,'20260422'!$E$2:$E$1000,$A12)+COUNTIFS('20260422'!$C$2:$C$1000,B$1,'20260422'!$E$2:$E$1000,SUBSTITUTE($A12," "," "))+COUNTIFS('20260423'!$C$2:$C$1000,B$1,'20260423'!$E$2:$E$1000,$A12)+COUNTIFS('20260423'!$C$2:$C$1000,B$1,'20260423'!$E$2:$E$1000,SUBSTITUTE($A12," "," "))+COUNTIFS('20260424'!$C$2:$C$1000,B$1,'20260424'!$E$2:$E$1000,$A12)+COUNTIFS('20260424'!$C$2:$C$1000,B$1,'20260424'!$E$2:$E$1000,SUBSTITUTE($A12," "," "))+COUNTIFS('20260427'!$C$2:$C$1000,B$1,'20260427'!$E$2:$E$1000,$A12)+COUNTIFS('20260427'!$C$2:$C$1000,B$1,'20260427'!$E$2:$E$1000,SUBSTITUTE($A12," "," "))+COUNTIFS('20260428'!$C$2:$C$1000,B$1,'20260428'!$E$2:$E$1000,$A12)+COUNTIFS('20260428'!$C$2:$C$1000,B$1,'20260428'!$E$2:$E$1000,SUBSTITUTE($A12," "," "))+COUNTIFS('20260430'!$C$2:$C$1000,B$1,'20260430'!$E$2:$E$1000,$A12)+COUNTIFS('20260430'!$C$2:$C$1000,B$1,'20260430'!$E$2:$E$1000,SUBSTITUTE($A12," "," ")) | C12: =COUNTIFS('20260401'!$C$2:$C$1000,C$1,'20260401'!$E$2:$E$1000,$A12)+COUNTIFS('20260401'!$C$2:$C$1000,C$1,'20260401'!$E$2:$E$1000,SUBSTITUTE($A12," "," "))+COUNTIFS('20260402'!$C$2:$C$1000,C$1,'20260402'!$E$2:$E$1000,$A12)+COUNTIFS('20260402'!$C$2:$C$1000,C$1,'20260402'!$E$2:$E$1000,SUBSTITUTE($A12," "," "))+COUNTIFS('20260403'!$C$2:$C$1000,C$1,'20260403'!$E$2:$E$1000,$A12)+COUNTIFS('20260403'!$C$2:$C$1000,C$1,'20260403'!$E$2:$E$1000,SUBSTITUTE($A12," "," "))+COUNTIFS('20260406'!$C$2:$C$1000,C$1,'20260406'!$E$2:$E$1000,$A12)+COUNTIFS('20260406'!$C$2:$C$1000,C$1,'20260406'!$E$2:$E$1000,SUBSTITUTE($A12," "," "))+COUNTIFS('20260407'!$C$2:$C$1000,C$1,'20260407'!$E$2:$E$1000,$A12)+COUNTIFS('20260407'!$C$2:$C$1000,C$1,'20260407'!$E$2:$E$1000,SUBSTITUTE($A12," "," "))+COUNTIFS('20260408'!$C$2:$C$1000,C$1,'20260408'!$E$2:$E$1000,$A12)+COUNTIFS('20260408'!$C$2:$C$1000,C$1,'20260408'!$E$2:$E$1000,SUBSTITUTE($A12," "," "))+COUNTIFS('20260409'!$C$2:$C$1000,C$1,'20260409'!$E$2:$E$1000,$A12)+COUNTIFS('20260409'!$C$2:$C$1000,C$1,'20260409'!$E$2:$E$1000,SUBSTITUTE($A12," "," "))+COUNTIFS('20260410'!$C$2:$C$1000,C$1,'20260410'!$E$2:$E$1000,$A12)+COUNTIFS('20260410'!$C$2:$C$1000,C$1,'20260410'!$E$2:$E$1000,SUBSTITUTE($A12," "," "))+COUNTIFS('20260413'!$C$2:$C$1000,C$1,'20260413'!$E$2:$E$1000,$A12)+COUNTIFS('20260413'!$C$2:$C$1000,C$1,'20260413'!$E$2:$E$1000,SUBSTITUTE($A12," "," "))+COUNTIFS('20260414'!$C$2:$C$1000,C$1,'20260414'!$E$2:$E$1000,$A12)+COUNTIFS('20260414'!$C$2:$C$1000,C$1,'20260414'!$E$2:$E$1000,SUBSTITUTE($A12," "," "))+COUNTIFS('20260415'!$C$2:$C$1000,C$1,'20260415'!$E$2:$E$1000,$A12)+COUNTIFS('20260415'!$C$2:$C$1000,C$1,'20260415'!$E$2:$E$1000,SUBSTITUTE($A12," "," "))+COUNTIFS('20260416'!$C$2:$C$1000,C$1,'20260416'!$E$2:$E$1000,$A12)+COUNTIFS('20260416'!$C$2:$C$1000,C$1,'20260416'!$E$2:$E$1000,SUBSTITUTE($A12," "," "))+COUNTIFS('20260417'!$C$2:$C$1000,C$1,'20260417'!$E$2:$E$1000,$A12)+COUNTIFS('20260417'!$C$2:$C$1000,C$1,'20260417'!$E$2:$E$1000,SUBSTITUTE($A12," "," "))+COUNTIFS('20260420'!$C$2:$C$1000,C$1,'20260420'!$E$2:$E$1000,$A12)+COUNTIFS('20260420'!$C$2:$C$1000,C$1,'20260420'!$E$2:$E$1000,SUBSTITUTE($A12," "," "))+COUNTIFS('20260421'!$C$2:$C$1000,C$1,'20260421'!$E$2:$E$1000,$A12)+COUNTIFS('20260421'!$C$2:$C$1000,C$1,'20260421'!$E$2:$E$1000,SUBSTITUTE($A12," "," "))+COUNTIFS('20260422'!$C$2:$C$1000,C$1,'20260422'!$E$2:$E$1000,$A12)+COUNTIFS('20260422'!$C$2:$C$1000,C$1,'20260422'!$E$2:$E$1000,SUBSTITUTE($A12," "," "))+COUNTIFS('20260423'!$C$2:$C$1000,C$1,'20260423'!$E$2:$E$1000,$A12)+COUNTIFS('20260423'!$C$2:$C$1000,C$1,'20260423'!$E$2:$E$1000,SUBSTITUTE($A12," "," "))+COUNTIFS('20260424'!$C$2:$C$1000,C$1,'20260424'!$E$2:$E$1000,$A12)+COUNTIFS('20260424'!$C$2:$C$1000,C$1,'20260424'!$E$2:$E$1000,SUBSTITUTE($A12," "," "))+COUNTIFS('20260427'!$C$2:$C$1000,C$1,'20260427'!$E$2:$E$1000,$A12)+COUNTIFS('20260427'!$C$2:$C$1000,C$1,'20260427'!$E$2:$E$1000,SUBSTITUTE($A12," "," "))+COUNTIFS('20260428'!$C$2:$C$1000,C$1,'20260428'!$E$2:$E$1000,$A12)+COUNTIFS('20260428'!$C$2:$C$1000,C$1,'20260428'!$E$2:$E$1000,SUBSTITUTE($A12," "," "))+COUNTIFS('20260430'!$C$2:$C$1000,C$1,'20260430'!$E$2:$E$1000,$A12)+COUNTIFS('20260430'!$C$2:$C$1000,C$1,'20260430'!$E$2:$E$1000,SUBSTITUTE($A12," "," ")) | D12: =COUNTIFS('20260401'!$C$2:$C$1000,D$1,'20260401'!$E$2:$E$1000,$A12)+COUNTIFS('20260401'!$C$2:$C$1000,D$1,'20260401'!$E$2:$E$1000,SUBSTITUTE($A12," "," "))+COUNTIFS('20260402'!$C$2:$C$1000,D$1,'20260402'!$E$2:$E$1000,$A12)+COUNTIFS('20260402'!$C$2:$C$1000,D$1,'20260402'!$E$2:$E$1000,SUBSTITUTE($A12," "," "))+COUNTIFS('20260403'!$C$2:$C$1000,D$1,'20260403'!$E$2:$E$1000,$A12)+COUNTIFS('20260403'!$C$2:$C$1000,D$1,'20260403'!$E$2:$E$1000,SUBSTITUTE($A12," "," "))+COUNTIFS('20260406'!$C$2:$C$1000,D$1,'20260406'!$E$2:$E$1000,$A12)+COUNTIFS('20260406'!$C$2:$C$1000,D$1,'20260406'!$E$2:$E$1000,SUBSTITUTE($A12," "," "))+COUNTIFS('20260407'!$C$2:$C$1000,D$1,'20260407'!$E$2:$E$1000,$A12)+COUNTIFS('20260407'!$C$2:$C$1000,D$1,'20260407'!$E$2:$E$1000,SUBSTITUTE($A12," "," "))+COUNTIFS('20260408'!$C$2:$C$1000,D$1,'20260408'!$E$2:$E$1000,$A12)+COUNTIFS('20260408'!$C$2:$C$1000,D$1,'20260408'!$E$2:$E$1000,SUBSTITUTE($A12," "," "))+COUNTIFS('20260409'!$C$2:$C$1000,D$1,'20260409'!$E$2:$E$1000,$A12)+COUNTIFS('20260409'!$C$2:$C$1000,D$1,'20260409'!$E$2:$E$1000,SUBSTITUTE($A12," "," "))+COUNTIFS('20260410'!$C$2:$C$1000,D$1,'20260410'!$E$2:$E$1000,$A12)+COUNTIFS('20260410'!$C$2:$C$1000,D$1,'20260410'!$E$2:$E$1000,SUBSTITUTE($A12," "," "))+COUNTIFS('20260413'!$C$2:$C$1000,D$1,'20260413'!$E$2:$E$1000,$A12)+COUNTIFS('20260413'!$C$2:$C$1000,D$1,'20260413'!$E$2:$E$1000,SUBSTITUTE($A12," "," "))+COUNTIFS('20260414'!$C$2:$C$1000,D$1,'20260414'!$E$2:$E$1000,$A12)+COUNTIFS('20260414'!$C$2:$C$1000,D$1,'20260414'!$E$2:$E$1000,SUBSTITUTE($A12," "," "))+COUNTIFS('20260415'!$C$2:$C$1000,D$1,'20260415'!$E$2:$E$1000,$A12)+COUNTIFS('20260415'!$C$2:$C$1000,D$1,'20260415'!$E$2:$E$1000,SUBSTITUTE($A12," "," "))+COUNTIFS('20260416'!$C$2:$C$1000,D$1,'20260416'!$E$2:$E$1000,$A12)+COUNTIFS('20260416'!$C$2:$C$1000,D$1,'20260416'!$E$2:$E$1000,SUBSTITUTE($A12," "," "))+COUNTIFS('20260417'!$C$2:$C$1000,D$1,'20260417'!$E$2:$E$1000,$A12)+COUNTIFS('20260417'!$C$2:$C$1000,D$1,'20260417'!$E$2:$E$1000,SUBSTITUTE($A12," "," "))+COUNTIFS('20260420'!$C$2:$C$1000,D$1,'20260420'!$E$2:$E$1000,$A12)+COUNTIFS('20260420'!$C$2:$C$1000,D$1,'20260420'!$E$2:$E$1000,SUBSTITUTE($A12," "," "))+COUNTIFS('20260421'!$C$2:$C$1000,D$1,'20260421'!$E$2:$E$1000,$A12)+COUNTIFS('20260421'!$C$2:$C$1000,D$1,'20260421'!$E$2:$E$1000,SUBSTITUTE($A12," "," "))+COUNTIFS('20260422'!$C$2:$C$1000,D$1,'20260422'!$E$2:$E$1000,$A12)+COUNTIFS('20260422'!$C$2:$C$1000,D$1,'20260422'!$E$2:$E$1000,SUBSTITUTE($A12," "," "))+COUNTIFS('20260423'!$C$2:$C$1000,D$1,'20260423'!$E$2:$E$1000,$A12)+COUNTIFS('20260423'!$C$2:$C$1000,D$1,'20260423'!$E$2:$E$1000,SUBSTITUTE($A12," "," "))+COUNTIFS('20260424'!$C$2:$C$1000,D$1,'20260424'!$E$2:$E$1000,$A12)+COUNTIFS('20260424'!$C$2:$C$1000,D$1,'20260424'!$E$2:$E$1000,SUBSTITUTE($A12," "," "))+COUNTIFS('20260427'!$C$2:$C$1000,D$1,'20260427'!$E$2:$E$1000,$A12)+COUNTIFS('20260427'!$C$2:$C$1000,D$1,'20260427'!$E$2:$E$1000,SUBSTITUTE($A12," "," "))+COUNTIFS('20260428'!$C$2:$C$1000,D$1,'20260428'!$E$2:$E$1000,$A12)+COUNTIFS('20260428'!$C$2:$C$1000,D$1,'20260428'!$E$2:$E$1000,SUBSTITUTE($A12," "," "))+COUNTIFS('20260430'!$C$2:$C$1000,D$1,'20260430'!$E$2:$E$1000,$A12)+COUNTIFS('20260430'!$C$2:$C$1000,D$1,'20260430'!$E$2:$E$1000,SUBSTITUTE($A12," "," ")) | E12: =SUM(B12:D12)
A13: 屋宮 敬子 | B13: =COUNTIFS('20260401'!$C$2:$C$1000,B$1,'20260401'!$E$2:$E$1000,$A13)+COUNTIFS('20260401'!$C$2:$C$1000,B$1,'20260401'!$E$2:$E$1000,SUBSTITUTE($A13," "," "))+COUNTIFS('20260402'!$C$2:$C$1000,B$1,'20260402'!$E$2:$E$1000,$A13)+COUNTIFS('20260402'!$C$2:$C$1000,B$1,'20260402'!$E$2:$E$1000,SUBSTITUTE($A13," "," "))+COUNTIFS('20260403'!$C$2:$C$1000,B$1,'20260403'!$E$2:$E$1000,$A13)+COUNTIFS('20260403'!$C$2:$C$1000,B$1,'20260403'!$E$2:$E$1000,SUBSTITUTE($A13," "," "))+COUNTIFS('20260406'!$C$2:$C$1000,B$1,'20260406'!$E$2:$E$1000,$A13)+COUNTIFS('20260406'!$C$2:$C$1000,B$1,'20260406'!$E$2:$E$1000,SUBSTITUTE($A13," "," "))+COUNTIFS('20260407'!$C$2:$C$1000,B$1,'20260407'!$E$2:$E$1000,$A13)+COUNTIFS('20260407'!$C$2:$C$1000,B$1,'20260407'!$E$2:$E$1000,SUBSTITUTE($A13," "," "))+COUNTIFS('20260408'!$C$2:$C$1000,B$1,'20260408'!$E$2:$E$1000,$A13)+COUNTIFS('20260408'!$C$2:$C$1000,B$1,'20260408'!$E$2:$E$1000,SUBSTITUTE($A13," "," "))+COUNTIFS('20260409'!$C$2:$C$1000,B$1,'20260409'!$E$2:$E$1000,$A13)+COUNTIFS('20260409'!$C$2:$C$1000,B$1,'20260409'!$E$2:$E$1000,SUBSTITUTE($A13," "," "))+COUNTIFS('20260410'!$C$2:$C$1000,B$1,'20260410'!$E$2:$E$1000,$A13)+COUNTIFS('20260410'!$C$2:$C$1000,B$1,'20260410'!$E$2:$E$1000,SUBSTITUTE($A13," "," "))+COUNTIFS('20260413'!$C$2:$C$1000,B$1,'20260413'!$E$2:$E$1000,$A13)+COUNTIFS('20260413'!$C$2:$C$1000,B$1,'20260413'!$E$2:$E$1000,SUBSTITUTE($A13," "," "))+COUNTIFS('20260414'!$C$2:$C$1000,B$1,'20260414'!$E$2:$E$1000,$A13)+COUNTIFS('20260414'!$C$2:$C$1000,B$1,'20260414'!$E$2:$E$1000,SUBSTITUTE($A13," "," "))+COUNTIFS('20260415'!$C$2:$C$1000,B$1,'20260415'!$E$2:$E$1000,$A13)+COUNTIFS('20260415'!$C$2:$C$1000,B$1,'20260415'!$E$2:$E$1000,SUBSTITUTE($A13," "," "))+COUNTIFS('20260416'!$C$2:$C$1000,B$1,'20260416'!$E$2:$E$1000,$A13)+COUNTIFS('20260416'!$C$2:$C$1000,B$1,'20260416'!$E$2:$E$1000,SUBSTITUTE($A13," "," "))+COUNTIFS('20260417'!$C$2:$C$1000,B$1,'20260417'!$E$2:$E$1000,$A13)+COUNTIFS('20260417'!$C$2:$C$1000,B$1,'20260417'!$E$2:$E$1000,SUBSTITUTE($A13," "," "))+COUNTIFS('20260420'!$C$2:$C$1000,B$1,'20260420'!$E$2:$E$1000,$A13)+COUNTIFS('20260420'!$C$2:$C$1000,B$1,'20260420'!$E$2:$E$1000,SUBSTITUTE($A13," "," "))+COUNTIFS('20260421'!$C$2:$C$1000,B$1,'20260421'!$E$2:$E$1000,$A13)+COUNTIFS('20260421'!$C$2:$C$1000,B$1,'20260421'!$E$2:$E$1000,SUBSTITUTE($A13," "," "))+COUNTIFS('20260422'!$C$2:$C$1000,B$1,'20260422'!$E$2:$E$1000,$A13)+COUNTIFS('20260422'!$C$2:$C$1000,B$1,'20260422'!$E$2:$E$1000,SUBSTITUTE($A13," "," "))+COUNTIFS('20260423'!$C$2:$C$1000,B$1,'20260423'!$E$2:$E$1000,$A13)+COUNTIFS('20260423'!$C$2:$C$1000,B$1,'20260423'!$E$2:$E$1000,SUBSTITUTE($A13," "," "))+COUNTIFS('20260424'!$C$2:$C$1000,B$1,'20260424'!$E$2:$E$1000,$A13)+COUNTIFS('20260424'!$C$2:$C$1000,B$1,'20260424'!$E$2:$E$1000,SUBSTITUTE($A13," "," "))+COUNTIFS('20260427'!$C$2:$C$1000,B$1,'20260427'!$E$2:$E$1000,$A13)+COUNTIFS('20260427'!$C$2:$C$1000,B$1,'20260427'!$E$2:$E$1000,SUBSTITUTE($A13," "," "))+COUNTIFS('20260428'!$C$2:$C$1000,B$1,'20260428'!$E$2:$E$1000,$A13)+COUNTIFS('20260428'!$C$2:$C$1000,B$1,'20260428'!$E$2:$E$1000,SUBSTITUTE($A13," "," "))+COUNTIFS('20260430'!$C$2:$C$1000,B$1,'20260430'!$E$2:$E$1000,$A13)+COUNTIFS('20260430'!$C$2:$C$1000,B$1,'20260430'!$E$2:$E$1000,SUBSTITUTE($A13," "," ")) | C13: =COUNTIFS('20260401'!$C$2:$C$1000,C$1,'20260401'!$E$2:$E$1000,$A13)+COUNTIFS('20260401'!$C$2:$C$1000,C$1,'20260401'!$E$2:$E$1000,SUBSTITUTE($A13," "," "))+COUNTIFS('20260402'!$C$2:$C$1000,C$1,'20260402'!$E$2:$E$1000,$A13)+COUNTIFS('20260402'!$C$2:$C$1000,C$1,'20260402'!$E$2:$E$1000,SUBSTITUTE($A13," "," "))+COUNTIFS('20260403'!$C$2:$C$1000,C$1,'20260403'!$E$2:$E$1000,$A13)+COUNTIFS('20260403'!$C$2:$C$1000,C$1,'20260403'!$E$2:$E$1000,SUBSTITUTE($A13," "," "))+COUNTIFS('20260406'!$C$2:$C$1000,C$1,'20260406'!$E$2:$E$1000,$A13)+COUNTIFS('20260406'!$C$2:$C$1000,C$1,'20260406'!$E$2:$E$1000,SUBSTITUTE($A13," "," "))+COUNTIFS('20260407'!$C$2:$C$1000,C$1,'20260407'!$E$2:$E$1000,$A13)+COUNTIFS('20260407'!$C$2:$C$1000,C$1,'20260407'!$E$2:$E$1000,SUBSTITUTE($A13," "," "))+COUNTIFS('20260408'!$C$2:$C$1000,C$1,'20260408'!$E$2:$E$1000,$A13)+COUNTIFS('20260408'!$C$2:$C$1000,C$1,'20260408'!$E$2:$E$1000,SUBSTITUTE($A13," "," "))+COUNTIFS('20260409'!$C$2:$C$1000,C$1,'20260409'!$E$2:$E$1000,$A13)+COUNTIFS('20260409'!$C$2:$C$1000,C$1,'20260409'!$E$2:$E$1000,SUBSTITUTE($A13," "," "))+COUNTIFS('20260410'!$C$2:$C$1000,C$1,'20260410'!$E$2:$E$1000,$A13)+COUNTIFS('20260410'!$C$2:$C$1000,C$1,'20260410'!$E$2:$E$1000,SUBSTITUTE($A13," "," "))+COUNTIFS('20260413'!$C$2:$C$1000,C$1,'20260413'!$E$2:$E$1000,$A13)+COUNTIFS('20260413'!$C$2:$C$1000,C$1,'20260413'!$E$2:$E$1000,SUBSTITUTE($A13," "," "))+COUNTIFS('20260414'!$C$2:$C$1000,C$1,'20260414'!$E$2:$E$1000,$A13)+COUNTIFS('20260414'!$C$2:$C$1000,C$1,'20260414'!$E$2:$E$1000,SUBSTITUTE($A13," "," "))+COUNTIFS('20260415'!$C$2:$C$1000,C$1,'20260415'!$E$2:$E$1000,$A13)+COUNTIFS('20260415'!$C$2:$C$1000,C$1,'20260415'!$E$2:$E$1000,SUBSTITUTE($A13," "," "))+COUNTIFS('20260416'!$C$2:$C$1000,C$1,'20260416'!$E$2:$E$1000,$A13)+COUNTIFS('20260416'!$C$2:$C$1000,C$1,'20260416'!$E$2:$E$1000,SUBSTITUTE($A13," "," "))+COUNTIFS('20260417'!$C$2:$C$1000,C$1,'20260417'!$E$2:$E$1000,$A13)+COUNTIFS('20260417'!$C$2:$C$1000,C$1,'20260417'!$E$2:$E$1000,SUBSTITUTE($A13," "," "))+COUNTIFS('20260420'!$C$2:$C$1000,C$1,'20260420'!$E$2:$E$1000,$A13)+COUNTIFS('20260420'!$C$2:$C$1000,C$1,'20260420'!$E$2:$E$1000,SUBSTITUTE($A13," "," "))+COUNTIFS('20260421'!$C$2:$C$1000,C$1,'20260421'!$E$2:$E$1000,$A13)+COUNTIFS('20260421'!$C$2:$C$1000,C$1,'20260421'!$E$2:$E$1000,SUBSTITUTE($A13," "," "))+COUNTIFS('20260422'!$C$2:$C$1000,C$1,'20260422'!$E$2:$E$1000,$A13)+COUNTIFS('20260422'!$C$2:$C$1000,C$1,'20260422'!$E$2:$E$1000,SUBSTITUTE($A13," "," "))+COUNTIFS('20260423'!$C$2:$C$1000,C$1,'20260423'!$E$2:$E$1000,$A13)+COUNTIFS('20260423'!$C$2:$C$1000,C$1,'20260423'!$E$2:$E$1000,SUBSTITUTE($A13," "," "))+COUNTIFS('20260424'!$C$2:$C$1000,C$1,'20260424'!$E$2:$E$1000,$A13)+COUNTIFS('20260424'!$C$2:$C$1000,C$1,'20260424'!$E$2:$E$1000,SUBSTITUTE($A13," "," "))+COUNTIFS('20260427'!$C$2:$C$1000,C$1,'20260427'!$E$2:$E$1000,$A13)+COUNTIFS('20260427'!$C$2:$C$1000,C$1,'20260427'!$E$2:$E$1000,SUBSTITUTE($A13," "," "))+COUNTIFS('20260428'!$C$2:$C$1000,C$1,'20260428'!$E$2:$E$1000,$A13)+COUNTIFS('20260428'!$C$2:$C$1000,C$1,'20260428'!$E$2:$E$1000,SUBSTITUTE($A13," "," "))+COUNTIFS('20260430'!$C$2:$C$1000,C$1,'20260430'!$E$2:$E$1000,$A13)+COUNTIFS('20260430'!$C$2:$C$1000,C$1,'20260430'!$E$2:$E$1000,SUBSTITUTE($A13," "," ")) | D13: =COUNTIFS('20260401'!$C$2:$C$1000,D$1,'20260401'!$E$2:$E$1000,$A13)+COUNTIFS('20260401'!$C$2:$C$1000,D$1,'20260401'!$E$2:$E$1000,SUBSTITUTE($A13," "," "))+COUNTIFS('20260402'!$C$2:$C$1000,D$1,'20260402'!$E$2:$E$1000,$A13)+COUNTIFS('20260402'!$C$2:$C$1000,D$1,'20260402'!$E$2:$E$1000,SUBSTITUTE($A13," "," "))+COUNTIFS('20260403'!$C$2:$C$1000,D$1,'20260403'!$E$2:$E$1000,$A13)+COUNTIFS('20260403'!$C$2:$C$1000,D$1,'20260403'!$E$2:$E$1000,SUBSTITUTE($A13," "," "))+COUNTIFS('20260406'!$C$2:$C$1000,D$1,'20260406'!$E$2:$E$1000,$A13)+COUNTIFS('20260406'!$C$2:$C$1000,D$1,'20260406'!$E$2:$E$1000,SUBSTITUTE($A13," "," "))+COUNTIFS('20260407'!$C$2:$C$1000,D$1,'20260407'!$E$2:$E$1000,$A13)+COUNTIFS('20260407'!$C$2:$C$1000,D$1,'20260407'!$E$2:$E$1000,SUBSTITUTE($A13," "," "))+COUNTIFS('20260408'!$C$2:$C$1000,D$1,'20260408'!$E$2:$E$1000,$A13)+COUNTIFS('20260408'!$C$2:$C$1000,D$1,'20260408'!$E$2:$E$1000,SUBSTITUTE($A13," "," "))+COUNTIFS('20260409'!$C$2:$C$1000,D$1,'20260409'!$E$2:$E$1000,$A13)+COUNTIFS('20260409'!$C$2:$C$1000,D$1,'20260409'!$E$2:$E$1000,SUBSTITUTE($A13," "," "))+COUNTIFS('20260410'!$C$2:$C$1000,D$1,'20260410'!$E$2:$E$1000,$A13)+COUNTIFS('20260410'!$C$2:$C$1000,D$1,'20260410'!$E$2:$E$1000,SUBSTITUTE($A13," "," "))+COUNTIFS('20260413'!$C$2:$C$1000,D$1,'20260413'!$E$2:$E$1000,$A13)+COUNTIFS('20260413'!$C$2:$C$1000,D$1,'20260413'!$E$2:$E$1000,SUBSTITUTE($A13," "," "))+COUNTIFS('20260414'!$C$2:$C$1000,D$1,'20260414'!$E$2:$E$1000,$A13)+COUNTIFS('20260414'!$C$2:$C$1000,D$1,'20260414'!$E$2:$E$1000,SUBSTITUTE($A13," "," "))+COUNTIFS('20260415'!$C$2:$C$1000,D$1,'20260415'!$E$2:$E$1000,$A13)+COUNTIFS('20260415'!$C$2:$C$1000,D$1,'20260415'!$E$2:$E$1000,SUBSTITUTE($A13," "," "))+COUNTIFS('20260416'!$C$2:$C$1000,D$1,'20260416'!$E$2:$E$1000,$A13)+COUNTIFS('20260416'!$C$2:$C$1000,D$1,'20260416'!$E$2:$E$1000,SUBSTITUTE($A13," "," "))+COUNTIFS('20260417'!$C$2:$C$1000,D$1,'20260417'!$E$2:$E$1000,$A13)+COUNTIFS('20260417'!$C$2:$C$1000,D$1,'20260417'!$E$2:$E$1000,SUBSTITUTE($A13," "," "))+COUNTIFS('20260420'!$C$2:$C$1000,D$1,'20260420'!$E$2:$E$1000,$A13)+COUNTIFS('20260420'!$C$2:$C$1000,D$1,'20260420'!$E$2:$E$1000,SUBSTITUTE($A13," "," "))+COUNTIFS('20260421'!$C$2:$C$1000,D$1,'20260421'!$E$2:$E$1000,$A13)+COUNTIFS('20260421'!$C$2:$C$1000,D$1,'20260421'!$E$2:$E$1000,SUBSTITUTE($A13," "," "))+COUNTIFS('20260422'!$C$2:$C$1000,D$1,'20260422'!$E$2:$E$1000,$A13)+COUNTIFS('20260422'!$C$2:$C$1000,D$1,'20260422'!$E$2:$E$1000,SUBSTITUTE($A13," "," "))+COUNTIFS('20260423'!$C$2:$C$1000,D$1,'20260423'!$E$2:$E$1000,$A13)+COUNTIFS('20260423'!$C$2:$C$1000,D$1,'20260423'!$E$2:$E$1000,SUBSTITUTE($A13," "," "))+COUNTIFS('20260424'!$C$2:$C$1000,D$1,'20260424'!$E$2:$E$1000,$A13)+COUNTIFS('20260424'!$C$2:$C$1000,D$1,'20260424'!$E$2:$E$1000,SUBSTITUTE($A13," "," "))+COUNTIFS('20260427'!$C$2:$C$1000,D$1,'20260427'!$E$2:$E$1000,$A13)+COUNTIFS('20260427'!$C$2:$C$1000,D$1,'20260427'!$E$2:$E$1000,SUBSTITUTE($A13," "," "))+COUNTIFS('20260428'!$C$2:$C$1000,D$1,'20260428'!$E$2:$E$1000,$A13)+COUNTIFS('20260428'!$C$2:$C$1000,D$1,'20260428'!$E$2:$E$1000,SUBSTITUTE($A13," "," "))+COUNTIFS('20260430'!$C$2:$C$1000,D$1,'20260430'!$E$2:$E$1000,$A13)+COUNTIFS('20260430'!$C$2:$C$1000,D$1,'20260430'!$E$2:$E$1000,SUBSTITUTE($A13," "," ")) | E13: =SUM(B13:D13)
... A35: 渡部 梨沙 | B35: =COUNTIFS('20260401'!$C$2:$C$1000,B$1,'20260401'!$E$2:$E$1000,$A35)+COUNTIFS('20260401'!$C$2:$C$1000,B$1,'20260401'!$E$2:$E$1000,SUBSTITUTE($A35," "," "))+COUNTIFS('20260402'!$C$2:$C$1000,B$1,'20260402'!$E$2:$E$1000,$A35)+COUNTIFS('20260402'!$C$2:$C$1000,B$1,'20260402'!$E$2:$E$1000,SUBSTITUTE($A35," "," "))+COUNTIFS('20260403'!$C$2:$C$1000,B$1,'20260403'!$E$2:$E$1000,$A35)+COUNTIFS('20260403'!$C$2:$C$1000,B$1,'20260403'!$E$2:$E$1000,SUBSTITUTE($A35," "," "))+COUNTIFS('20260406'!$C$2:$C$1000,B$1,'20260406'!$E$2:$E$1000,$A35)+COUNTIFS('20260406'!$C$2:$C$1000,B$1,'20260406'!$E$2:$E$1000,SUBSTITUTE($A35," "," "))+COUNTIFS('20260407'!$C$2:$C$1000,B$1,'20260407'!$E$2:$E$1000,$A35)+COUNTIFS('20260407'!$C$2:$C$1000,B$1,'20260407'!$E$2:$E$1000,SUBSTITUTE($A35," "," "))+COUNTIFS('20260408'!$C$2:$C$1000,B$1,'20260408'!$E$2:$E$1000,$A35)+COUNTIFS('20260408'!$C$2:$C$1000,B$1,'20260408'!$E$2:$E$1000,SUBSTITUTE($A35," "," "))+COUNTIFS('20260409'!$C$2:$C$1000,B$1,'20260409'!$E$2:$E$1000,$A35)+COUNTIFS('20260409'!$C$2:$C$1000,B$1,'20260409'!$E$2:$E$1000,SUBSTITUTE($A35," "," "))+COUNTIFS('20260410'!$C$2:$C$1000,B$1,'20260410'!$E$2:$E$1000,$A35)+COUNTIFS('20260410'!$C$2:$C$1000,B$1,'20260410'!$E$2:$E$1000,SUBSTITUTE($A35," "," "))+COUNTIFS('20260413'!$C$2:$C$1000,B$1,'20260413'!$E$2:$E$1000,$A35)+COUNTIFS('20260413'!$C$2:$C$1000,B$1,'20260413'!$E$2:$E$1000,SUBSTITUTE($A35," "," "))+COUNTIFS('20260414'!$C$2:$C$1000,B$1,'20260414'!$E$2:$E$1000,$A35)+COUNTIFS('20260414'!$C$2:$C$1000,B$1,'20260414'!$E$2:$E$1000,SUBSTITUTE($A35," "," "))+COUNTIFS('20260415'!$C$2:$C$1000,B$1,'20260415'!$E$2:$E$1000,$A35)+COUNTIFS('20260415'!$C$2:$C$1000,B$1,'20260415'!$E$2:$E$1000,SUBSTITUTE($A35," "," "))+COUNTIFS('20260416'!$C$2:$C$1000,B$1,'20260416'!$E$2:$E$1000,$A35)+COUNTIFS('20260416'!$C$2:$C$1000,B$1,'20260416'!$E$2:$E$1000,SUBSTITUTE($A35," "," "))+COUNTIFS('20260417'!$C$2:$C$1000,B$1,'20260417'!$E$2:$E$1000,$A35)+COUNTIFS('20260417'!$C$2:$C$1000,B$1,'20260417'!$E$2:$E$1000,SUBSTITUTE($A35," "," "))+COUNTIFS('20260420'!$C$2:$C$1000,B$1,'20260420'!$E$2:$E$1000,$A35)+COUNTIFS('20260420'!$C$2:$C$1000,B$1,'20260420'!$E$2:$E$1000,SUBSTITUTE($A35," "," "))+COUNTIFS('20260421'!$C$2:$C$1000,B$1,'20260421'!$E$2:$E$1000,$A35)+COUNTIFS('20260421'!$C$2:$C$1000,B$1,'20260421'!$E$2:$E$1000,SUBSTITUTE($A35," "," "))+COUNTIFS('20260422'!$C$2:$C$1000,B$1,'20260422'!$E$2:$E$1000,$A35)+COUNTIFS('20260422'!$C$2:$C$1000,B$1,'20260422'!$E$2:$E$1000,SUBSTITUTE($A35," "," "))+COUNTIFS('20260423'!$C$2:$C$1000,B$1,'20260423'!$E$2:$E$1000,$A35)+COUNTIFS('20260423'!$C$2:$C$1000,B$1,'20260423'!$E$2:$E$1000,SUBSTITUTE($A35," "," "))+COUNTIFS('20260424'!$C$2:$C$1000,B$1,'20260424'!$E$2:$E$1000,$A35)+COUNTIFS('20260424'!$C$2:$C$1000,B$1,'20260424'!$E$2:$E$1000,SUBSTITUTE($A35," "," "))+COUNTIFS('20260427'!$C$2:$C$1000,B$1,'20260427'!$E$2:$E$1000,$A35)+COUNTIFS('20260427'!$C$2:$C$1000,B$1,'20260427'!$E$2:$E$1000,SUBSTITUTE($A35," "," "))+COUNTIFS('20260428'!$C$2:$C$1000,B$1,'20260428'!$E$2:$E$1000,$A35)+COUNTIFS('20260428'!$C$2:$C$1000,B$1,'20260428'!$E$2:$E$1000,SUBSTITUTE($A35," "," "))+COUNTIFS('20260430'!$C$2:$C$1000,B$1,'20260430'!$E$2:$E$1000,$A35)+COUNTIFS('20260430'!$C$2:$C$1000,B$1,'20260430'!$E$2:$E$1000,SUBSTITUTE($A35," "," ")) | C35: =COUNTIFS('20260401'!$C$2:$C$1000,C$1,'20260401'!$E$2:$E$1000,$A35)+COUNTIFS('20260401'!$C$2:$C$1000,C$1,'20260401'!$E$2:$E$1000,SUBSTITUTE($A35," "," "))+COUNTIFS('20260402'!$C$2:$C$1000,C$1,'20260402'!$E$2:$E$1000,$A35)+COUNTIFS('20260402'!$C$2:$C$1000,C$1,'20260402'!$E$2:$E$1000,SUBSTITUTE($A35," "," "))+COUNTIFS('20260403'!$C$2:$C$1000,C$1,'20260403'!$E$2:$E$1000,$A35)+COUNTIFS('20260403'!$C$2:$C$1000,C$1,'20260403'!$E$2:$E$1000,SUBSTITUTE($A35," "," "))+COUNTIFS('20260406'!$C$2:$C$1000,C$1,'20260406'!$E$2:$E$1000,$A35)+COUNTIFS('20260406'!$C$2:$C$1000,C$1,'20260406'!$E$2:$E$1000,SUBSTITUTE($A35," "," "))+COUNTIFS('20260407'!$C$2:$C$1000,C$1,'20260407'!$E$2:$E$1000,$A35)+COUNTIFS('20260407'!$C$2:$C$1000,C$1,'20260407'!$E$2:$E$1000,SUBSTITUTE($A35," "," "))+COUNTIFS('20260408'!$C$2:$C$1000,C$1,'20260408'!$E$2:$E$1000,$A35)+COUNTIFS('20260408'!$C$2:$C$1000,C$1,'20260408'!$E$2:$E$1000,SUBSTITUTE($A35," "," "))+COUNTIFS('20260409'!$C$2:$C$1000,C$1,'20260409'!$E$2:$E$1000,$A35)+COUNTIFS('20260409'!$C$2:$C$1000,C$1,'20260409'!$E$2:$E$1000,SUBSTITUTE($A35," "," "))+COUNTIFS('20260410'!$C$2:$C$1000,C$1,'20260410'!$E$2:$E$1000,$A35)+COUNTIFS('20260410'!$C$2:$C$1000,C$1,'20260410'!$E$2:$E$1000,SUBSTITUTE($A35," "," "))+COUNTIFS('20260413'!$C$2:$C$1000,C$1,'20260413'!$E$2:$E$1000,$A35)+COUNTIFS('20260413'!$C$2:$C$1000,C$1,'20260413'!$E$2:$E$1000,SUBSTITUTE($A35," "," "))+COUNTIFS('20260414'!$C$2:$C$1000,C$1,'20260414'!$E$2:$E$1000,$A35)+COUNTIFS('20260414'!$C$2:$C$1000,C$1,'20260414'!$E$2:$E$1000,SUBSTITUTE($A35," "," "))+COUNTIFS('20260415'!$C$2:$C$1000,C$1,'20260415'!$E$2:$E$1000,$A35)+COUNTIFS('20260415'!$C$2:$C$1000,C$1,'20260415'!$E$2:$E$1000,SUBSTITUTE($A35," "," "))+COUNTIFS('20260416'!$C$2:$C$1000,C$1,'20260416'!$E$2:$E$1000,$A35)+COUNTIFS('20260416'!$C$2:$C$1000,C$1,'20260416'!$E$2:$E$1000,SUBSTITUTE($A35," "," "))+COUNTIFS('20260417'!$C$2:$C$1000,C$1,'20260417'!$E$2:$E$1000,$A35)+COUNTIFS('20260417'!$C$2:$C$1000,C$1,'20260417'!$E$2:$E$1000,SUBSTITUTE($A35," "," "))+COUNTIFS('20260420'!$C$2:$C$1000,C$1,'20260420'!$E$2:$E$1000,$A35)+COUNTIFS('20260420'!$C$2:$C$1000,C$1,'20260420'!$E$2:$E$1000,SUBSTITUTE($A35," "," "))+COUNTIFS('20260421'!$C$2:$C$1000,C$1,'20260421'!$E$2:$E$1000,$A35)+COUNTIFS('20260421'!$C$2:$C$1000,C$1,'20260421'!$E$2:$E$1000,SUBSTITUTE($A35," "," "))+COUNTIFS('20260422'!$C$2:$C$1000,C$1,'20260422'!$E$2:$E$1000,$A35)+COUNTIFS('20260422'!$C$2:$C$1000,C$1,'20260422'!$E$2:$E$1000,SUBSTITUTE($A35," "," "))+COUNTIFS('20260423'!$C$2:$C$1000,C$1,'20260423'!$E$2:$E$1000,$A35)+COUNTIFS('20260423'!$C$2:$C$1000,C$1,'20260423'!$E$2:$E$1000,SUBSTITUTE($A35," "," "))+COUNTIFS('20260424'!$C$2:$C$1000,C$1,'20260424'!$E$2:$E$1000,$A35)+COUNTIFS('20260424'!$C$2:$C$1000,C$1,'20260424'!$E$2:$E$1000,SUBSTITUTE($A35," "," "))+COUNTIFS('20260427'!$C$2:$C$1000,C$1,'20260427'!$E$2:$E$1000,$A35)+COUNTIFS('20260427'!$C$2:$C$1000,C$1,'20260427'!$E$2:$E$1000,SUBSTITUTE($A35," "," "))+COUNTIFS('20260428'!$C$2:$C$1000,C$1,'20260428'!$E$2:$E$1000,$A35)+COUNTIFS('20260428'!$C$2:$C$1000,C$1,'20260428'!$E$2:$E$1000,SUBSTITUTE($A35," "," "))+COUNTIFS('20260430'!$C$2:$C$1000,C$1,'20260430'!$E$2:$E$1000,$A35)+COUNTIFS('20260430'!$C$2:$C$1000,C$1,'20260430'!$E$2:$E$1000,SUBSTITUTE($A35," "," ")) | D35: =COUNTIFS('20260401'!$C$2:$C$1000,D$1,'20260401'!$E$2:$E$1000,$A35)+COUNTIFS('20260401'!$C$2:$C$1000,D$1,'20260401'!$E$2:$E$1000,SUBSTITUTE($A35," "," "))+COUNTIFS('20260402'!$C$2:$C$1000,D$1,'20260402'!$E$2:$E$1000,$A35)+COUNTIFS('20260402'!$C$2:$C$1000,D$1,'20260402'!$E$2:$E$1000,SUBSTITUTE($A35," "," "))+COUNTIFS('20260403'!$C$2:$C$1000,D$1,'20260403'!$E$2:$E$1000,$A35)+COUNTIFS('20260403'!$C$2:$C$1000,D$1,'20260403'!$E$2:$E$1000,SUBSTITUTE($A35," "," "))+COUNTIFS('20260406'!$C$2:$C$1000,D$1,'20260406'!$E$2:$E$1000,$A35)+COUNTIFS('20260406'!$C$2:$C$1000,D$1,'20260406'!$E$2:$E$1000,SUBSTITUTE($A35," "," "))+COUNTIFS('20260407'!$C$2:$C$1000,D$1,'20260407'!$E$2:$E$1000,$A35)+COUNTIFS('20260407'!$C$2:$C$1000,D$1,'20260407'!$E$2:$E$1000,SUBSTITUTE($A35," "," "))+COUNTIFS('20260408'!$C$2:$C$1000,D$1,'20260408'!$E$2:$E$1000,$A35)+COUNTIFS('20260408'!$C$2:$C$1000,D$1,'20260408'!$E$2:$E$1000,SUBSTITUTE($A35," "," "))+COUNTIFS('20260409'!$C$2:$C$1000,D$1,'20260409'!$E$2:$E$1000,$A35)+COUNTIFS('20260409'!$C$2:$C$1000,D$1,'20260409'!$E$2:$E$1000,SUBSTITUTE($A35," "," "))+COUNTIFS('20260410'!$C$2:$C$1000,D$1,'20260410'!$E$2:$E$1000,$A35)+COUNTIFS('20260410'!$C$2:$C$1000,D$1,'20260410'!$E$2:$E$1000,SUBSTITUTE($A35," "," "))+COUNTIFS('20260413'!$C$2:$C$1000,D$1,'20260413'!$E$2:$E$1000,$A35)+COUNTIFS('20260413'!$C$2:$C$1000,D$1,'20260413'!$E$2:$E$1000,SUBSTITUTE($A35," "," "))+COUNTIFS('20260414'!$C$2:$C$1000,D$1,'20260414'!$E$2:$E$1000,$A35)+COUNTIFS('20260414'!$C$2:$C$1000,D$1,'20260414'!$E$2:$E$1000,SUBSTITUTE($A35," "," "))+COUNTIFS('20260415'!$C$2:$C$1000,D$1,'20260415'!$E$2:$E$1000,$A35)+COUNTIFS('20260415'!$C$2:$C$1000,D$1,'20260415'!$E$2:$E$1000,SUBSTITUTE($A35," "," "))+COUNTIFS('20260416'!$C$2:$C$1000,D$1,'20260416'!$E$2:$E$1000,$A35)+COUNTIFS('20260416'!$C$2:$C$1000,D$1,'20260416'!$E$2:$E$1000,SUBSTITUTE($A35," "," "))+COUNTIFS('20260417'!$C$2:$C$1000,D$1,'20260417'!$E$2:$E$1000,$A35)+COUNTIFS('20260417'!$C$2:$C$1000,D$1,'20260417'!$E$2:$E$1000,SUBSTITUTE($A35," "," "))+COUNTIFS('20260420'!$C$2:$C$1000,D$1,'20260420'!$E$2:$E$1000,$A35)+COUNTIFS('20260420'!$C$2:$C$1000,D$1,'20260420'!$E$2:$E$1000,SUBSTITUTE($A35," "," "))+COUNTIFS('20260421'!$C$2:$C$1000,D$1,'20260421'!$E$2:$E$1000,$A35)+COUNTIFS('20260421'!$C$2:$C$1000,D$1,'20260421'!$E$2:$E$1000,SUBSTITUTE($A35," "," "))+COUNTIFS('20260422'!$C$2:$C$1000,D$1,'20260422'!$E$2:$E$1000,$A35)+COUNTIFS('20260422'!$C$2:$C$1000,D$1,'20260422'!$E$2:$E$1000,SUBSTITUTE($A35," "," "))+COUNTIFS('20260423'!$C$2:$C$1000,D$1,'20260423'!$E$2:$E$1000,$A35)+COUNTIFS('20260423'!$C$2:$C$1000,D$1,'20260423'!$E$2:$E$1000,SUBSTITUTE($A35," "," "))+COUNTIFS('20260424'!$C$2:$C$1000,D$1,'20260424'!$E$2:$E$1000,$A35)+COUNTIFS('20260424'!$C$2:$C$1000,D$1,'20260424'!$E$2:$E$1000,SUBSTITUTE($A35," "," "))+COUNTIFS('20260427'!$C$2:$C$1000,D$1,'20260427'!$E$2:$E$1000,$A35)+COUNTIFS('20260427'!$C$2:$C$1000,D$1,'20260427'!$E$2:$E$1000,SUBSTITUTE($A35," "," "))+COUNTIFS('20260428'!$C$2:$C$1000,D$1,'20260428'!$E$2:$E$1000,$A35)+COUNTIFS('20260428'!$C$2:$C$1000,D$1,'20260428'!$E$2:$E$1000,SUBSTITUTE($A35," "," "))+COUNTIFS('20260430'!$C$2:$C$1000,D$1,'20260430'!$E$2:$E$1000,$A35)+COUNTIFS('20260430'!$C$2:$C$1000,D$1,'20260430'!$E$2:$E$1000,SUBSTITUTE($A35," "," ")) | E35: =SUM(B35:D35)
A36: 名簿計 | B36: =SUM(B2:B35) | C36: =SUM(C2:C35) | D36: =SUM(D2:D35) | E36: =SUM(E2:E35)
A38: 【名簿外】実績はあるが上記名簿に未記載の作業者
A39: 中村 美佳 | B39: =COUNTIFS('20260401'!$C$2:$C$1000,B$1,'20260401'!$E$2:$E$1000,$A39)+COUNTIFS('20260401'!$C$2:$C$1000,B$1,'20260401'!$E$2:$E$1000,SUBSTITUTE($A39," "," "))+COUNTIFS('20260402'!$C$2:$C$1000,B$1,'20260402'!$E$2:$E$1000,$A39)+COUNTIFS('20260402'!$C$2:$C$1000,B$1,'20260402'!$E$2:$E$1000,SUBSTITUTE($A39," "," "))+COUNTIFS('20260403'!$C$2:$C$1000,B$1,'20260403'!$E$2:$E$1000,$A39)+COUNTIFS('20260403'!$C$2:$C$1000,B$1,'20260403'!$E$2:$E$1000,SUBSTITUTE($A39," "," "))+COUNTIFS('20260406'!$C$2:$C$1000,B$1,'20260406'!$E$2:$E$1000,$A39)+COUNTIFS('20260406'!$C$2:$C$1000,B$1,'20260406'!$E$2:$E$1000,SUBSTITUTE($A39," "," "))+COUNTIFS('20260407'!$C$2:$C$1000,B$1,'20260407'!$E$2:$E$1000,$A39)+COUNTIFS('20260407'!$C$2:$C$1000,B$1,'20260407'!$E$2:$E$1000,SUBSTITUTE($A39," "," "))+COUNTIFS('20260408'!$C$2:$C$1000,B$1,'20260408'!$E$2:$E$1000,$A39)+COUNTIFS('20260408'!$C$2:$C$1000,B$1,'20260408'!$E$2:$E$1000,SUBSTITUTE($A39," "," "))+COUNTIFS('20260409'!$C$2:$C$1000,B$1,'20260409'!$E$2:$E$1000,$A39)+COUNTIFS('20260409'!$C$2:$C$1000,B$1,'20260409'!$E$2:$E$1000,SUBSTITUTE($A39," "," "))+COUNTIFS('20260410'!$C$2:$C$1000,B$1,'20260410'!$E$2:$E$1000,$A39)+COUNTIFS('20260410'!$C$2:$C$1000,B$1,'20260410'!$E$2:$E$1000,SUBSTITUTE($A39," "," "))+COUNTIFS('20260413'!$C$2:$C$1000,B$1,'20260413'!$E$2:$E$1000,$A39)+COUNTIFS('20260413'!$C$2:$C$1000,B$1,'20260413'!$E$2:$E$1000,SUBSTITUTE($A39," "," "))+COUNTIFS('20260414'!$C$2:$C$1000,B$1,'20260414'!$E$2:$E$1000,$A39)+COUNTIFS('20260414'!$C$2:$C$1000,B$1,'20260414'!$E$2:$E$1000,SUBSTITUTE($A39," "," "))+COUNTIFS('20260415'!$C$2:$C$1000,B$1,'20260415'!$E$2:$E$1000,$A39)+COUNTIFS('20260415'!$C$2:$C$1000,B$1,'20260415'!$E$2:$E$1000,SUBSTITUTE($A39," "," "))+COUNTIFS('20260416'!$C$2:$C$1000,B$1,'20260416'!$E$2:$E$1000,$A39)+COUNTIFS('20260416'!$C$2:$C$1000,B$1,'20260416'!$E$2:$E$1000,SUBSTITUTE($A39," "," "))+COUNTIFS('20260417'!$C$2:$C$1000,B$1,'20260417'!$E$2:$E$1000,$A39)+COUNTIFS('20260417'!$C$2:$C$1000,B$1,'20260417'!$E$2:$E$1000,SUBSTITUTE($A39," "," "))+COUNTIFS('20260420'!$C$2:$C$1000,B$1,'20260420'!$E$2:$E$1000,$A39)+COUNTIFS('20260420'!$C$2:$C$1000,B$1,'20260420'!$E$2:$E$1000,SUBSTITUTE($A39," "," "))+COUNTIFS('20260421'!$C$2:$C$1000,B$1,'20260421'!$E$2:$E$1000,$A39)+COUNTIFS('20260421'!$C$2:$C$1000,B$1,'20260421'!$E$2:$E$1000,SUBSTITUTE($A39," "," "))+COUNTIFS('20260422'!$C$2:$C$1000,B$1,'20260422'!$E$2:$E$1000,$A39)+COUNTIFS('20260422'!$C$2:$C$1000,B$1,'20260422'!$E$2:$E$1000,SUBSTITUTE($A39," "," "))+COUNTIFS('20260423'!$C$2:$C$1000,B$1,'20260423'!$E$2:$E$1000,$A39)+COUNTIFS('20260423'!$C$2:$C$1000,B$1,'20260423'!$E$2:$E$1000,SUBSTITUTE($A39," "," "))+COUNTIFS('20260424'!$C$2:$C$1000,B$1,'20260424'!$E$2:$E$1000,$A39)+COUNTIFS('20260424'!$C$2:$C$1000,B$1,'20260424'!$E$2:$E$1000,SUBSTITUTE($A39," "," "))+COUNTIFS('20260427'!$C$2:$C$1000,B$1,'20260427'!$E$2:$E$1000,$A39)+COUNTIFS('20260427'!$C$2:$C$1000,B$1,'20260427'!$E$2:$E$1000,SUBSTITUTE($A39," "," "))+COUNTIFS('20260428'!$C$2:$C$1000,B$1,'20260428'!$E$2:$E$1000,$A39)+COUNTIFS('20260428'!$C$2:$C$1000,B$1,'20260428'!$E$2:$E$1000,SUBSTITUTE($A39," "," "))+COUNTIFS('20260430'!$C$2:$C$1000,B$1,'20260430'!$E$2:$E$1000,$A39)+COUNTIFS('20260430'!$C$2:$C$1000,B$1,'20260430'!$E$2:$E$1000,SUBSTITUTE($A39," "," ")) | C39: =COUNTIFS('20260401'!$C$2:$C$1000,C$1,'20260401'!$E$2:$E$1000,$A39)+COUNTIFS('20260401'!$C$2:$C$1000,C$1,'20260401'!$E$2:$E$1000,SUBSTITUTE($A39," "," "))+COUNTIFS('20260402'!$C$2:$C$1000,C$1,'20260402'!$E$2:$E$1000,$A39)+COUNTIFS('20260402'!$C$2:$C$1000,C$1,'20260402'!$E$2:$E$1000,SUBSTITUTE($A39," "," "))+COUNTIFS('20260403'!$C$2:$C$1000,C$1,'20260403'!$E$2:$E$1000,$A39)+COUNTIFS('20260403'!$C$2:$C$1000,C$1,'20260403'!$E$2:$E$1000,SUBSTITUTE($A39," "," "))+COUNTIFS('20260406'!$C$2:$C$1000,C$1,'20260406'!$E$2:$E$1000,$A39)+COUNTIFS('20260406'!$C$2:$C$1000,C$1,'20260406'!$E$2:$E$1000,SUBSTITUTE($A39," "," "))+COUNTIFS('20260407'!$C$2:$C$1000,C$1,'20260407'!$E$2:$E$1000,$A39)+COUNTIFS('20260407'!$C$2:$C$1000,C$1,'20260407'!$E$2:$E$1000,SUBSTITUTE($A39," "," "))+COUNTIFS('20260408'!$C$2:$C$1000,C$1,'20260408'!$E$2:$E$1000,$A39)+COUNTIFS('20260408'!$C$2:$C$1000,C$1,'20260408'!$E$2:$E$1000,SUBSTITUTE($A39," "," "))+COUNTIFS('20260409'!$C$2:$C$1000,C$1,'20260409'!$E$2:$E$1000,$A39)+COUNTIFS('20260409'!$C$2:$C$1000,C$1,'20260409'!$E$2:$E$1000,SUBSTITUTE($A39," "," "))+COUNTIFS('20260410'!$C$2:$C$1000,C$1,'20260410'!$E$2:$E$1000,$A39)+COUNTIFS('20260410'!$C$2:$C$1000,C$1,'20260410'!$E$2:$E$1000,SUBSTITUTE($A39," "," "))+COUNTIFS('20260413'!$C$2:$C$1000,C$1,'20260413'!$E$2:$E$1000,$A39)+COUNTIFS('20260413'!$C$2:$C$1000,C$1,'20260413'!$E$2:$E$1000,SUBSTITUTE($A39," "," "))+COUNTIFS('20260414'!$C$2:$C$1000,C$1,'20260414'!$E$2:$E$1000,$A39)+COUNTIFS('20260414'!$C$2:$C$1000,C$1,'20260414'!$E$2:$E$1000,SUBSTITUTE($A39," "," "))+COUNTIFS('20260415'!$C$2:$C$1000,C$1,'20260415'!$E$2:$E$1000,$A39)+COUNTIFS('20260415'!$C$2:$C$1000,C$1,'20260415'!$E$2:$E$1000,SUBSTITUTE($A39," "," "))+COUNTIFS('20260416'!$C$2:$C$1000,C$1,'20260416'!$E$2:$E$1000,$A39)+COUNTIFS('20260416'!$C$2:$C$1000,C$1,'20260416'!$E$2:$E$1000,SUBSTITUTE($A39," "," "))+COUNTIFS('20260417'!$C$2:$C$1000,C$1,'20260417'!$E$2:$E$1000,$A39)+COUNTIFS('20260417'!$C$2:$C$1000,C$1,'20260417'!$E$2:$E$1000,SUBSTITUTE($A39," "," "))+COUNTIFS('20260420'!$C$2:$C$1000,C$1,'20260420'!$E$2:$E$1000,$A39)+COUNTIFS('20260420'!$C$2:$C$1000,C$1,'20260420'!$E$2:$E$1000,SUBSTITUTE($A39," "," "))+COUNTIFS('20260421'!$C$2:$C$1000,C$1,'20260421'!$E$2:$E$1000,$A39)+COUNTIFS('20260421'!$C$2:$C$1000,C$1,'20260421'!$E$2:$E$1000,SUBSTITUTE($A39," "," "))+COUNTIFS('20260422'!$C$2:$C$1000,C$1,'20260422'!$E$2:$E$1000,$A39)+COUNTIFS('20260422'!$C$2:$C$1000,C$1,'20260422'!$E$2:$E$1000,SUBSTITUTE($A39," "," "))+COUNTIFS('20260423'!$C$2:$C$1000,C$1,'20260423'!$E$2:$E$1000,$A39)+COUNTIFS('20260423'!$C$2:$C$1000,C$1,'20260423'!$E$2:$E$1000,SUBSTITUTE($A39," "," "))+COUNTIFS('20260424'!$C$2:$C$1000,C$1,'20260424'!$E$2:$E$1000,$A39)+COUNTIFS('20260424'!$C$2:$C$1000,C$1,'20260424'!$E$2:$E$1000,SUBSTITUTE($A39," "," "))+COUNTIFS('20260427'!$C$2:$C$1000,C$1,'20260427'!$E$2:$E$1000,$A39)+COUNTIFS('20260427'!$C$2:$C$1000,C$1,'20260427'!$E$2:$E$1000,SUBSTITUTE($A39," "," "))+COUNTIFS('20260428'!$C$2:$C$1000,C$1,'20260428'!$E$2:$E$1000,$A39)+COUNTIFS('20260428'!$C$2:$C$1000,C$1,'20260428'!$E$2:$E$1000,SUBSTITUTE($A39," "," "))+COUNTIFS('20260430'!$C$2:$C$1000,C$1,'20260430'!$E$2:$E$1000,$A39)+COUNTIFS('20260430'!$C$2:$C$1000,C$1,'20260430'!$E$2:$E$1000,SUBSTITUTE($A39," "," ")) | D39: =COUNTIFS('20260401'!$C$2:$C$1000,D$1,'20260401'!$E$2:$E$1000,$A39)+COUNTIFS('20260401'!$C$2:$C$1000,D$1,'20260401'!$E$2:$E$1000,SUBSTITUTE($A39," "," "))+COUNTIFS('20260402'!$C$2:$C$1000,D$1,'20260402'!$E$2:$E$1000,$A39)+COUNTIFS('20260402'!$C$2:$C$1000,D$1,'20260402'!$E$2:$E$1000,SUBSTITUTE($A39," "," "))+COUNTIFS('20260403'!$C$2:$C$1000,D$1,'20260403'!$E$2:$E$1000,$A39)+COUNTIFS('20260403'!$C$2:$C$1000,D$1,'20260403'!$E$2:$E$1000,SUBSTITUTE($A39," "," "))+COUNTIFS('20260406'!$C$2:$C$1000,D$1,'20260406'!$E$2:$E$1000,$A39)+COUNTIFS('20260406'!$C$2:$C$1000,D$1,'20260406'!$E$2:$E$1000,SUBSTITUTE($A39," "," "))+COUNTIFS('20260407'!$C$2:$C$1000,D$1,'20260407'!$E$2:$E$1000,$A39)+COUNTIFS('20260407'!$C$2:$C$1000,D$1,'20260407'!$E$2:$E$1000,SUBSTITUTE($A39," "," "))+COUNTIFS('20260408'!$C$2:$C$1000,D$1,'20260408'!$E$2:$E$1000,$A39)+COUNTIFS('20260408'!$C$2:$C$1000,D$1,'20260408'!$E$2:$E$1000,SUBSTITUTE($A39," "," "))+COUNTIFS('20260409'!$C$2:$C$1000,D$1,'20260409'!$E$2:$E$1000,$A39)+COUNTIFS('20260409'!$C$2:$C$1000,D$1,'20260409'!$E$2:$E$1000,SUBSTITUTE($A39," "," "))+COUNTIFS('20260410'!$C$2:$C$1000,D$1,'20260410'!$E$2:$E$1000,$A39)+COUNTIFS('20260410'!$C$2:$C$1000,D$1,'20260410'!$E$2:$E$1000,SUBSTITUTE($A39," "," "))+COUNTIFS('20260413'!$C$2:$C$1000,D$1,'20260413'!$E$2:$E$1000,$A39)+COUNTIFS('20260413'!$C$2:$C$1000,D$1,'20260413'!$E$2:$E$1000,SUBSTITUTE($A39," "," "))+COUNTIFS('20260414'!$C$2:$C$1000,D$1,'20260414'!$E$2:$E$1000,$A39)+COUNTIFS('20260414'!$C$2:$C$1000,D$1,'20260414'!$E$2:$E$1000,SUBSTITUTE($A39," "," "))+COUNTIFS('20260415'!$C$2:$C$1000,D$1,'20260415'!$E$2:$E$1000,$A39)+COUNTIFS('20260415'!$C$2:$C$1000,D$1,'20260415'!$E$2:$E$1000,SUBSTITUTE($A39," "," "))+COUNTIFS('20260416'!$C$2:$C$1000,D$1,'20260416'!$E$2:$E$1000,$A39)+COUNTIFS('20260416'!$C$2:$C$1000,D$1,'20260416'!$E$2:$E$1000,SUBSTITUTE($A39," "," "))+COUNTIFS('20260417'!$C$2:$C$1000,D$1,'20260417'!$E$2:$E$1000,$A39)+COUNTIFS('20260417'!$C$2:$C$1000,D$1,'20260417'!$E$2:$E$1000,SUBSTITUTE($A39," "," "))+COUNTIFS('20260420'!$C$2:$C$1000,D$1,'20260420'!$E$2:$E$1000,$A39)+COUNTIFS('20260420'!$C$2:$C$1000,D$1,'20260420'!$E$2:$E$1000,SUBSTITUTE($A39," "," "))+COUNTIFS('20260421'!$C$2:$C$1000,D$1,'20260421'!$E$2:$E$1000,$A39)+COUNTIFS('20260421'!$C$2:$C$1000,D$1,'20260421'!$E$2:$E$1000,SUBSTITUTE($A39," "," "))+COUNTIFS('20260422'!$C$2:$C$1000,D$1,'20260422'!$E$2:$E$1000,$A39)+COUNTIFS('20260422'!$C$2:$C$1000,D$1,'20260422'!$E$2:$E$1000,SUBSTITUTE($A39," "," "))+COUNTIFS('20260423'!$C$2:$C$1000,D$1,'20260423'!$E$2:$E$1000,$A39)+COUNTIFS('20260423'!$C$2:$C$1000,D$1,'20260423'!$E$2:$E$1000,SUBSTITUTE($A39," "," "))+COUNTIFS('20260424'!$C$2:$C$1000,D$1,'20260424'!$E$2:$E$1000,$A39)+COUNTIFS('20260424'!$C$2:$C$1000,D$1,'20260424'!$E$2:$E$1000,SUBSTITUTE($A39," "," "))+COUNTIFS('20260427'!$C$2:$C$1000,D$1,'20260427'!$E$2:$E$1000,$A39)+COUNTIFS('20260427'!$C$2:$C$1000,D$1,'20260427'!$E$2:$E$1000,SUBSTITUTE($A39," "," "))+COUNTIFS('20260428'!$C$2:$C$1000,D$1,'20260428'!$E$2:$E$1000,$A39)+COUNTIFS('20260428'!$C$2:$C$1000,D$1,'20260428'!$E$2:$E$1000,SUBSTITUTE($A39," "," "))+COUNTIFS('20260430'!$C$2:$C$1000,D$1,'20260430'!$E$2:$E$1000,$A39)+COUNTIFS('20260430'!$C$2:$C$1000,D$1,'20260430'!$E$2:$E$1000,SUBSTITUTE($A39," "," ")) | E39: =SUM(B39:D39)
A40: 曹 紫丹彡 | B40: =COUNTIFS('20260401'!$C$2:$C$1000,B$1,'20260401'!$E$2:$E$1000,$A40)+COUNTIFS('20260401'!$C$2:$C$1000,B$1,'20260401'!$E$2:$E$1000,SUBSTITUTE($A40," "," "))+COUNTIFS('20260402'!$C$2:$C$1000,B$1,'20260402'!$E$2:$E$1000,$A40)+COUNTIFS('20260402'!$C$2:$C$1000,B$1,'20260402'!$E$2:$E$1000,SUBSTITUTE($A40," "," "))+COUNTIFS('20260403'!$C$2:$C$1000,B$1,'20260403'!$E$2:$E$1000,$A40)+COUNTIFS('20260403'!$C$2:$C$1000,B$1,'20260403'!$E$2:$E$1000,SUBSTITUTE($A40," "," "))+COUNTIFS('20260406'!$C$2:$C$1000,B$1,'20260406'!$E$2:$E$1000,$A40)+COUNTIFS('20260406'!$C$2:$C$1000,B$1,'20260406'!$E$2:$E$1000,SUBSTITUTE($A40," "," "))+COUNTIFS('20260407'!$C$2:$C$1000,B$1,'20260407'!$E$2:$E$1000,$A40)+COUNTIFS('20260407'!$C$2:$C$1000,B$1,'20260407'!$E$2:$E$1000,SUBSTITUTE($A40," "," "))+COUNTIFS('20260408'!$C$2:$C$1000,B$1,'20260408'!$E$2:$E$1000,$A40)+COUNTIFS('20260408'!$C$2:$C$1000,B$1,'20260408'!$E$2:$E$1000,SUBSTITUTE($A40," "," "))+COUNTIFS('20260409'!$C$2:$C$1000,B$1,'20260409'!$E$2:$E$1000,$A40)+COUNTIFS('20260409'!$C$2:$C$1000,B$1,'20260409'!$E$2:$E$1000,SUBSTITUTE($A40," "," "))+COUNTIFS('20260410'!$C$2:$C$1000,B$1,'20260410'!$E$2:$E$1000,$A40)+COUNTIFS('20260410'!$C$2:$C$1000,B$1,'20260410'!$E$2:$E$1000,SUBSTITUTE($A40," "," "))+COUNTIFS('20260413'!$C$2:$C$1000,B$1,'20260413'!$E$2:$E$1000,$A40)+COUNTIFS('20260413'!$C$2:$C$1000,B$1,'20260413'!$E$2:$E$1000,SUBSTITUTE($A40," "," "))+COUNTIFS('20260414'!$C$2:$C$1000,B$1,'20260414'!$E$2:$E$1000,$A40)+COUNTIFS('20260414'!$C$2:$C$1000,B$1,'20260414'!$E$2:$E$1000,SUBSTITUTE($A40," "," "))+COUNTIFS('20260415'!$C$2:$C$1000,B$1,'20260415'!$E$2:$E$1000,$A40)+COUNTIFS('20260415'!$C$2:$C$1000,B$1,'20260415'!$E$2:$E$1000,SUBSTITUTE($A40," "," "))+COUNTIFS('20260416'!$C$2:$C$1000,B$1,'20260416'!$E$2:$E$1000,$A40)+COUNTIFS('20260416'!$C$2:$C$1000,B$1,'20260416'!$E$2:$E$1000,SUBSTITUTE($A40," "," "))+COUNTIFS('20260417'!$C$2:$C$1000,B$1,'20260417'!$E$2:$E$1000,$A40)+COUNTIFS('20260417'!$C$2:$C$1000,B$1,'20260417'!$E$2:$E$1000,SUBSTITUTE($A40," "," "))+COUNTIFS('20260420'!$C$2:$C$1000,B$1,'20260420'!$E$2:$E$1000,$A40)+COUNTIFS('20260420'!$C$2:$C$1000,B$1,'20260420'!$E$2:$E$1000,SUBSTITUTE($A40," "," "))+COUNTIFS('20260421'!$C$2:$C$1000,B$1,'20260421'!$E$2:$E$1000,$A40)+COUNTIFS('20260421'!$C$2:$C$1000,B$1,'20260421'!$E$2:$E$1000,SUBSTITUTE($A40," "," "))+COUNTIFS('20260422'!$C$2:$C$1000,B$1,'20260422'!$E$2:$E$1000,$A40)+COUNTIFS('20260422'!$C$2:$C$1000,B$1,'20260422'!$E$2:$E$1000,SUBSTITUTE($A40," "," "))+COUNTIFS('20260423'!$C$2:$C$1000,B$1,'20260423'!$E$2:$E$1000,$A40)+COUNTIFS('20260423'!$C$2:$C$1000,B$1,'20260423'!$E$2:$E$1000,SUBSTITUTE($A40," "," "))+COUNTIFS('20260424'!$C$2:$C$1000,B$1,'20260424'!$E$2:$E$1000,$A40)+COUNTIFS('20260424'!$C$2:$C$1000,B$1,'20260424'!$E$2:$E$1000,SUBSTITUTE($A40," "," "))+COUNTIFS('20260427'!$C$2:$C$1000,B$1,'20260427'!$E$2:$E$1000,$A40)+COUNTIFS('20260427'!$C$2:$C$1000,B$1,'20260427'!$E$2:$E$1000,SUBSTITUTE($A40," "," "))+COUNTIFS('20260428'!$C$2:$C$1000,B$1,'20260428'!$E$2:$E$1000,$A40)+COUNTIFS('20260428'!$C$2:$C$1000,B$1,'20260428'!$E$2:$E$1000,SUBSTITUTE($A40," "," "))+COUNTIFS('20260430'!$C$2:$C$1000,B$1,'20260430'!$E$2:$E$1000,$A40)+COUNTIFS('20260430'!$C$2:$C$1000,B$1,'20260430'!$E$2:$E$1000,SUBSTITUTE($A40," "," ")) | C40: =COUNTIFS('20260401'!$C$2:$C$1000,C$1,'20260401'!$E$2:$E$1000,$A40)+COUNTIFS('20260401'!$C$2:$C$1000,C$1,'20260401'!$E$2:$E$1000,SUBSTITUTE($A40," "," "))+COUNTIFS('20260402'!$C$2:$C$1000,C$1,'20260402'!$E$2:$E$1000,$A40)+COUNTIFS('20260402'!$C$2:$C$1000,C$1,'20260402'!$E$2:$E$1000,SUBSTITUTE($A40," "," "))+COUNTIFS('20260403'!$C$2:$C$1000,C$1,'20260403'!$E$2:$E$1000,$A40)+COUNTIFS('20260403'!$C$2:$C$1000,C$1,'20260403'!$E$2:$E$1000,SUBSTITUTE($A40," "," "))+COUNTIFS('20260406'!$C$2:$C$1000,C$1,'20260406'!$E$2:$E$1000,$A40)+COUNTIFS('20260406'!$C$2:$C$1000,C$1,'20260406'!$E$2:$E$1000,SUBSTITUTE($A40," "," "))+COUNTIFS('20260407'!$C$2:$C$1000,C$1,'20260407'!$E$2:$E$1000,$A40)+COUNTIFS('20260407'!$C$2:$C$1000,C$1,'20260407'!$E$2:$E$1000,SUBSTITUTE($A40," "," "))+COUNTIFS('20260408'!$C$2:$C$1000,C$1,'20260408'!$E$2:$E$1000,$A40)+COUNTIFS('20260408'!$C$2:$C$1000,C$1,'20260408'!$E$2:$E$1000,SUBSTITUTE($A40," "," "))+COUNTIFS('20260409'!$C$2:$C$1000,C$1,'20260409'!$E$2:$E$1000,$A40)+COUNTIFS('20260409'!$C$2:$C$1000,C$1,'20260409'!$E$2:$E$1000,SUBSTITUTE($A40," "," "))+COUNTIFS('20260410'!$C$2:$C$1000,C$1,'20260410'!$E$2:$E$1000,$A40)+COUNTIFS('20260410'!$C$2:$C$1000,C$1,'20260410'!$E$2:$E$1000,SUBSTITUTE($A40," "," "))+COUNTIFS('20260413'!$C$2:$C$1000,C$1,'20260413'!$E$2:$E$1000,$A40)+COUNTIFS('20260413'!$C$2:$C$1000,C$1,'20260413'!$E$2:$E$1000,SUBSTITUTE($A40," "," "))+COUNTIFS('20260414'!$C$2:$C$1000,C$1,'20260414'!$E$2:$E$1000,$A40)+COUNTIFS('20260414'!$C$2:$C$1000,C$1,'20260414'!$E$2:$E$1000,SUBSTITUTE($A40," "," "))+COUNTIFS('20260415'!$C$2:$C$1000,C$1,'20260415'!$E$2:$E$1000,$A40)+COUNTIFS('20260415'!$C$2:$C$1000,C$1,'20260415'!$E$2:$E$1000,SUBSTITUTE($A40," "," "))+COUNTIFS('20260416'!$C$2:$C$1000,C$1,'20260416'!$E$2:$E$1000,$A40)+COUNTIFS('20260416'!$C$2:$C$1000,C$1,'20260416'!$E$2:$E$1000,SUBSTITUTE($A40," "," "))+COUNTIFS('20260417'!$C$2:$C$1000,C$1,'20260417'!$E$2:$E$1000,$A40)+COUNTIFS('20260417'!$C$2:$C$1000,C$1,'20260417'!$E$2:$E$1000,SUBSTITUTE($A40," "," "))+COUNTIFS('20260420'!$C$2:$C$1000,C$1,'20260420'!$E$2:$E$1000,$A40)+COUNTIFS('20260420'!$C$2:$C$1000,C$1,'20260420'!$E$2:$E$1000,SUBSTITUTE($A40," "," "))+COUNTIFS('20260421'!$C$2:$C$1000,C$1,'20260421'!$E$2:$E$1000,$A40)+COUNTIFS('20260421'!$C$2:$C$1000,C$1,'20260421'!$E$2:$E$1000,SUBSTITUTE($A40," "," "))+COUNTIFS('20260422'!$C$2:$C$1000,C$1,'20260422'!$E$2:$E$1000,$A40)+COUNTIFS('20260422'!$C$2:$C$1000,C$1,'20260422'!$E$2:$E$1000,SUBSTITUTE($A40," "," "))+COUNTIFS('20260423'!$C$2:$C$1000,C$1,'20260423'!$E$2:$E$1000,$A40)+COUNTIFS('20260423'!$C$2:$C$1000,C$1,'20260423'!$E$2:$E$1000,SUBSTITUTE($A40," "," "))+COUNTIFS('20260424'!$C$2:$C$1000,C$1,'20260424'!$E$2:$E$1000,$A40)+COUNTIFS('20260424'!$C$2:$C$1000,C$1,'20260424'!$E$2:$E$1000,SUBSTITUTE($A40," "," "))+COUNTIFS('20260427'!$C$2:$C$1000,C$1,'20260427'!$E$2:$E$1000,$A40)+COUNTIFS('20260427'!$C$2:$C$1000,C$1,'20260427'!$E$2:$E$1000,SUBSTITUTE($A40," "," "))+COUNTIFS('20260428'!$C$2:$C$1000,C$1,'20260428'!$E$2:$E$1000,$A40)+COUNTIFS('20260428'!$C$2:$C$1000,C$1,'20260428'!$E$2:$E$1000,SUBSTITUTE($A40," "," "))+COUNTIFS('20260430'!$C$2:$C$1000,C$1,'20260430'!$E$2:$E$1000,$A40)+COUNTIFS('20260430'!$C$2:$C$1000,C$1,'20260430'!$E$2:$E$1000,SUBSTITUTE($A40," "," ")) | D40: =COUNTIFS('20260401'!$C$2:$C$1000,D$1,'20260401'!$E$2:$E$1000,$A40)+COUNTIFS('20260401'!$C$2:$C$1000,D$1,'20260401'!$E$2:$E$1000,SUBSTITUTE($A40," "," "))+COUNTIFS('20260402'!$C$2:$C$1000,D$1,'20260402'!$E$2:$E$1000,$A40)+COUNTIFS('20260402'!$C$2:$C$1000,D$1,'20260402'!$E$2:$E$1000,SUBSTITUTE($A40," "," "))+COUNTIFS('20260403'!$C$2:$C$1000,D$1,'20260403'!$E$2:$E$1000,$A40)+COUNTIFS('20260403'!$C$2:$C$1000,D$1,'20260403'!$E$2:$E$1000,SUBSTITUTE($A40," "," "))+COUNTIFS('20260406'!$C$2:$C$1000,D$1,'20260406'!$E$2:$E$1000,$A40)+COUNTIFS('20260406'!$C$2:$C$1000,D$1,'20260406'!$E$2:$E$1000,SUBSTITUTE($A40," "," "))+COUNTIFS('20260407'!$C$2:$C$1000,D$1,'20260407'!$E$2:$E$1000,$A40)+COUNTIFS('20260407'!$C$2:$C$1000,D$1,'20260407'!$E$2:$E$1000,SUBSTITUTE($A40," "," "))+COUNTIFS('20260408'!$C$2:$C$1000,D$1,'20260408'!$E$2:$E$1000,$A40)+COUNTIFS('20260408'!$C$2:$C$1000,D$1,'20260408'!$E$2:$E$1000,SUBSTITUTE($A40," "," "))+COUNTIFS('20260409'!$C$2:$C$1000,D$1,'20260409'!$E$2:$E$1000,$A40)+COUNTIFS('20260409'!$C$2:$C$1000,D$1,'20260409'!$E$2:$E$1000,SUBSTITUTE($A40," "," "))+COUNTIFS('20260410'!$C$2:$C$1000,D$1,'20260410'!$E$2:$E$1000,$A40)+COUNTIFS('20260410'!$C$2:$C$1000,D$1,'20260410'!$E$2:$E$1000,SUBSTITUTE($A40," "," "))+COUNTIFS('20260413'!$C$2:$C$1000,D$1,'20260413'!$E$2:$E$1000,$A40)+COUNTIFS('20260413'!$C$2:$C$1000,D$1,'20260413'!$E$2:$E$1000,SUBSTITUTE($A40," "," "))+COUNTIFS('20260414'!$C$2:$C$1000,D$1,'20260414'!$E$2:$E$1000,$A40)+COUNTIFS('20260414'!$C$2:$C$1000,D$1,'20260414'!$E$2:$E$1000,SUBSTITUTE($A40," "," "))+COUNTIFS('20260415'!$C$2:$C$1000,D$1,'20260415'!$E$2:$E$1000,$A40)+COUNTIFS('20260415'!$C$2:$C$1000,D$1,'20260415'!$E$2:$E$1000,SUBSTITUTE($A40," "," "))+COUNTIFS('20260416'!$C$2:$C$1000,D$1,'20260416'!$E$2:$E$1000,$A40)+COUNTIFS('20260416'!$C$2:$C$1000,D$1,'20260416'!$E$2:$E$1000,SUBSTITUTE($A40," "," "))+COUNTIFS('20260417'!$C$2:$C$1000,D$1,'20260417'!$E$2:$E$1000,$A40)+COUNTIFS('20260417'!$C$2:$C$1000,D$1,'20260417'!$E$2:$E$1000,SUBSTITUTE($A40," "," "))+COUNTIFS('20260420'!$C$2:$C$1000,D$1,'20260420'!$E$2:$E$1000,$A40)+COUNTIFS('20260420'!$C$2:$C$1000,D$1,'20260420'!$E$2:$E$1000,SUBSTITUTE($A40," "," "))+COUNTIFS('20260421'!$C$2:$C$1000,D$1,'20260421'!$E$2:$E$1000,$A40)+COUNTIFS('20260421'!$C$2:$C$1000,D$1,'20260421'!$E$2:$E$1000,SUBSTITUTE($A40," "," "))+COUNTIFS('20260422'!$C$2:$C$1000,D$1,'20260422'!$E$2:$E$1000,$A40)+COUNTIFS('20260422'!$C$2:$C$1000,D$1,'20260422'!$E$2:$E$1000,SUBSTITUTE($A40," "," "))+COUNTIFS('20260423'!$C$2:$C$1000,D$1,'20260423'!$E$2:$E$1000,$A40)+COUNTIFS('20260423'!$C$2:$C$1000,D$1,'20260423'!$E$2:$E$1000,SUBSTITUTE($A40," "," "))+COUNTIFS('20260424'!$C$2:$C$1000,D$1,'20260424'!$E$2:$E$1000,$A40)+COUNTIFS('20260424'!$C$2:$C$1000,D$1,'20260424'!$E$2:$E$1000,SUBSTITUTE($A40," "," "))+COUNTIFS('20260427'!$C$2:$C$1000,D$1,'20260427'!$E$2:$E$1000,$A40)+COUNTIFS('20260427'!$C$2:$C$1000,D$1,'20260427'!$E$2:$E$1000,SUBSTITUTE($A40," "," "))+COUNTIFS('20260428'!$C$2:$C$1000,D$1,'20260428'!$E$2:$E$1000,$A40)+COUNTIFS('20260428'!$C$2:$C$1000,D$1,'20260428'!$E$2:$E$1000,SUBSTITUTE($A40," "," "))+COUNTIFS('20260430'!$C$2:$C$1000,D$1,'20260430'!$E$2:$E$1000,$A40)+COUNTIFS('20260430'!$C$2:$C$1000,D$1,'20260430'!$E$2:$E$1000,SUBSTITUTE($A40," "," ")) | E40: =SUM(B40:D40)
A41: 堀内 惟織 | B41: =COUNTIFS('20260401'!$C$2:$C$1000,B$1,'20260401'!$E$2:$E$1000,$A41)+COUNTIFS('20260401'!$C$2:$C$1000,B$1,'20260401'!$E$2:$E$1000,SUBSTITUTE($A41," "," "))+COUNTIFS('20260402'!$C$2:$C$1000,B$1,'20260402'!$E$2:$E$1000,$A41)+COUNTIFS('20260402'!$C$2:$C$1000,B$1,'20260402'!$E$2:$E$1000,SUBSTITUTE($A41," "," "))+COUNTIFS('20260403'!$C$2:$C$1000,B$1,'20260403'!$E$2:$E$1000,$A41)+COUNTIFS('20260403'!$C$2:$C$1000,B$1,'20260403'!$E$2:$E$1000,SUBSTITUTE($A41," "," "))+COUNTIFS('20260406'!$C$2:$C$1000,B$1,'20260406'!$E$2:$E$1000,$A41)+COUNTIFS('20260406'!$C$2:$C$1000,B$1,'20260406'!$E$2:$E$1000,SUBSTITUTE($A41," "," "))+COUNTIFS('20260407'!$C$2:$C$1000,B$1,'20260407'!$E$2:$E$1000,$A41)+COUNTIFS('20260407'!$C$2:$C$1000,B$1,'20260407'!$E$2:$E$1000,SUBSTITUTE($A41," "," "))+COUNTIFS('20260408'!$C$2:$C$1000,B$1,'20260408'!$E$2:$E$1000,$A41)+COUNTIFS('20260408'!$C$2:$C$1000,B$1,'20260408'!$E$2:$E$1000,SUBSTITUTE($A41," "," "))+COUNTIFS('20260409'!$C$2:$C$1000,B$1,'20260409'!$E$2:$E$1000,$A41)+COUNTIFS('20260409'!$C$2:$C$1000,B$1,'20260409'!$E$2:$E$1000,SUBSTITUTE($A41," "," "))+COUNTIFS('20260410'!$C$2:$C$1000,B$1,'20260410'!$E$2:$E$1000,$A41)+COUNTIFS('20260410'!$C$2:$C$1000,B$1,'20260410'!$E$2:$E$1000,SUBSTITUTE($A41," "," "))+COUNTIFS('20260413'!$C$2:$C$1000,B$1,'20260413'!$E$2:$E$1000,$A41)+COUNTIFS('20260413'!$C$2:$C$1000,B$1,'20260413'!$E$2:$E$1000,SUBSTITUTE($A41," "," "))+COUNTIFS('20260414'!$C$2:$C$1000,B$1,'20260414'!$E$2:$E$1000,$A41)+COUNTIFS('20260414'!$C$2:$C$1000,B$1,'20260414'!$E$2:$E$1000,SUBSTITUTE($A41," "," "))+COUNTIFS('20260415'!$C$2:$C$1000,B$1,'20260415'!$E$2:$E$1000,$A41)+COUNTIFS('20260415'!$C$2:$C$1000,B$1,'20260415'!$E$2:$E$1000,SUBSTITUTE($A41," "," "))+COUNTIFS('20260416'!$C$2:$C$1000,B$1,'20260416'!$E$2:$E$1000,$A41)+COUNTIFS('20260416'!$C$2:$C$1000,B$1,'20260416'!$E$2:$E$1000,SUBSTITUTE($A41," "," "))+COUNTIFS('20260417'!$C$2:$C$1000,B$1,'20260417'!$E$2:$E$1000,$A41)+COUNTIFS('20260417'!$C$2:$C$1000,B$1,'20260417'!$E$2:$E$1000,SUBSTITUTE($A41," "," "))+COUNTIFS('20260420'!$C$2:$C$1000,B$1,'20260420'!$E$2:$E$1000,$A41)+COUNTIFS('20260420'!$C$2:$C$1000,B$1,'20260420'!$E$2:$E$1000,SUBSTITUTE($A41," "," "))+COUNTIFS('20260421'!$C$2:$C$1000,B$1,'20260421'!$E$2:$E$1000,$A41)+COUNTIFS('20260421'!$C$2:$C$1000,B$1,'20260421'!$E$2:$E$1000,SUBSTITUTE($A41," "," "))+COUNTIFS('20260422'!$C$2:$C$1000,B$1,'20260422'!$E$2:$E$1000,$A41)+COUNTIFS('20260422'!$C$2:$C$1000,B$1,'20260422'!$E$2:$E$1000,SUBSTITUTE($A41," "," "))+COUNTIFS('20260423'!$C$2:$C$1000,B$1,'20260423'!$E$2:$E$1000,$A41)+COUNTIFS('20260423'!$C$2:$C$1000,B$1,'20260423'!$E$2:$E$1000,SUBSTITUTE($A41," "," "))+COUNTIFS('20260424'!$C$2:$C$1000,B$1,'20260424'!$E$2:$E$1000,$A41)+COUNTIFS('20260424'!$C$2:$C$1000,B$1,'20260424'!$E$2:$E$1000,SUBSTITUTE($A41," "," "))+COUNTIFS('20260427'!$C$2:$C$1000,B$1,'20260427'!$E$2:$E$1000,$A41)+COUNTIFS('20260427'!$C$2:$C$1000,B$1,'20260427'!$E$2:$E$1000,SUBSTITUTE($A41," "," "))+COUNTIFS('20260428'!$C$2:$C$1000,B$1,'20260428'!$E$2:$E$1000,$A41)+COUNTIFS('20260428'!$C$2:$C$1000,B$1,'20260428'!$E$2:$E$1000,SUBSTITUTE($A41," "," "))+COUNTIFS('20260430'!$C$2:$C$1000,B$1,'20260430'!$E$2:$E$1000,$A41)+COUNTIFS('20260430'!$C$2:$C$1000,B$1,'20260430'!$E$2:$E$1000,SUBSTITUTE($A41," "," ")) | C41: =COUNTIFS('20260401'!$C$2:$C$1000,C$1,'20260401'!$E$2:$E$1000,$A41)+COUNTIFS('20260401'!$C$2:$C$1000,C$1,'20260401'!$E$2:$E$1000,SUBSTITUTE($A41," "," "))+COUNTIFS('20260402'!$C$2:$C$1000,C$1,'20260402'!$E$2:$E$1000,$A41)+COUNTIFS('20260402'!$C$2:$C$1000,C$1,'20260402'!$E$2:$E$1000,SUBSTITUTE($A41," "," "))+COUNTIFS('20260403'!$C$2:$C$1000,C$1,'20260403'!$E$2:$E$1000,$A41)+COUNTIFS('20260403'!$C$2:$C$1000,C$1,'20260403'!$E$2:$E$1000,SUBSTITUTE($A41," "," "))+COUNTIFS('20260406'!$C$2:$C$1000,C$1,'20260406'!$E$2:$E$1000,$A41)+COUNTIFS('20260406'!$C$2:$C$1000,C$1,'20260406'!$E$2:$E$1000,SUBSTITUTE($A41," "," "))+COUNTIFS('20260407'!$C$2:$C$1000,C$1,'20260407'!$E$2:$E$1000,$A41)+COUNTIFS('20260407'!$C$2:$C$1000,C$1,'20260407'!$E$2:$E$1000,SUBSTITUTE($A41," "," "))+COUNTIFS('20260408'!$C$2:$C$1000,C$1,'20260408'!$E$2:$E$1000,$A41)+COUNTIFS('20260408'!$C$2:$C$1000,C$1,'20260408'!$E$2:$E$1000,SUBSTITUTE($A41," "," "))+COUNTIFS('20260409'!$C$2:$C$1000,C$1,'20260409'!$E$2:$E$1000,$A41)+COUNTIFS('20260409'!$C$2:$C$1000,C$1,'20260409'!$E$2:$E$1000,SUBSTITUTE($A41," "," "))+COUNTIFS('20260410'!$C$2:$C$1000,C$1,'20260410'!$E$2:$E$1000,$A41)+COUNTIFS('20260410'!$C$2:$C$1000,C$1,'20260410'!$E$2:$E$1000,SUBSTITUTE($A41," "," "))+COUNTIFS('20260413'!$C$2:$C$1000,C$1,'20260413'!$E$2:$E$1000,$A41)+COUNTIFS('20260413'!$C$2:$C$1000,C$1,'20260413'!$E$2:$E$1000,SUBSTITUTE($A41," "," "))+COUNTIFS('20260414'!$C$2:$C$1000,C$1,'20260414'!$E$2:$E$1000,$A41)+COUNTIFS('20260414'!$C$2:$C$1000,C$1,'20260414'!$E$2:$E$1000,SUBSTITUTE($A41," "," "))+COUNTIFS('20260415'!$C$2:$C$1000,C$1,'20260415'!$E$2:$E$1000,$A41)+COUNTIFS('20260415'!$C$2:$C$1000,C$1,'20260415'!$E$2:$E$1000,SUBSTITUTE($A41," "," "))+COUNTIFS('20260416'!$C$2:$C$1000,C$1,'20260416'!$E$2:$E$1000,$A41)+COUNTIFS('20260416'!$C$2:$C$1000,C$1,'20260416'!$E$2:$E$1000,SUBSTITUTE($A41," "," "))+COUNTIFS('20260417'!$C$2:$C$1000,C$1,'20260417'!$E$2:$E$1000,$A41)+COUNTIFS('20260417'!$C$2:$C$1000,C$1,'20260417'!$E$2:$E$1000,SUBSTITUTE($A41," "," "))+COUNTIFS('20260420'!$C$2:$C$1000,C$1,'20260420'!$E$2:$E$1000,$A41)+COUNTIFS('20260420'!$C$2:$C$1000,C$1,'20260420'!$E$2:$E$1000,SUBSTITUTE($A41," "," "))+COUNTIFS('20260421'!$C$2:$C$1000,C$1,'20260421'!$E$2:$E$1000,$A41)+COUNTIFS('20260421'!$C$2:$C$1000,C$1,'20260421'!$E$2:$E$1000,SUBSTITUTE($A41," "," "))+COUNTIFS('20260422'!$C$2:$C$1000,C$1,'20260422'!$E$2:$E$1000,$A41)+COUNTIFS('20260422'!$C$2:$C$1000,C$1,'20260422'!$E$2:$E$1000,SUBSTITUTE($A41," "," "))+COUNTIFS('20260423'!$C$2:$C$1000,C$1,'20260423'!$E$2:$E$1000,$A41)+COUNTIFS('20260423'!$C$2:$C$1000,C$1,'20260423'!$E$2:$E$1000,SUBSTITUTE($A41," "," "))+COUNTIFS('20260424'!$C$2:$C$1000,C$1,'20260424'!$E$2:$E$1000,$A41)+COUNTIFS('20260424'!$C$2:$C$1000,C$1,'20260424'!$E$2:$E$1000,SUBSTITUTE($A41," "," "))+COUNTIFS('20260427'!$C$2:$C$1000,C$1,'20260427'!$E$2:$E$1000,$A41)+COUNTIFS('20260427'!$C$2:$C$1000,C$1,'20260427'!$E$2:$E$1000,SUBSTITUTE($A41," "," "))+COUNTIFS('20260428'!$C$2:$C$1000,C$1,'20260428'!$E$2:$E$1000,$A41)+COUNTIFS('20260428'!$C$2:$C$1000,C$1,'20260428'!$E$2:$E$1000,SUBSTITUTE($A41," "," "))+COUNTIFS('20260430'!$C$2:$C$1000,C$1,'20260430'!$E$2:$E$1000,$A41)+COUNTIFS('20260430'!$C$2:$C$1000,C$1,'20260430'!$E$2:$E$1000,SUBSTITUTE($A41," "," ")) | D41: =COUNTIFS('20260401'!$C$2:$C$1000,D$1,'20260401'!$E$2:$E$1000,$A41)+COUNTIFS('20260401'!$C$2:$C$1000,D$1,'20260401'!$E$2:$E$1000,SUBSTITUTE($A41," "," "))+COUNTIFS('20260402'!$C$2:$C$1000,D$1,'20260402'!$E$2:$E$1000,$A41)+COUNTIFS('20260402'!$C$2:$C$1000,D$1,'20260402'!$E$2:$E$1000,SUBSTITUTE($A41," "," "))+COUNTIFS('20260403'!$C$2:$C$1000,D$1,'20260403'!$E$2:$E$1000,$A41)+COUNTIFS('20260403'!$C$2:$C$1000,D$1,'20260403'!$E$2:$E$1000,SUBSTITUTE($A41," "," "))+COUNTIFS('20260406'!$C$2:$C$1000,D$1,'20260406'!$E$2:$E$1000,$A41)+COUNTIFS('20260406'!$C$2:$C$1000,D$1,'20260406'!$E$2:$E$1000,SUBSTITUTE($A41," "," "))+COUNTIFS('20260407'!$C$2:$C$1000,D$1,'20260407'!$E$2:$E$1000,$A41)+COUNTIFS('20260407'!$C$2:$C$1000,D$1,'20260407'!$E$2:$E$1000,SUBSTITUTE($A41," "," "))+COUNTIFS('20260408'!$C$2:$C$1000,D$1,'20260408'!$E$2:$E$1000,$A41)+COUNTIFS('20260408'!$C$2:$C$1000,D$1,'20260408'!$E$2:$E$1000,SUBSTITUTE($A41," "," "))+COUNTIFS('20260409'!$C$2:$C$1000,D$1,'20260409'!$E$2:$E$1000,$A41)+COUNTIFS('20260409'!$C$2:$C$1000,D$1,'20260409'!$E$2:$E$1000,SUBSTITUTE($A41," "," "))+COUNTIFS('20260410'!$C$2:$C$1000,D$1,'20260410'!$E$2:$E$1000,$A41)+COUNTIFS('20260410'!$C$2:$C$1000,D$1,'20260410'!$E$2:$E$1000,SUBSTITUTE($A41," "," "))+COUNTIFS('20260413'!$C$2:$C$1000,D$1,'20260413'!$E$2:$E$1000,$A41)+COUNTIFS('20260413'!$C$2:$C$1000,D$1,'20260413'!$E$2:$E$1000,SUBSTITUTE($A41," "," "))+COUNTIFS('20260414'!$C$2:$C$1000,D$1,'20260414'!$E$2:$E$1000,$A41)+COUNTIFS('20260414'!$C$2:$C$1000,D$1,'20260414'!$E$2:$E$1000,SUBSTITUTE($A41," "," "))+COUNTIFS('20260415'!$C$2:$C$1000,D$1,'20260415'!$E$2:$E$1000,$A41)+COUNTIFS('20260415'!$C$2:$C$1000,D$1,'20260415'!$E$2:$E$1000,SUBSTITUTE($A41," "," "))+COUNTIFS('20260416'!$C$2:$C$1000,D$1,'20260416'!$E$2:$E$1000,$A41)+COUNTIFS('20260416'!$C$2:$C$1000,D$1,'20260416'!$E$2:$E$1000,SUBSTITUTE($A41," "," "))+COUNTIFS('20260417'!$C$2:$C$1000,D$1,'20260417'!$E$2:$E$1000,$A41)+COUNTIFS('20260417'!$C$2:$C$1000,D$1,'20260417'!$E$2:$E$1000,SUBSTITUTE($A41," "," "))+COUNTIFS('20260420'!$C$2:$C$1000,D$1,'20260420'!$E$2:$E$1000,$A41)+COUNTIFS('20260420'!$C$2:$C$1000,D$1,'20260420'!$E$2:$E$1000,SUBSTITUTE($A41," "," "))+COUNTIFS('20260421'!$C$2:$C$1000,D$1,'20260421'!$E$2:$E$1000,$A41)+COUNTIFS('20260421'!$C$2:$C$1000,D$1,'20260421'!$E$2:$E$1000,SUBSTITUTE($A41," "," "))+COUNTIFS('20260422'!$C$2:$C$1000,D$1,'20260422'!$E$2:$E$1000,$A41)+COUNTIFS('20260422'!$C$2:$C$1000,D$1,'20260422'!$E$2:$E$1000,SUBSTITUTE($A41," "," "))+COUNTIFS('20260423'!$C$2:$C$1000,D$1,'20260423'!$E$2:$E$1000,$A41)+COUNTIFS('20260423'!$C$2:$C$1000,D$1,'20260423'!$E$2:$E$1000,SUBSTITUTE($A41," "," "))+COUNTIFS('20260424'!$C$2:$C$1000,D$1,'20260424'!$E$2:$E$1000,$A41)+COUNTIFS('20260424'!$C$2:$C$1000,D$1,'20260424'!$E$2:$E$1000,SUBSTITUTE($A41," "," "))+COUNTIFS('20260427'!$C$2:$C$1000,D$1,'20260427'!$E$2:$E$1000,$A41)+COUNTIFS('20260427'!$C$2:$C$1000,D$1,'20260427'!$E$2:$E$1000,SUBSTITUTE($A41," "," "))+COUNTIFS('20260428'!$C$2:$C$1000,D$1,'20260428'!$E$2:$E$1000,$A41)+COUNTIFS('20260428'!$C$2:$C$1000,D$1,'20260428'!$E$2:$E$1000,SUBSTITUTE($A41," "," "))+COUNTIFS('20260430'!$C$2:$C$1000,D$1,'20260430'!$E$2:$E$1000,$A41)+COUNTIFS('20260430'!$C$2:$C$1000,D$1,'20260430'!$E$2:$E$1000,SUBSTITUTE($A41," "," ")) | E41: =SUM(B41:D41)
A42: 逸木 友美 | B42: =COUNTIFS('20260401'!$C$2:$C$1000,B$1,'20260401'!$E$2:$E$1000,$A42)+COUNTIFS('20260401'!$C$2:$C$1000,B$1,'20260401'!$E$2:$E$1000,SUBSTITUTE($A42," "," "))+COUNTIFS('20260402'!$C$2:$C$1000,B$1,'20260402'!$E$2:$E$1000,$A42)+COUNTIFS('20260402'!$C$2:$C$1000,B$1,'20260402'!$E$2:$E$1000,SUBSTITUTE($A42," "," "))+COUNTIFS('20260403'!$C$2:$C$1000,B$1,'20260403'!$E$2:$E$1000,$A42)+COUNTIFS('20260403'!$C$2:$C$1000,B$1,'20260403'!$E$2:$E$1000,SUBSTITUTE($A42," "," "))+COUNTIFS('20260406'!$C$2:$C$1000,B$1,'20260406'!$E$2:$E$1000,$A42)+COUNTIFS('20260406'!$C$2:$C$1000,B$1,'20260406'!$E$2:$E$1000,SUBSTITUTE($A42," "," "))+COUNTIFS('20260407'!$C$2:$C$1000,B$1,'20260407'!$E$2:$E$1000,$A42)+COUNTIFS('20260407'!$C$2:$C$1000,B$1,'20260407'!$E$2:$E$1000,SUBSTITUTE($A42," "," "))+COUNTIFS('20260408'!$C$2:$C$1000,B$1,'20260408'!$E$2:$E$1000,$A42)+COUNTIFS('20260408'!$C$2:$C$1000,B$1,'20260408'!$E$2:$E$1000,SUBSTITUTE($A42," "," "))+COUNTIFS('20260409'!$C$2:$C$1000,B$1,'20260409'!$E$2:$E$1000,$A42)+COUNTIFS('20260409'!$C$2:$C$1000,B$1,'20260409'!$E$2:$E$1000,SUBSTITUTE($A42," "," "))+COUNTIFS('20260410'!$C$2:$C$1000,B$1,'20260410'!$E$2:$E$1000,$A42)+COUNTIFS('20260410'!$C$2:$C$1000,B$1,'20260410'!$E$2:$E$1000,SUBSTITUTE($A42," "," "))+COUNTIFS('20260413'!$C$2:$C$1000,B$1,'20260413'!$E$2:$E$1000,$A42)+COUNTIFS('20260413'!$C$2:$C$1000,B$1,'20260413'!$E$2:$E$1000,SUBSTITUTE($A42," "," "))+COUNTIFS('20260414'!$C$2:$C$1000,B$1,'20260414'!$E$2:$E$1000,$A42)+COUNTIFS('20260414'!$C$2:$C$1000,B$1,'20260414'!$E$2:$E$1000,SUBSTITUTE($A42," "," "))+COUNTIFS('20260415'!$C$2:$C$1000,B$1,'20260415'!$E$2:$E$1000,$A42)+COUNTIFS('20260415'!$C$2:$C$1000,B$1,'20260415'!$E$2:$E$1000,SUBSTITUTE($A42," "," "))+COUNTIFS('20260416'!$C$2:$C$1000,B$1,'20260416'!$E$2:$E$1000,$A42)+COUNTIFS('20260416'!$C$2:$C$1000,B$1,'20260416'!$E$2:$E$1000,SUBSTITUTE($A42," "," "))+COUNTIFS('20260417'!$C$2:$C$1000,B$1,'20260417'!$E$2:$E$1000,$A42)+COUNTIFS('20260417'!$C$2:$C$1000,B$1,'20260417'!$E$2:$E$1000,SUBSTITUTE($A42," "," "))+COUNTIFS('20260420'!$C$2:$C$1000,B$1,'20260420'!$E$2:$E$1000,$A42)+COUNTIFS('20260420'!$C$2:$C$1000,B$1,'20260420'!$E$2:$E$1000,SUBSTITUTE($A42," "," "))+COUNTIFS('20260421'!$C$2:$C$1000,B$1,'20260421'!$E$2:$E$1000,$A42)+COUNTIFS('20260421'!$C$2:$C$1000,B$1,'20260421'!$E$2:$E$1000,SUBSTITUTE($A42," "," "))+COUNTIFS('20260422'!$C$2:$C$1000,B$1,'20260422'!$E$2:$E$1000,$A42)+COUNTIFS('20260422'!$C$2:$C$1000,B$1,'20260422'!$E$2:$E$1000,SUBSTITUTE($A42," "," "))+COUNTIFS('20260423'!$C$2:$C$1000,B$1,'20260423'!$E$2:$E$1000,$A42)+COUNTIFS('20260423'!$C$2:$C$1000,B$1,'20260423'!$E$2:$E$1000,SUBSTITUTE($A42," "," "))+COUNTIFS('20260424'!$C$2:$C$1000,B$1,'20260424'!$E$2:$E$1000,$A42)+COUNTIFS('20260424'!$C$2:$C$1000,B$1,'20260424'!$E$2:$E$1000,SUBSTITUTE($A42," "," "))+COUNTIFS('20260427'!$C$2:$C$1000,B$1,'20260427'!$E$2:$E$1000,$A42)+COUNTIFS('20260427'!$C$2:$C$1000,B$1,'20260427'!$E$2:$E$1000,SUBSTITUTE($A42," "," "))+COUNTIFS('20260428'!$C$2:$C$1000,B$1,'20260428'!$E$2:$E$1000,$A42)+COUNTIFS('20260428'!$C$2:$C$1000,B$1,'20260428'!$E$2:$E$1000,SUBSTITUTE($A42," "," "))+COUNTIFS('20260430'!$C$2:$C$1000,B$1,'20260430'!$E$2:$E$1000,$A42)+COUNTIFS('20260430'!$C$2:$C$1000,B$1,'20260430'!$E$2:$E$1000,SUBSTITUTE($A42," "," ")) | C42: =COUNTIFS('20260401'!$C$2:$C$1000,C$1,'20260401'!$E$2:$E$1000,$A42)+COUNTIFS('20260401'!$C$2:$C$1000,C$1,'20260401'!$E$2:$E$1000,SUBSTITUTE($A42," "," "))+COUNTIFS('20260402'!$C$2:$C$1000,C$1,'20260402'!$E$2:$E$1000,$A42)+COUNTIFS('20260402'!$C$2:$C$1000,C$1,'20260402'!$E$2:$E$1000,SUBSTITUTE($A42," "," "))+COUNTIFS('20260403'!$C$2:$C$1000,C$1,'20260403'!$E$2:$E$1000,$A42)+COUNTIFS('20260403'!$C$2:$C$1000,C$1,'20260403'!$E$2:$E$1000,SUBSTITUTE($A42," "," "))+COUNTIFS('20260406'!$C$2:$C$1000,C$1,'20260406'!$E$2:$E$1000,$A42)+COUNTIFS('20260406'!$C$2:$C$1000,C$1,'20260406'!$E$2:$E$1000,SUBSTITUTE($A42," "," "))+COUNTIFS('20260407'!$C$2:$C$1000,C$1,'20260407'!$E$2:$E$1000,$A42)+COUNTIFS('20260407'!$C$2:$C$1000,C$1,'20260407'!$E$2:$E$1000,SUBSTITUTE($A42," "," "))+COUNTIFS('20260408'!$C$2:$C$1000,C$1,'20260408'!$E$2:$E$1000,$A42)+COUNTIFS('20260408'!$C$2:$C$1000,C$1,'20260408'!$E$2:$E$1000,SUBSTITUTE($A42," "," "))+COUNTIFS('20260409'!$C$2:$C$1000,C$1,'20260409'!$E$2:$E$1000,$A42)+COUNTIFS('20260409'!$C$2:$C$1000,C$1,'20260409'!$E$2:$E$1000,SUBSTITUTE($A42," "," "))+COUNTIFS('20260410'!$C$2:$C$1000,C$1,'20260410'!$E$2:$E$1000,$A42)+COUNTIFS('20260410'!$C$2:$C$1000,C$1,'20260410'!$E$2:$E$1000,SUBSTITUTE($A42," "," "))+COUNTIFS('20260413'!$C$2:$C$1000,C$1,'20260413'!$E$2:$E$1000,$A42)+COUNTIFS('20260413'!$C$2:$C$1000,C$1,'20260413'!$E$2:$E$1000,SUBSTITUTE($A42," "," "))+COUNTIFS('20260414'!$C$2:$C$1000,C$1,'20260414'!$E$2:$E$1000,$A42)+COUNTIFS('20260414'!$C$2:$C$1000,C$1,'20260414'!$E$2:$E$1000,SUBSTITUTE($A42," "," "))+COUNTIFS('20260415'!$C$2:$C$1000,C$1,'20260415'!$E$2:$E$1000,$A42)+COUNTIFS('20260415'!$C$2:$C$1000,C$1,'20260415'!$E$2:$E$1000,SUBSTITUTE($A42," "," "))+COUNTIFS('20260416'!$C$2:$C$1000,C$1,'20260416'!$E$2:$E$1000,$A42)+COUNTIFS('20260416'!$C$2:$C$1000,C$1,'20260416'!$E$2:$E$1000,SUBSTITUTE($A42," "," "))+COUNTIFS('20260417'!$C$2:$C$1000,C$1,'20260417'!$E$2:$E$1000,$A42)+COUNTIFS('20260417'!$C$2:$C$1000,C$1,'20260417'!$E$2:$E$1000,SUBSTITUTE($A42," "," "))+COUNTIFS('20260420'!$C$2:$C$1000,C$1,'20260420'!$E$2:$E$1000,$A42)+COUNTIFS('20260420'!$C$2:$C$1000,C$1,'20260420'!$E$2:$E$1000,SUBSTITUTE($A42," "," "))+COUNTIFS('20260421'!$C$2:$C$1000,C$1,'20260421'!$E$2:$E$1000,$A42)+COUNTIFS('20260421'!$C$2:$C$1000,C$1,'20260421'!$E$2:$E$1000,SUBSTITUTE($A42," "," "))+COUNTIFS('20260422'!$C$2:$C$1000,C$1,'20260422'!$E$2:$E$1000,$A42)+COUNTIFS('20260422'!$C$2:$C$1000,C$1,'20260422'!$E$2:$E$1000,SUBSTITUTE($A42," "," "))+COUNTIFS('20260423'!$C$2:$C$1000,C$1,'20260423'!$E$2:$E$1000,$A42)+COUNTIFS('20260423'!$C$2:$C$1000,C$1,'20260423'!$E$2:$E$1000,SUBSTITUTE($A42," "," "))+COUNTIFS('20260424'!$C$2:$C$1000,C$1,'20260424'!$E$2:$E$1000,$A42)+COUNTIFS('20260424'!$C$2:$C$1000,C$1,'20260424'!$E$2:$E$1000,SUBSTITUTE($A42," "," "))+COUNTIFS('20260427'!$C$2:$C$1000,C$1,'20260427'!$E$2:$E$1000,$A42)+COUNTIFS('20260427'!$C$2:$C$1000,C$1,'20260427'!$E$2:$E$1000,SUBSTITUTE($A42," "," "))+COUNTIFS('20260428'!$C$2:$C$1000,C$1,'20260428'!$E$2:$E$1000,$A42)+COUNTIFS('20260428'!$C$2:$C$1000,C$1,'20260428'!$E$2:$E$1000,SUBSTITUTE($A42," "," "))+COUNTIFS('20260430'!$C$2:$C$1000,C$1,'20260430'!$E$2:$E$1000,$A42)+COUNTIFS('20260430'!$C$2:$C$1000,C$1,'20260430'!$E$2:$E$1000,SUBSTITUTE($A42," "," ")) | D42: =COUNTIFS('20260401'!$C$2:$C$1000,D$1,'20260401'!$E$2:$E$1000,$A42)+COUNTIFS('20260401'!$C$2:$C$1000,D$1,'20260401'!$E$2:$E$1000,SUBSTITUTE($A42," "," "))+COUNTIFS('20260402'!$C$2:$C$1000,D$1,'20260402'!$E$2:$E$1000,$A42)+COUNTIFS('20260402'!$C$2:$C$1000,D$1,'20260402'!$E$2:$E$1000,SUBSTITUTE($A42," "," "))+COUNTIFS('20260403'!$C$2:$C$1000,D$1,'20260403'!$E$2:$E$1000,$A42)+COUNTIFS('20260403'!$C$2:$C$1000,D$1,'20260403'!$E$2:$E$1000,SUBSTITUTE($A42," "," "))+COUNTIFS('20260406'!$C$2:$C$1000,D$1,'20260406'!$E$2:$E$1000,$A42)+COUNTIFS('20260406'!$C$2:$C$1000,D$1,'20260406'!$E$2:$E$1000,SUBSTITUTE($A42," "," "))+COUNTIFS('20260407'!$C$2:$C$1000,D$1,'20260407'!$E$2:$E$1000,$A42)+COUNTIFS('20260407'!$C$2:$C$1000,D$1,'20260407'!$E$2:$E$1000,SUBSTITUTE($A42," "," "))+COUNTIFS('20260408'!$C$2:$C$1000,D$1,'20260408'!$E$2:$E$1000,$A42)+COUNTIFS('20260408'!$C$2:$C$1000,D$1,'20260408'!$E$2:$E$1000,SUBSTITUTE($A42," "," "))+COUNTIFS('20260409'!$C$2:$C$1000,D$1,'20260409'!$E$2:$E$1000,$A42)+COUNTIFS('20260409'!$C$2:$C$1000,D$1,'20260409'!$E$2:$E$1000,SUBSTITUTE($A42," "," "))+COUNTIFS('20260410'!$C$2:$C$1000,D$1,'20260410'!$E$2:$E$1000,$A42)+COUNTIFS('20260410'!$C$2:$C$1000,D$1,'20260410'!$E$2:$E$1000,SUBSTITUTE($A42," "," "))+COUNTIFS('20260413'!$C$2:$C$1000,D$1,'20260413'!$E$2:$E$1000,$A42)+COUNTIFS('20260413'!$C$2:$C$1000,D$1,'20260413'!$E$2:$E$1000,SUBSTITUTE($A42," "," "))+COUNTIFS('20260414'!$C$2:$C$1000,D$1,'20260414'!$E$2:$E$1000,$A42)+COUNTIFS('20260414'!$C$2:$C$1000,D$1,'20260414'!$E$2:$E$1000,SUBSTITUTE($A42," "," "))+COUNTIFS('20260415'!$C$2:$C$1000,D$1,'20260415'!$E$2:$E$1000,$A42)+COUNTIFS('20260415'!$C$2:$C$1000,D$1,'20260415'!$E$2:$E$1000,SUBSTITUTE($A42," "," "))+COUNTIFS('20260416'!$C$2:$C$1000,D$1,'20260416'!$E$2:$E$1000,$A42)+COUNTIFS('20260416'!$C$2:$C$1000,D$1,'20260416'!$E$2:$E$1000,SUBSTITUTE($A42," "," "))+COUNTIFS('20260417'!$C$2:$C$1000,D$1,'20260417'!$E$2:$E$1000,$A42)+COUNTIFS('20260417'!$C$2:$C$1000,D$1,'20260417'!$E$2:$E$1000,SUBSTITUTE($A42," "," "))+COUNTIFS('20260420'!$C$2:$C$1000,D$1,'20260420'!$E$2:$E$1000,$A42)+COUNTIFS('20260420'!$C$2:$C$1000,D$1,'20260420'!$E$2:$E$1000,SUBSTITUTE($A42," "," "))+COUNTIFS('20260421'!$C$2:$C$1000,D$1,'20260421'!$E$2:$E$1000,$A42)+COUNTIFS('20260421'!$C$2:$C$1000,D$1,'20260421'!$E$2:$E$1000,SUBSTITUTE($A42," "," "))+COUNTIFS('20260422'!$C$2:$C$1000,D$1,'20260422'!$E$2:$E$1000,$A42)+COUNTIFS('20260422'!$C$2:$C$1000,D$1,'20260422'!$E$2:$E$1000,SUBSTITUTE($A42," "," "))+COUNTIFS('20260423'!$C$2:$C$1000,D$1,'20260423'!$E$2:$E$1000,$A42)+COUNTIFS('20260423'!$C$2:$C$1000,D$1,'20260423'!$E$2:$E$1000,SUBSTITUTE($A42," "," "))+COUNTIFS('20260424'!$C$2:$C$1000,D$1,'20260424'!$E$2:$E$1000,$A42)+COUNTIFS('20260424'!$C$2:$C$1000,D$1,'20260424'!$E$2:$E$1000,SUBSTITUTE($A42," "," "))+COUNTIFS('20260427'!$C$2:$C$1000,D$1,'20260427'!$E$2:$E$1000,$A42)+COUNTIFS('20260427'!$C$2:$C$1000,D$1,'20260427'!$E$2:$E$1000,SUBSTITUTE($A42," "," "))+COUNTIFS('20260428'!$C$2:$C$1000,D$1,'20260428'!$E$2:$E$1000,$A42)+COUNTIFS('20260428'!$C$2:$C$1000,D$1,'20260428'!$E$2:$E$1000,SUBSTITUTE($A42," "," "))+COUNTIFS('20260430'!$C$2:$C$1000,D$1,'20260430'!$E$2:$E$1000,$A42)+COUNTIFS('20260430'!$C$2:$C$1000,D$1,'20260430'!$E$2:$E$1000,SUBSTITUTE($A42," "," ")) | E42: =SUM(B42:D42)
A43: 有田 健太郎 | B43: =COUNTIFS('20260401'!$C$2:$C$1000,B$1,'20260401'!$E$2:$E$1000,$A43)+COUNTIFS('20260401'!$C$2:$C$1000,B$1,'20260401'!$E$2:$E$1000,SUBSTITUTE($A43," "," "))+COUNTIFS('20260402'!$C$2:$C$1000,B$1,'20260402'!$E$2:$E$1000,$A43)+COUNTIFS('20260402'!$C$2:$C$1000,B$1,'20260402'!$E$2:$E$1000,SUBSTITUTE($A43," "," "))+COUNTIFS('20260403'!$C$2:$C$1000,B$1,'20260403'!$E$2:$E$1000,$A43)+COUNTIFS('20260403'!$C$2:$C$1000,B$1,'20260403'!$E$2:$E$1000,SUBSTITUTE($A43," "," "))+COUNTIFS('20260406'!$C$2:$C$1000,B$1,'20260406'!$E$2:$E$1000,$A43)+COUNTIFS('20260406'!$C$2:$C$1000,B$1,'20260406'!$E$2:$E$1000,SUBSTITUTE($A43," "," "))+COUNTIFS('20260407'!$C$2:$C$1000,B$1,'20260407'!$E$2:$E$1000,$A43)+COUNTIFS('20260407'!$C$2:$C$1000,B$1,'20260407'!$E$2:$E$1000,SUBSTITUTE($A43," "," "))+COUNTIFS('20260408'!$C$2:$C$1000,B$1,'20260408'!$E$2:$E$1000,$A43)+COUNTIFS('20260408'!$C$2:$C$1000,B$1,'20260408'!$E$2:$E$1000,SUBSTITUTE($A43," "," "))+COUNTIFS('20260409'!$C$2:$C$1000,B$1,'20260409'!$E$2:$E$1000,$A43)+COUNTIFS('20260409'!$C$2:$C$1000,B$1,'20260409'!$E$2:$E$1000,SUBSTITUTE($A43," "," "))+COUNTIFS('20260410'!$C$2:$C$1000,B$1,'20260410'!$E$2:$E$1000,$A43)+COUNTIFS('20260410'!$C$2:$C$1000,B$1,'20260410'!$E$2:$E$1000,SUBSTITUTE($A43," "," "))+COUNTIFS('20260413'!$C$2:$C$1000,B$1,'20260413'!$E$2:$E$1000,$A43)+COUNTIFS('20260413'!$C$2:$C$1000,B$1,'20260413'!$E$2:$E$1000,SUBSTITUTE($A43," "," "))+COUNTIFS('20260414'!$C$2:$C$1000,B$1,'20260414'!$E$2:$E$1000,$A43)+COUNTIFS('20260414'!$C$2:$C$1000,B$1,'20260414'!$E$2:$E$1000,SUBSTITUTE($A43," "," "))+COUNTIFS('20260415'!$C$2:$C$1000,B$1,'20260415'!$E$2:$E$1000,$A43)+COUNTIFS('20260415'!$C$2:$C$1000,B$1,'20260415'!$E$2:$E$1000,SUBSTITUTE($A43," "," "))+COUNTIFS('20260416'!$C$2:$C$1000,B$1,'20260416'!$E$2:$E$1000,$A43)+COUNTIFS('20260416'!$C$2:$C$1000,B$1,'20260416'!$E$2:$E$1000,SUBSTITUTE($A43," "," "))+COUNTIFS('20260417'!$C$2:$C$1000,B$1,'20260417'!$E$2:$E$1000,$A43)+COUNTIFS('20260417'!$C$2:$C$1000,B$1,'20260417'!$E$2:$E$1000,SUBSTITUTE($A43," "," "))+COUNTIFS('20260420'!$C$2:$C$1000,B$1,'20260420'!$E$2:$E$1000,$A43)+COUNTIFS('20260420'!$C$2:$C$1000,B$1,'20260420'!$E$2:$E$1000,SUBSTITUTE($A43," "," "))+COUNTIFS('20260421'!$C$2:$C$1000,B$1,'20260421'!$E$2:$E$1000,$A43)+COUNTIFS('20260421'!$C$2:$C$1000,B$1,'20260421'!$E$2:$E$1000,SUBSTITUTE($A43," "," "))+COUNTIFS('20260422'!$C$2:$C$1000,B$1,'20260422'!$E$2:$E$1000,$A43)+COUNTIFS('20260422'!$C$2:$C$1000,B$1,'20260422'!$E$2:$E$1000,SUBSTITUTE($A43," "," "))+COUNTIFS('20260423'!$C$2:$C$1000,B$1,'20260423'!$E$2:$E$1000,$A43)+COUNTIFS('20260423'!$C$2:$C$1000,B$1,'20260423'!$E$2:$E$1000,SUBSTITUTE($A43," "," "))+COUNTIFS('20260424'!$C$2:$C$1000,B$1,'20260424'!$E$2:$E$1000,$A43)+COUNTIFS('20260424'!$C$2:$C$1000,B$1,'20260424'!$E$2:$E$1000,SUBSTITUTE($A43," "," "))+COUNTIFS('20260427'!$C$2:$C$1000,B$1,'20260427'!$E$2:$E$1000,$A43)+COUNTIFS('20260427'!$C$2:$C$1000,B$1,'20260427'!$E$2:$E$1000,SUBSTITUTE($A43," "," "))+COUNTIFS('20260428'!$C$2:$C$1000,B$1,'20260428'!$E$2:$E$1000,$A43)+COUNTIFS('20260428'!$C$2:$C$1000,B$1,'20260428'!$E$2:$E$1000,SUBSTITUTE($A43," "," "))+COUNTIFS('20260430'!$C$2:$C$1000,B$1,'20260430'!$E$2:$E$1000,$A43)+COUNTIFS('20260430'!$C$2:$C$1000,B$1,'20260430'!$E$2:$E$1000,SUBSTITUTE($A43," "," ")) | C43: =COUNTIFS('20260401'!$C$2:$C$1000,C$1,'20260401'!$E$2:$E$1000,$A43)+COUNTIFS('20260401'!$C$2:$C$1000,C$1,'20260401'!$E$2:$E$1000,SUBSTITUTE($A43," "," "))+COUNTIFS('20260402'!$C$2:$C$1000,C$1,'20260402'!$E$2:$E$1000,$A43)+COUNTIFS('20260402'!$C$2:$C$1000,C$1,'20260402'!$E$2:$E$1000,SUBSTITUTE($A43," "," "))+COUNTIFS('20260403'!$C$2:$C$1000,C$1,'20260403'!$E$2:$E$1000,$A43)+COUNTIFS('20260403'!$C$2:$C$1000,C$1,'20260403'!$E$2:$E$1000,SUBSTITUTE($A43," "," "))+COUNTIFS('20260406'!$C$2:$C$1000,C$1,'20260406'!$E$2:$E$1000,$A43)+COUNTIFS('20260406'!$C$2:$C$1000,C$1,'20260406'!$E$2:$E$1000,SUBSTITUTE($A43," "," "))+COUNTIFS('20260407'!$C$2:$C$1000,C$1,'20260407'!$E$2:$E$1000,$A43)+COUNTIFS('20260407'!$C$2:$C$1000,C$1,'20260407'!$E$2:$E$1000,SUBSTITUTE($A43," "," "))+COUNTIFS('20260408'!$C$2:$C$1000,C$1,'20260408'!$E$2:$E$1000,$A43)+COUNTIFS('20260408'!$C$2:$C$1000,C$1,'20260408'!$E$2:$E$1000,SUBSTITUTE($A43," "," "))+COUNTIFS('20260409'!$C$2:$C$1000,C$1,'20260409'!$E$2:$E$1000,$A43)+COUNTIFS('20260409'!$C$2:$C$1000,C$1,'20260409'!$E$2:$E$1000,SUBSTITUTE($A43," "," "))+COUNTIFS('20260410'!$C$2:$C$1000,C$1,'20260410'!$E$2:$E$1000,$A43)+COUNTIFS('20260410'!$C$2:$C$1000,C$1,'20260410'!$E$2:$E$1000,SUBSTITUTE($A43," "," "))+COUNTIFS('20260413'!$C$2:$C$1000,C$1,'20260413'!$E$2:$E$1000,$A43)+COUNTIFS('20260413'!$C$2:$C$1000,C$1,'20260413'!$E$2:$E$1000,SUBSTITUTE($A43," "," "))+COUNTIFS('20260414'!$C$2:$C$1000,C$1,'20260414'!$E$2:$E$1000,$A43)+COUNTIFS('20260414'!$C$2:$C$1000,C$1,'20260414'!$E$2:$E$1000,SUBSTITUTE($A43," "," "))+COUNTIFS('20260415'!$C$2:$C$1000,C$1,'20260415'!$E$2:$E$1000,$A43)+COUNTIFS('20260415'!$C$2:$C$1000,C$1,'20260415'!$E$2:$E$1000,SUBSTITUTE($A43," "," "))+COUNTIFS('20260416'!$C$2:$C$1000,C$1,'20260416'!$E$2:$E$1000,$A43)+COUNTIFS('20260416'!$C$2:$C$1000,C$1,'20260416'!$E$2:$E$1000,SUBSTITUTE($A43," "," "))+COUNTIFS('20260417'!$C$2:$C$1000,C$1,'20260417'!$E$2:$E$1000,$A43)+COUNTIFS('20260417'!$C$2:$C$1000,C$1,'20260417'!$E$2:$E$1000,SUBSTITUTE($A43," "," "))+COUNTIFS('20260420'!$C$2:$C$1000,C$1,'20260420'!$E$2:$E$1000,$A43)+COUNTIFS('20260420'!$C$2:$C$1000,C$1,'20260420'!$E$2:$E$1000,SUBSTITUTE($A43," "," "))+COUNTIFS('20260421'!$C$2:$C$1000,C$1,'20260421'!$E$2:$E$1000,$A43)+COUNTIFS('20260421'!$C$2:$C$1000,C$1,'20260421'!$E$2:$E$1000,SUBSTITUTE($A43," "," "))+COUNTIFS('20260422'!$C$2:$C$1000,C$1,'20260422'!$E$2:$E$1000,$A43)+COUNTIFS('20260422'!$C$2:$C$1000,C$1,'20260422'!$E$2:$E$1000,SUBSTITUTE($A43," "," "))+COUNTIFS('20260423'!$C$2:$C$1000,C$1,'20260423'!$E$2:$E$1000,$A43)+COUNTIFS('20260423'!$C$2:$C$1000,C$1,'20260423'!$E$2:$E$1000,SUBSTITUTE($A43," "," "))+COUNTIFS('20260424'!$C$2:$C$1000,C$1,'20260424'!$E$2:$E$1000,$A43)+COUNTIFS('20260424'!$C$2:$C$1000,C$1,'20260424'!$E$2:$E$1000,SUBSTITUTE($A43," "," "))+COUNTIFS('20260427'!$C$2:$C$1000,C$1,'20260427'!$E$2:$E$1000,$A43)+COUNTIFS('20260427'!$C$2:$C$1000,C$1,'20260427'!$E$2:$E$1000,SUBSTITUTE($A43," "," "))+COUNTIFS('20260428'!$C$2:$C$1000,C$1,'20260428'!$E$2:$E$1000,$A43)+COUNTIFS('20260428'!$C$2:$C$1000,C$1,'20260428'!$E$2:$E$1000,SUBSTITUTE($A43," "," "))+COUNTIFS('20260430'!$C$2:$C$1000,C$1,'20260430'!$E$2:$E$1000,$A43)+COUNTIFS('20260430'!$C$2:$C$1000,C$1,'20260430'!$E$2:$E$1000,SUBSTITUTE($A43," "," ")) | D43: =COUNTIFS('20260401'!$C$2:$C$1000,D$1,'20260401'!$E$2:$E$1000,$A43)+COUNTIFS('20260401'!$C$2:$C$1000,D$1,'20260401'!$E$2:$E$1000,SUBSTITUTE($A43," "," "))+COUNTIFS('20260402'!$C$2:$C$1000,D$1,'20260402'!$E$2:$E$1000,$A43)+COUNTIFS('20260402'!$C$2:$C$1000,D$1,'20260402'!$E$2:$E$1000,SUBSTITUTE($A43," "," "))+COUNTIFS('20260403'!$C$2:$C$1000,D$1,'20260403'!$E$2:$E$1000,$A43)+COUNTIFS('20260403'!$C$2:$C$1000,D$1,'20260403'!$E$2:$E$1000,SUBSTITUTE($A43," "," "))+COUNTIFS('20260406'!$C$2:$C$1000,D$1,'20260406'!$E$2:$E$1000,$A43)+COUNTIFS('20260406'!$C$2:$C$1000,D$1,'20260406'!$E$2:$E$1000,SUBSTITUTE($A43," "," "))+COUNTIFS('20260407'!$C$2:$C$1000,D$1,'20260407'!$E$2:$E$1000,$A43)+COUNTIFS('20260407'!$C$2:$C$1000,D$1,'20260407'!$E$2:$E$1000,SUBSTITUTE($A43," "," "))+COUNTIFS('20260408'!$C$2:$C$1000,D$1,'20260408'!$E$2:$E$1000,$A43)+COUNTIFS('20260408'!$C$2:$C$1000,D$1,'20260408'!$E$2:$E$1000,SUBSTITUTE($A43," "," "))+COUNTIFS('20260409'!$C$2:$C$1000,D$1,'20260409'!$E$2:$E$1000,$A43)+COUNTIFS('20260409'!$C$2:$C$1000,D$1,'20260409'!$E$2:$E$1000,SUBSTITUTE($A43," "," "))+COUNTIFS('20260410'!$C$2:$C$1000,D$1,'20260410'!$E$2:$E$1000,$A43)+COUNTIFS('20260410'!$C$2:$C$1000,D$1,'20260410'!$E$2:$E$1000,SUBSTITUTE($A43," "," "))+COUNTIFS('20260413'!$C$2:$C$1000,D$1,'20260413'!$E$2:$E$1000,$A43)+COUNTIFS('20260413'!$C$2:$C$1000,D$1,'20260413'!$E$2:$E$1000,SUBSTITUTE($A43," "," "))+COUNTIFS('20260414'!$C$2:$C$1000,D$1,'20260414'!$E$2:$E$1000,$A43)+COUNTIFS('20260414'!$C$2:$C$1000,D$1,'20260414'!$E$2:$E$1000,SUBSTITUTE($A43," "," "))+COUNTIFS('20260415'!$C$2:$C$1000,D$1,'20260415'!$E$2:$E$1000,$A43)+COUNTIFS('20260415'!$C$2:$C$1000,D$1,'20260415'!$E$2:$E$1000,SUBSTITUTE($A43," "," "))+COUNTIFS('20260416'!$C$2:$C$1000,D$1,'20260416'!$E$2:$E$1000,$A43)+COUNTIFS('20260416'!$C$2:$C$1000,D$1,'20260416'!$E$2:$E$1000,SUBSTITUTE($A43," "," "))+COUNTIFS('20260417'!$C$2:$C$1000,D$1,'20260417'!$E$2:$E$1000,$A43)+COUNTIFS('20260417'!$C$2:$C$1000,D$1,'20260417'!$E$2:$E$1000,SUBSTITUTE($A43," "," "))+COUNTIFS('20260420'!$C$2:$C$1000,D$1,'20260420'!$E$2:$E$1000,$A43)+COUNTIFS('20260420'!$C$2:$C$1000,D$1,'20260420'!$E$2:$E$1000,SUBSTITUTE($A43," "," "))+COUNTIFS('20260421'!$C$2:$C$1000,D$1,'20260421'!$E$2:$E$1000,$A43)+COUNTIFS('20260421'!$C$2:$C$1000,D$1,'20260421'!$E$2:$E$1000,SUBSTITUTE($A43," "," "))+COUNTIFS('20260422'!$C$2:$C$1000,D$1,'20260422'!$E$2:$E$1000,$A43)+COUNTIFS('20260422'!$C$2:$C$1000,D$1,'20260422'!$E$2:$E$1000,SUBSTITUTE($A43," "," "))+COUNTIFS('20260423'!$C$2:$C$1000,D$1,'20260423'!$E$2:$E$1000,$A43)+COUNTIFS('20260423'!$C$2:$C$1000,D$1,'20260423'!$E$2:$E$1000,SUBSTITUTE($A43," "," "))+COUNTIFS('20260424'!$C$2:$C$1000,D$1,'20260424'!$E$2:$E$1000,$A43)+COUNTIFS('20260424'!$C$2:$C$1000,D$1,'20260424'!$E$2:$E$1000,SUBSTITUTE($A43," "," "))+COUNTIFS('20260427'!$C$2:$C$1000,D$1,'20260427'!$E$2:$E$1000,$A43)+COUNTIFS('20260427'!$C$2:$C$1000,D$1,'20260427'!$E$2:$E$1000,SUBSTITUTE($A43," "," "))+COUNTIFS('20260428'!$C$2:$C$1000,D$1,'20260428'!$E$2:$E$1000,$A43)+COUNTIFS('20260428'!$C$2:$C$1000,D$1,'20260428'!$E$2:$E$1000,SUBSTITUTE($A43," "," "))+COUNTIFS('20260430'!$C$2:$C$1000,D$1,'20260430'!$E$2:$E$1000,$A43)+COUNTIFS('20260430'!$C$2:$C$1000,D$1,'20260430'!$E$2:$E$1000,SUBSTITUTE($A43," "," ")) | E43: =SUM(B43:D43)
A44: 高比良 愛莉 | B44: =COUNTIFS('20260401'!$C$2:$C$1000,B$1,'20260401'!$E$2:$E$1000,$A44)+COUNTIFS('20260401'!$C$2:$C$1000,B$1,'20260401'!$E$2:$E$1000,SUBSTITUTE($A44," "," "))+COUNTIFS('20260402'!$C$2:$C$1000,B$1,'20260402'!$E$2:$E$1000,$A44)+COUNTIFS('20260402'!$C$2:$C$1000,B$1,'20260402'!$E$2:$E$1000,SUBSTITUTE($A44," "," "))+COUNTIFS('20260403'!$C$2:$C$1000,B$1,'20260403'!$E$2:$E$1000,$A44)+COUNTIFS('20260403'!$C$2:$C$1000,B$1,'20260403'!$E$2:$E$1000,SUBSTITUTE($A44," "," "))+COUNTIFS('20260406'!$C$2:$C$1000,B$1,'20260406'!$E$2:$E$1000,$A44)+COUNTIFS('20260406'!$C$2:$C$1000,B$1,'20260406'!$E$2:$E$1000,SUBSTITUTE($A44," "," "))+COUNTIFS('20260407'!$C$2:$C$1000,B$1,'20260407'!$E$2:$E$1000,$A44)+COUNTIFS('20260407'!$C$2:$C$1000,B$1,'20260407'!$E$2:$E$1000,SUBSTITUTE($A44," "," "))+COUNTIFS('20260408'!$C$2:$C$1000,B$1,'20260408'!$E$2:$E$1000,$A44)+COUNTIFS('20260408'!$C$2:$C$1000,B$1,'20260408'!$E$2:$E$1000,SUBSTITUTE($A44," "," "))+COUNTIFS('20260409'!$C$2:$C$1000,B$1,'20260409'!$E$2:$E$1000,$A44)+COUNTIFS('20260409'!$C$2:$C$1000,B$1,'20260409'!$E$2:$E$1000,SUBSTITUTE($A44," "," "))+COUNTIFS('20260410'!$C$2:$C$1000,B$1,'20260410'!$E$2:$E$1000,$A44)+COUNTIFS('20260410'!$C$2:$C$1000,B$1,'20260410'!$E$2:$E$1000,SUBSTITUTE($A44," "," "))+COUNTIFS('20260413'!$C$2:$C$1000,B$1,'20260413'!$E$2:$E$1000,$A44)+COUNTIFS('20260413'!$C$2:$C$1000,B$1,'20260413'!$E$2:$E$1000,SUBSTITUTE($A44," "," "))+COUNTIFS('20260414'!$C$2:$C$1000,B$1,'20260414'!$E$2:$E$1000,$A44)+COUNTIFS('20260414'!$C$2:$C$1000,B$1,'20260414'!$E$2:$E$1000,SUBSTITUTE($A44," "," "))+COUNTIFS('20260415'!$C$2:$C$1000,B$1,'20260415'!$E$2:$E$1000,$A44)+COUNTIFS('20260415'!$C$2:$C$1000,B$1,'20260415'!$E$2:$E$1000,SUBSTITUTE($A44," "," "))+COUNTIFS('20260416'!$C$2:$C$1000,B$1,'20260416'!$E$2:$E$1000,$A44)+COUNTIFS('20260416'!$C$2:$C$1000,B$1,'20260416'!$E$2:$E$1000,SUBSTITUTE($A44," "," "))+COUNTIFS('20260417'!$C$2:$C$1000,B$1,'20260417'!$E$2:$E$1000,$A44)+COUNTIFS('20260417'!$C$2:$C$1000,B$1,'20260417'!$E$2:$E$1000,SUBSTITUTE($A44," "," "))+COUNTIFS('20260420'!$C$2:$C$1000,B$1,'20260420'!$E$2:$E$1000,$A44)+COUNTIFS('20260420'!$C$2:$C$1000,B$1,'20260420'!$E$2:$E$1000,SUBSTITUTE($A44," "," "))+COUNTIFS('20260421'!$C$2:$C$1000,B$1,'20260421'!$E$2:$E$1000,$A44)+COUNTIFS('20260421'!$C$2:$C$1000,B$1,'20260421'!$E$2:$E$1000,SUBSTITUTE($A44," "," "))+COUNTIFS('20260422'!$C$2:$C$1000,B$1,'20260422'!$E$2:$E$1000,$A44)+COUNTIFS('20260422'!$C$2:$C$1000,B$1,'20260422'!$E$2:$E$1000,SUBSTITUTE($A44," "," "))+COUNTIFS('20260423'!$C$2:$C$1000,B$1,'20260423'!$E$2:$E$1000,$A44)+COUNTIFS('20260423'!$C$2:$C$1000,B$1,'20260423'!$E$2:$E$1000,SUBSTITUTE($A44," "," "))+COUNTIFS('20260424'!$C$2:$C$1000,B$1,'20260424'!$E$2:$E$1000,$A44)+COUNTIFS('20260424'!$C$2:$C$1000,B$1,'20260424'!$E$2:$E$1000,SUBSTITUTE($A44," "," "))+COUNTIFS('20260427'!$C$2:$C$1000,B$1,'20260427'!$E$2:$E$1000,$A44)+COUNTIFS('20260427'!$C$2:$C$1000,B$1,'20260427'!$E$2:$E$1000,SUBSTITUTE($A44," "," "))+COUNTIFS('20260428'!$C$2:$C$1000,B$1,'20260428'!$E$2:$E$1000,$A44)+COUNTIFS('20260428'!$C$2:$C$1000,B$1,'20260428'!$E$2:$E$1000,SUBSTITUTE($A44," "," "))+COUNTIFS('20260430'!$C$2:$C$1000,B$1,'20260430'!$E$2:$E$1000,$A44)+COUNTIFS('20260430'!$C$2:$C$1000,B$1,'20260430'!$E$2:$E$1000,SUBSTITUTE($A44," "," ")) | C44: =COUNTIFS('20260401'!$C$2:$C$1000,C$1,'20260401'!$E$2:$E$1000,$A44)+COUNTIFS('20260401'!$C$2:$C$1000,C$1,'20260401'!$E$2:$E$1000,SUBSTITUTE($A44," "," "))+COUNTIFS('20260402'!$C$2:$C$1000,C$1,'20260402'!$E$2:$E$1000,$A44)+COUNTIFS('20260402'!$C$2:$C$1000,C$1,'20260402'!$E$2:$E$1000,SUBSTITUTE($A44," "," "))+COUNTIFS('20260403'!$C$2:$C$1000,C$1,'20260403'!$E$2:$E$1000,$A44)+COUNTIFS('20260403'!$C$2:$C$1000,C$1,'20260403'!$E$2:$E$1000,SUBSTITUTE($A44," "," "))+COUNTIFS('20260406'!$C$2:$C$1000,C$1,'20260406'!$E$2:$E$1000,$A44)+COUNTIFS('20260406'!$C$2:$C$1000,C$1,'20260406'!$E$2:$E$1000,SUBSTITUTE($A44," "," "))+COUNTIFS('20260407'!$C$2:$C$1000,C$1,'20260407'!$E$2:$E$1000,$A44)+COUNTIFS('20260407'!$C$2:$C$1000,C$1,'20260407'!$E$2:$E$1000,SUBSTITUTE($A44," "," "))+COUNTIFS('20260408'!$C$2:$C$1000,C$1,'20260408'!$E$2:$E$1000,$A44)+COUNTIFS('20260408'!$C$2:$C$1000,C$1,'20260408'!$E$2:$E$1000,SUBSTITUTE($A44," "," "))+COUNTIFS('20260409'!$C$2:$C$1000,C$1,'20260409'!$E$2:$E$1000,$A44)+COUNTIFS('20260409'!$C$2:$C$1000,C$1,'20260409'!$E$2:$E$1000,SUBSTITUTE($A44," "," "))+COUNTIFS('20260410'!$C$2:$C$1000,C$1,'20260410'!$E$2:$E$1000,$A44)+COUNTIFS('20260410'!$C$2:$C$1000,C$1,'20260410'!$E$2:$E$1000,SUBSTITUTE($A44," "," "))+COUNTIFS('20260413'!$C$2:$C$1000,C$1,'20260413'!$E$2:$E$1000,$A44)+COUNTIFS('20260413'!$C$2:$C$1000,C$1,'20260413'!$E$2:$E$1000,SUBSTITUTE($A44," "," "))+COUNTIFS('20260414'!$C$2:$C$1000,C$1,'20260414'!$E$2:$E$1000,$A44)+COUNTIFS('20260414'!$C$2:$C$1000,C$1,'20260414'!$E$2:$E$1000,SUBSTITUTE($A44," "," "))+COUNTIFS('20260415'!$C$2:$C$1000,C$1,'20260415'!$E$2:$E$1000,$A44)+COUNTIFS('20260415'!$C$2:$C$1000,C$1,'20260415'!$E$2:$E$1000,SUBSTITUTE($A44," "," "))+COUNTIFS('20260416'!$C$2:$C$1000,C$1,'20260416'!$E$2:$E$1000,$A44)+COUNTIFS('20260416'!$C$2:$C$1000,C$1,'20260416'!$E$2:$E$1000,SUBSTITUTE($A44," "," "))+COUNTIFS('20260417'!$C$2:$C$1000,C$1,'20260417'!$E$2:$E$1000,$A44)+COUNTIFS('20260417'!$C$2:$C$1000,C$1,'20260417'!$E$2:$E$1000,SUBSTITUTE($A44," "," "))+COUNTIFS('20260420'!$C$2:$C$1000,C$1,'20260420'!$E$2:$E$1000,$A44)+COUNTIFS('20260420'!$C$2:$C$1000,C$1,'20260420'!$E$2:$E$1000,SUBSTITUTE($A44," "," "))+COUNTIFS('20260421'!$C$2:$C$1000,C$1,'20260421'!$E$2:$E$1000,$A44)+COUNTIFS('20260421'!$C$2:$C$1000,C$1,'20260421'!$E$2:$E$1000,SUBSTITUTE($A44," "," "))+COUNTIFS('20260422'!$C$2:$C$1000,C$1,'20260422'!$E$2:$E$1000,$A44)+COUNTIFS('20260422'!$C$2:$C$1000,C$1,'20260422'!$E$2:$E$1000,SUBSTITUTE($A44," "," "))+COUNTIFS('20260423'!$C$2:$C$1000,C$1,'20260423'!$E$2:$E$1000,$A44)+COUNTIFS('20260423'!$C$2:$C$1000,C$1,'20260423'!$E$2:$E$1000,SUBSTITUTE($A44," "," "))+COUNTIFS('20260424'!$C$2:$C$1000,C$1,'20260424'!$E$2:$E$1000,$A44)+COUNTIFS('20260424'!$C$2:$C$1000,C$1,'20260424'!$E$2:$E$1000,SUBSTITUTE($A44," "," "))+COUNTIFS('20260427'!$C$2:$C$1000,C$1,'20260427'!$E$2:$E$1000,$A44)+COUNTIFS('20260427'!$C$2:$C$1000,C$1,'20260427'!$E$2:$E$1000,SUBSTITUTE($A44," "," "))+COUNTIFS('20260428'!$C$2:$C$1000,C$1,'20260428'!$E$2:$E$1000,$A44)+COUNTIFS('20260428'!$C$2:$C$1000,C$1,'20260428'!$E$2:$E$1000,SUBSTITUTE($A44," "," "))+COUNTIFS('20260430'!$C$2:$C$1000,C$1,'20260430'!$E$2:$E$1000,$A44)+COUNTIFS('20260430'!$C$2:$C$1000,C$1,'20260430'!$E$2:$E$1000,SUBSTITUTE($A44," "," ")) | D44: =COUNTIFS('20260401'!$C$2:$C$1000,D$1,'20260401'!$E$2:$E$1000,$A44)+COUNTIFS('20260401'!$C$2:$C$1000,D$1,'20260401'!$E$2:$E$1000,SUBSTITUTE($A44," "," "))+COUNTIFS('20260402'!$C$2:$C$1000,D$1,'20260402'!$E$2:$E$1000,$A44)+COUNTIFS('20260402'!$C$2:$C$1000,D$1,'20260402'!$E$2:$E$1000,SUBSTITUTE($A44," "," "))+COUNTIFS('20260403'!$C$2:$C$1000,D$1,'20260403'!$E$2:$E$1000,$A44)+COUNTIFS('20260403'!$C$2:$C$1000,D$1,'20260403'!$E$2:$E$1000,SUBSTITUTE($A44," "," "))+COUNTIFS('20260406'!$C$2:$C$1000,D$1,'20260406'!$E$2:$E$1000,$A44)+COUNTIFS('20260406'!$C$2:$C$1000,D$1,'20260406'!$E$2:$E$1000,SUBSTITUTE($A44," "," "))+COUNTIFS('20260407'!$C$2:$C$1000,D$1,'20260407'!$E$2:$E$1000,$A44)+COUNTIFS('20260407'!$C$2:$C$1000,D$1,'20260407'!$E$2:$E$1000,SUBSTITUTE($A44," "," "))+COUNTIFS('20260408'!$C$2:$C$1000,D$1,'20260408'!$E$2:$E$1000,$A44)+COUNTIFS('20260408'!$C$2:$C$1000,D$1,'20260408'!$E$2:$E$1000,SUBSTITUTE($A44," "," "))+COUNTIFS('20260409'!$C$2:$C$1000,D$1,'20260409'!$E$2:$E$1000,$A44)+COUNTIFS('20260409'!$C$2:$C$1000,D$1,'20260409'!$E$2:$E$1000,SUBSTITUTE($A44," "," "))+COUNTIFS('20260410'!$C$2:$C$1000,D$1,'20260410'!$E$2:$E$1000,$A44)+COUNTIFS('20260410'!$C$2:$C$1000,D$1,'20260410'!$E$2:$E$1000,SUBSTITUTE($A44," "," "))+COUNTIFS('20260413'!$C$2:$C$1000,D$1,'20260413'!$E$2:$E$1000,$A44)+COUNTIFS('20260413'!$C$2:$C$1000,D$1,'20260413'!$E$2:$E$1000,SUBSTITUTE($A44," "," "))+COUNTIFS('20260414'!$C$2:$C$1000,D$1,'20260414'!$E$2:$E$1000,$A44)+COUNTIFS('20260414'!$C$2:$C$1000,D$1,'20260414'!$E$2:$E$1000,SUBSTITUTE($A44," "," "))+COUNTIFS('20260415'!$C$2:$C$1000,D$1,'20260415'!$E$2:$E$1000,$A44)+COUNTIFS('20260415'!$C$2:$C$1000,D$1,'20260415'!$E$2:$E$1000,SUBSTITUTE($A44," "," "))+COUNTIFS('20260416'!$C$2:$C$1000,D$1,'20260416'!$E$2:$E$1000,$A44)+COUNTIFS('20260416'!$C$2:$C$1000,D$1,'20260416'!$E$2:$E$1000,SUBSTITUTE($A44," "," "))+COUNTIFS('20260417'!$C$2:$C$1000,D$1,'20260417'!$E$2:$E$1000,$A44)+COUNTIFS('20260417'!$C$2:$C$1000,D$1,'20260417'!$E$2:$E$1000,SUBSTITUTE($A44," "," "))+COUNTIFS('20260420'!$C$2:$C$1000,D$1,'20260420'!$E$2:$E$1000,$A44)+COUNTIFS('20260420'!$C$2:$C$1000,D$1,'20260420'!$E$2:$E$1000,SUBSTITUTE($A44," "," "))+COUNTIFS('20260421'!$C$2:$C$1000,D$1,'20260421'!$E$2:$E$1000,$A44)+COUNTIFS('20260421'!$C$2:$C$1000,D$1,'20260421'!$E$2:$E$1000,SUBSTITUTE($A44," "," "))+COUNTIFS('20260422'!$C$2:$C$1000,D$1,'20260422'!$E$2:$E$1000,$A44)+COUNTIFS('20260422'!$C$2:$C$1000,D$1,'20260422'!$E$2:$E$1000,SUBSTITUTE($A44," "," "))+COUNTIFS('20260423'!$C$2:$C$1000,D$1,'20260423'!$E$2:$E$1000,$A44)+COUNTIFS('20260423'!$C$2:$C$1000,D$1,'20260423'!$E$2:$E$1000,SUBSTITUTE($A44," "," "))+COUNTIFS('20260424'!$C$2:$C$1000,D$1,'20260424'!$E$2:$E$1000,$A44)+COUNTIFS('20260424'!$C$2:$C$1000,D$1,'20260424'!$E$2:$E$1000,SUBSTITUTE($A44," "," "))+COUNTIFS('20260427'!$C$2:$C$1000,D$1,'20260427'!$E$2:$E$1000,$A44)+COUNTIFS('20260427'!$C$2:$C$1000,D$1,'20260427'!$E$2:$E$1000,SUBSTITUTE($A44," "," "))+COUNTIFS('20260428'!$C$2:$C$1000,D$1,'20260428'!$E$2:$E$1000,$A44)+COUNTIFS('20260428'!$C$2:$C$1000,D$1,'20260428'!$E$2:$E$1000,SUBSTITUTE($A44," "," "))+COUNTIFS('20260430'!$C$2:$C$1000,D$1,'20260430'!$E$2:$E$1000,$A44)+COUNTIFS('20260430'!$C$2:$C$1000,D$1,'20260430'!$E$2:$E$1000,SUBSTITUTE($A44," "," ")) | E44: =SUM(B44:D44)
A45: 島田 航輔 | B45: =COUNTIFS('20260401'!$C$2:$C$1000,B$1,'20260401'!$E$2:$E$1000,$A45)+COUNTIFS('20260401'!$C$2:$C$1000,B$1,'20260401'!$E$2:$E$1000,SUBSTITUTE($A45," "," "))+COUNTIFS('20260402'!$C$2:$C$1000,B$1,'20260402'!$E$2:$E$1000,$A45)+COUNTIFS('20260402'!$C$2:$C$1000,B$1,'20260402'!$E$2:$E$1000,SUBSTITUTE($A45," "," "))+COUNTIFS('20260403'!$C$2:$C$1000,B$1,'20260403'!$E$2:$E$1000,$A45)+COUNTIFS('20260403'!$C$2:$C$1000,B$1,'20260403'!$E$2:$E$1000,SUBSTITUTE($A45," "," "))+COUNTIFS('20260406'!$C$2:$C$1000,B$1,'20260406'!$E$2:$E$1000,$A45)+COUNTIFS('20260406'!$C$2:$C$1000,B$1,'20260406'!$E$2:$E$1000,SUBSTITUTE($A45," "," "))+COUNTIFS('20260407'!$C$2:$C$1000,B$1,'20260407'!$E$2:$E$1000,$A45)+COUNTIFS('20260407'!$C$2:$C$1000,B$1,'20260407'!$E$2:$E$1000,SUBSTITUTE($A45," "," "))+COUNTIFS('20260408'!$C$2:$C$1000,B$1,'20260408'!$E$2:$E$1000,$A45)+COUNTIFS('20260408'!$C$2:$C$1000,B$1,'20260408'!$E$2:$E$1000,SUBSTITUTE($A45," "," "))+COUNTIFS('20260409'!$C$2:$C$1000,B$1,'20260409'!$E$2:$E$1000,$A45)+COUNTIFS('20260409'!$C$2:$C$1000,B$1,'20260409'!$E$2:$E$1000,SUBSTITUTE($A45," "," "))+COUNTIFS('20260410'!$C$2:$C$1000,B$1,'20260410'!$E$2:$E$1000,$A45)+COUNTIFS('20260410'!$C$2:$C$1000,B$1,'20260410'!$E$2:$E$1000,SUBSTITUTE($A45," "," "))+COUNTIFS('20260413'!$C$2:$C$1000,B$1,'20260413'!$E$2:$E$1000,$A45)+COUNTIFS('20260413'!$C$2:$C$1000,B$1,'20260413'!$E$2:$E$1000,SUBSTITUTE($A45," "," "))+COUNTIFS('20260414'!$C$2:$C$1000,B$1,'20260414'!$E$2:$E$1000,$A45)+COUNTIFS('20260414'!$C$2:$C$1000,B$1,'20260414'!$E$2:$E$1000,SUBSTITUTE($A45," "," "))+COUNTIFS('20260415'!$C$2:$C$1000,B$1,'20260415'!$E$2:$E$1000,$A45)+COUNTIFS('20260415'!$C$2:$C$1000,B$1,'20260415'!$E$2:$E$1000,SUBSTITUTE($A45," "," "))+COUNTIFS('20260416'!$C$2:$C$1000,B$1,'20260416'!$E$2:$E$1000,$A45)+COUNTIFS('20260416'!$C$2:$C$1000,B$1,'20260416'!$E$2:$E$1000,SUBSTITUTE($A45," "," "))+COUNTIFS('20260417'!$C$2:$C$1000,B$1,'20260417'!$E$2:$E$1000,$A45)+COUNTIFS('20260417'!$C$2:$C$1000,B$1,'20260417'!$E$2:$E$1000,SUBSTITUTE($A45," "," "))+COUNTIFS('20260420'!$C$2:$C$1000,B$1,'20260420'!$E$2:$E$1000,$A45)+COUNTIFS('20260420'!$C$2:$C$1000,B$1,'20260420'!$E$2:$E$1000,SUBSTITUTE($A45," "," "))+COUNTIFS('20260421'!$C$2:$C$1000,B$1,'20260421'!$E$2:$E$1000,$A45)+COUNTIFS('20260421'!$C$2:$C$1000,B$1,'20260421'!$E$2:$E$1000,SUBSTITUTE($A45," "," "))+COUNTIFS('20260422'!$C$2:$C$1000,B$1,'20260422'!$E$2:$E$1000,$A45)+COUNTIFS('20260422'!$C$2:$C$1000,B$1,'20260422'!$E$2:$E$1000,SUBSTITUTE($A45," "," "))+COUNTIFS('20260423'!$C$2:$C$1000,B$1,'20260423'!$E$2:$E$1000,$A45)+COUNTIFS('20260423'!$C$2:$C$1000,B$1,'20260423'!$E$2:$E$1000,SUBSTITUTE($A45," "," "))+COUNTIFS('20260424'!$C$2:$C$1000,B$1,'20260424'!$E$2:$E$1000,$A45)+COUNTIFS('20260424'!$C$2:$C$1000,B$1,'20260424'!$E$2:$E$1000,SUBSTITUTE($A45," "," "))+COUNTIFS('20260427'!$C$2:$C$1000,B$1,'20260427'!$E$2:$E$1000,$A45)+COUNTIFS('20260427'!$C$2:$C$1000,B$1,'20260427'!$E$2:$E$1000,SUBSTITUTE($A45," "," "))+COUNTIFS('20260428'!$C$2:$C$1000,B$1,'20260428'!$E$2:$E$1000,$A45)+COUNTIFS('20260428'!$C$2:$C$1000,B$1,'20260428'!$E$2:$E$1000,SUBSTITUTE($A45," "," "))+COUNTIFS('20260430'!$C$2:$C$1000,B$1,'20260430'!$E$2:$E$1000,$A45)+COUNTIFS('20260430'!$C$2:$C$1000,B$1,'20260430'!$E$2:$E$1000,SUBSTITUTE($A45," "," ")) | C45: =COUNTIFS('20260401'!$C$2:$C$1000,C$1,'20260401'!$E$2:$E$1000,$A45)+COUNTIFS('20260401'!$C$2:$C$1000,C$1,'20260401'!$E$2:$E$1000,SUBSTITUTE($A45," "," "))+COUNTIFS('20260402'!$C$2:$C$1000,C$1,'20260402'!$E$2:$E$1000,$A45)+COUNTIFS('20260402'!$C$2:$C$1000,C$1,'20260402'!$E$2:$E$1000,SUBSTITUTE($A45," "," "))+COUNTIFS('20260403'!$C$2:$C$1000,C$1,'20260403'!$E$2:$E$1000,$A45)+COUNTIFS('20260403'!$C$2:$C$1000,C$1,'20260403'!$E$2:$E$1000,SUBSTITUTE($A45," "," "))+COUNTIFS('20260406'!$C$2:$C$1000,C$1,'20260406'!$E$2:$E$1000,$A45)+COUNTIFS('20260406'!$C$2:$C$1000,C$1,'20260406'!$E$2:$E$1000,SUBSTITUTE($A45," "," "))+COUNTIFS('20260407'!$C$2:$C$1000,C$1,'20260407'!$E$2:$E$1000,$A45)+COUNTIFS('20260407'!$C$2:$C$1000,C$1,'20260407'!$E$2:$E$1000,SUBSTITUTE($A45," "," "))+COUNTIFS('20260408'!$C$2:$C$1000,C$1,'20260408'!$E$2:$E$1000,$A45)+COUNTIFS('20260408'!$C$2:$C$1000,C$1,'20260408'!$E$2:$E$1000,SUBSTITUTE($A45," "," "))+COUNTIFS('20260409'!$C$2:$C$1000,C$1,'20260409'!$E$2:$E$1000,$A45)+COUNTIFS('20260409'!$C$2:$C$1000,C$1,'20260409'!$E$2:$E$1000,SUBSTITUTE($A45," "," "))+COUNTIFS('20260410'!$C$2:$C$1000,C$1,'20260410'!$E$2:$E$1000,$A45)+COUNTIFS('20260410'!$C$2:$C$1000,C$1,'20260410'!$E$2:$E$1000,SUBSTITUTE($A45," "," "))+COUNTIFS('20260413'!$C$2:$C$1000,C$1,'20260413'!$E$2:$E$1000,$A45)+COUNTIFS('20260413'!$C$2:$C$1000,C$1,'20260413'!$E$2:$E$1000,SUBSTITUTE($A45," "," "))+COUNTIFS('20260414'!$C$2:$C$1000,C$1,'20260414'!$E$2:$E$1000,$A45)+COUNTIFS('20260414'!$C$2:$C$1000,C$1,'20260414'!$E$2:$E$1000,SUBSTITUTE($A45," "," "))+COUNTIFS('20260415'!$C$2:$C$1000,C$1,'20260415'!$E$2:$E$1000,$A45)+COUNTIFS('20260415'!$C$2:$C$1000,C$1,'20260415'!$E$2:$E$1000,SUBSTITUTE($A45," "," "))+COUNTIFS('20260416'!$C$2:$C$1000,C$1,'20260416'!$E$2:$E$1000,$A45)+COUNTIFS('20260416'!$C$2:$C$1000,C$1,'20260416'!$E$2:$E$1000,SUBSTITUTE($A45," "," "))+COUNTIFS('20260417'!$C$2:$C$1000,C$1,'20260417'!$E$2:$E$1000,$A45)+COUNTIFS('20260417'!$C$2:$C$1000,C$1,'20260417'!$E$2:$E$1000,SUBSTITUTE($A45," "," "))+COUNTIFS('20260420'!$C$2:$C$1000,C$1,'20260420'!$E$2:$E$1000,$A45)+COUNTIFS('20260420'!$C$2:$C$1000,C$1,'20260420'!$E$2:$E$1000,SUBSTITUTE($A45," "," "))+COUNTIFS('20260421'!$C$2:$C$1000,C$1,'20260421'!$E$2:$E$1000,$A45)+COUNTIFS('20260421'!$C$2:$C$1000,C$1,'20260421'!$E$2:$E$1000,SUBSTITUTE($A45," "," "))+COUNTIFS('20260422'!$C$2:$C$1000,C$1,'20260422'!$E$2:$E$1000,$A45)+COUNTIFS('20260422'!$C$2:$C$1000,C$1,'20260422'!$E$2:$E$1000,SUBSTITUTE($A45," "," "))+COUNTIFS('20260423'!$C$2:$C$1000,C$1,'20260423'!$E$2:$E$1000,$A45)+COUNTIFS('20260423'!$C$2:$C$1000,C$1,'20260423'!$E$2:$E$1000,SUBSTITUTE($A45," "," "))+COUNTIFS('20260424'!$C$2:$C$1000,C$1,'20260424'!$E$2:$E$1000,$A45)+COUNTIFS('20260424'!$C$2:$C$1000,C$1,'20260424'!$E$2:$E$1000,SUBSTITUTE($A45," "," "))+COUNTIFS('20260427'!$C$2:$C$1000,C$1,'20260427'!$E$2:$E$1000,$A45)+COUNTIFS('20260427'!$C$2:$C$1000,C$1,'20260427'!$E$2:$E$1000,SUBSTITUTE($A45," "," "))+COUNTIFS('20260428'!$C$2:$C$1000,C$1,'20260428'!$E$2:$E$1000,$A45)+COUNTIFS('20260428'!$C$2:$C$1000,C$1,'20260428'!$E$2:$E$1000,SUBSTITUTE($A45," "," "))+COUNTIFS('20260430'!$C$2:$C$1000,C$1,'20260430'!$E$2:$E$1000,$A45)+COUNTIFS('20260430'!$C$2:$C$1000,C$1,'20260430'!$E$2:$E$1000,SUBSTITUTE($A45," "," ")) | D45: =COUNTIFS('20260401'!$C$2:$C$1000,D$1,'20260401'!$E$2:$E$1000,$A45)+COUNTIFS('20260401'!$C$2:$C$1000,D$1,'20260401'!$E$2:$E$1000,SUBSTITUTE($A45," "," "))+COUNTIFS('20260402'!$C$2:$C$1000,D$1,'20260402'!$E$2:$E$1000,$A45)+COUNTIFS('20260402'!$C$2:$C$1000,D$1,'20260402'!$E$2:$E$1000,SUBSTITUTE($A45," "," "))+COUNTIFS('20260403'!$C$2:$C$1000,D$1,'20260403'!$E$2:$E$1000,$A45)+COUNTIFS('20260403'!$C$2:$C$1000,D$1,'20260403'!$E$2:$E$1000,SUBSTITUTE($A45," "," "))+COUNTIFS('20260406'!$C$2:$C$1000,D$1,'20260406'!$E$2:$E$1000,$A45)+COUNTIFS('20260406'!$C$2:$C$1000,D$1,'20260406'!$E$2:$E$1000,SUBSTITUTE($A45," "," "))+COUNTIFS('20260407'!$C$2:$C$1000,D$1,'20260407'!$E$2:$E$1000,$A45)+COUNTIFS('20260407'!$C$2:$C$1000,D$1,'20260407'!$E$2:$E$1000,SUBSTITUTE($A45," "," "))+COUNTIFS('20260408'!$C$2:$C$1000,D$1,'20260408'!$E$2:$E$1000,$A45)+COUNTIFS('20260408'!$C$2:$C$1000,D$1,'20260408'!$E$2:$E$1000,SUBSTITUTE($A45," "," "))+COUNTIFS('20260409'!$C$2:$C$1000,D$1,'20260409'!$E$2:$E$1000,$A45)+COUNTIFS('20260409'!$C$2:$C$1000,D$1,'20260409'!$E$2:$E$1000,SUBSTITUTE($A45," "," "))+COUNTIFS('20260410'!$C$2:$C$1000,D$1,'20260410'!$E$2:$E$1000,$A45)+COUNTIFS('20260410'!$C$2:$C$1000,D$1,'20260410'!$E$2:$E$1000,SUBSTITUTE($A45," "," "))+COUNTIFS('20260413'!$C$2:$C$1000,D$1,'20260413'!$E$2:$E$1000,$A45)+COUNTIFS('20260413'!$C$2:$C$1000,D$1,'20260413'!$E$2:$E$1000,SUBSTITUTE($A45," "," "))+COUNTIFS('20260414'!$C$2:$C$1000,D$1,'20260414'!$E$2:$E$1000,$A45)+COUNTIFS('20260414'!$C$2:$C$1000,D$1,'20260414'!$E$2:$E$1000,SUBSTITUTE($A45," "," "))+COUNTIFS('20260415'!$C$2:$C$1000,D$1,'20260415'!$E$2:$E$1000,$A45)+COUNTIFS('20260415'!$C$2:$C$1000,D$1,'20260415'!$E$2:$E$1000,SUBSTITUTE($A45," "," "))+COUNTIFS('20260416'!$C$2:$C$1000,D$1,'20260416'!$E$2:$E$1000,$A45)+COUNTIFS('20260416'!$C$2:$C$1000,D$1,'20260416'!$E$2:$E$1000,SUBSTITUTE($A45," "," "))+COUNTIFS('20260417'!$C$2:$C$1000,D$1,'20260417'!$E$2:$E$1000,$A45)+COUNTIFS('20260417'!$C$2:$C$1000,D$1,'20260417'!$E$2:$E$1000,SUBSTITUTE($A45," "," "))+COUNTIFS('20260420'!$C$2:$C$1000,D$1,'20260420'!$E$2:$E$1000,$A45)+COUNTIFS('20260420'!$C$2:$C$1000,D$1,'20260420'!$E$2:$E$1000,SUBSTITUTE($A45," "," "))+COUNTIFS('20260421'!$C$2:$C$1000,D$1,'20260421'!$E$2:$E$1000,$A45)+COUNTIFS('20260421'!$C$2:$C$1000,D$1,'20260421'!$E$2:$E$1000,SUBSTITUTE($A45," "," "))+COUNTIFS('20260422'!$C$2:$C$1000,D$1,'20260422'!$E$2:$E$1000,$A45)+COUNTIFS('20260422'!$C$2:$C$1000,D$1,'20260422'!$E$2:$E$1000,SUBSTITUTE($A45," "," "))+COUNTIFS('20260423'!$C$2:$C$1000,D$1,'20260423'!$E$2:$E$1000,$A45)+COUNTIFS('20260423'!$C$2:$C$1000,D$1,'20260423'!$E$2:$E$1000,SUBSTITUTE($A45," "," "))+COUNTIFS('20260424'!$C$2:$C$1000,D$1,'20260424'!$E$2:$E$1000,$A45)+COUNTIFS('20260424'!$C$2:$C$1000,D$1,'20260424'!$E$2:$E$1000,SUBSTITUTE($A45," "," "))+COUNTIFS('20260427'!$C$2:$C$1000,D$1,'20260427'!$E$2:$E$1000,$A45)+COUNTIFS('20260427'!$C$2:$C$1000,D$1,'20260427'!$E$2:$E$1000,SUBSTITUTE($A45," "," "))+COUNTIFS('20260428'!$C$2:$C$1000,D$1,'20260428'!$E$2:$E$1000,$A45)+COUNTIFS('20260428'!$C$2:$C$1000,D$1,'20260428'!$E$2:$E$1000,SUBSTITUTE($A45," "," "))+COUNTIFS('20260430'!$C$2:$C$1000,D$1,'20260430'!$E$2:$E$1000,$A45)+COUNTIFS('20260430'!$C$2:$C$1000,D$1,'20260430'!$E$2:$E$1000,SUBSTITUTE($A45," "," ")) | E45: =SUM(B45:D45)
